:020000040800F2
:10000000000002207D270008B9210008BB2100085C
:10001000BD210008BF210008C12100080000000028
:10002000000000000000000000000000518C0008EB
:10003000C321000800000000F18C0008558D000865
:10004000CD270008CD270008CD270008CD270008C0
:10005000CD270008CD270008CD270008CD270008B0
:10006000CD270008CD270008CD270008CD270008A0
:10007000C5210008CD270008D5210008CD2700089C
:10008000CD270008CD270008CD270008CD27000880
:10009000CD270008CD270008CD270008CD27000870
:1000A000CD270008E5210008CD270008CD2700084E
:1000B000CD270008CD270008CD270008CD27000850
:1000C000CD270008CD270008CD270008CD27000840
:1000D000CD270008F5210008CD27000805220008DB
:1000E000CD270008CD270008CD270008CD27000820
:1000F000CD270008CD270008CD270008CD27000810
:10010000CD2700088D220008CD270008CD27000844
:10011000CD270008CD270008CD270008CD270008EF
:10012000CD270008CD270008CD2700089D22000814
:10013000CD270008CD270008CD270008CD270008CF
:10014000CD270008CD270008CD270008AD220008E4
:10015000B9220008C9220008CD270008CD270008D1
:10016000CD270008CD270008CD270008CD2700089F
:10017000CD270008CD270008CD270008000000008B
:08018000CD270008CD2700087F
:1001C00053B94AB9002908BF00281CBF4FF0FF31BE
:1001D0004FF0FF3000F00CB8ADF1080C6DE904CE23
:1001E00039F0DCFCDDF804E0DDE9022304B07047FF
:1001F000704700BF00000000000000000000000089
:1002000002780B78012A28BF9A4240F0D8806DE925
:10021000044540EA0104CDE902676FF0000C4FEAA3
:1002200044721AB380EA010414F0070F6BD100F096
:10023000070420F0070004F0030521F007014FEA4E
:10024000C505F0E8042314F0040FF1E804670CFA84
:1002500005F462EA040266EA04060BD063EA0403CA
:10026000624667EA0407664604E000BFF0E804233C
:10027000F1E8046782FA4CF582EA0604A4FA8CF4E9
:100280006CBB83FA4CF583EA0705A5FA8CF595B9A2
:1002900050E9022351E9026782FA4CF582EA06042A
:1002A000A4FA8CF483FA4CF583EA0705A5FA8CF5D9
:1002B0002543DBD09CB92DBAB5FA85F424F00704A8
:1002C00027FA04F1DDE9026723FA04F303F0FF00E3
:1002D00001F0FF01FDE80445A0EB0100704724BADE
:1002E000B4FA84F424F0070426FA04F1DDE9026785
:1002F00022FA04F202F0FF0001F0FF01FDE80445DC
:10030000A0EB0100704714F0030F3CD110F0030480
:1003100028D150F8082B51F8083B82FA4CF582EAB4
:100320000305A5FA8CF55DB950F8042C51F8043C8E
:1003300082FA4CF582EA0305A5FA8CF5002DE8D087
:100340002DBAB5FA85F424F0070423FA04F122FA51
:1003500004F202F0FF0001F0FF01FDE80445A0EB0C
:10036000010070474FEAC40420F0030050F8082B46
:1003700021F0030151F8083B0CFA04F462EA04028C
:1003800063EA0403C9E710F003041DD0A1EB0401E4
:1003900020F00300E40750F8042B06D012D28B782B
:1003A0005FFAA2F4E41A06D12BB1CB785FFAB2F46B
:1003B000E41A00D133B920465DF8104B7047A2EB28
:1003C0000300704701F1040150F8042BCC0721F021
:1003D000030151F8043B48D824D222F07F4482FA2A
:1003E0004CF594EA1325A5FA8CF50AD165B951F8B4
:1003F000043B84EA0204B4EB036F0ED150F8042BE3
:10040000EBE74FEA132355E035F07F454DD10878EF
:10041000FDE80445C0F1000070474FEA126203F0A6
:10042000FF0347E002EA1C4482FA4CF594EA1345C4
:10043000A5FA8CF50AD165B951F8043B84EA0204A7
:10044000B4EB034F0CD150F8042BEBE74FEA134306
:1004500030E015EA1C4528D10B884FEA124229E00A
:100460004FEA124203EA1C4324E002F0FF0482FA3E
:100470004CF594EA1365A5FA8CF50AD165B951F8E3
:10048000043B84EA0204B4EB032F09D150F8042B97
:10049000EBE74FEA13630DE015F0FF0F05D10B6892
:1004A0004FEA122223F07F4304E04FF00000FDE802
:1004B0000445704712BA1BBA82FA4CF482EA03046C
:1004C000A4FA8CF5B5FA85F402FA04F203FA04F3FF
:1004D0004FEA1260FDE80445A0EB1360704700BFCF
:1004E000844641EA000313F003036DD1403A41D33F
:1004F00051F8043B40F8043B51F8043B40F8043BFE
:1005000051F8043B40F8043B51F8043B40F8043BED
:1005100051F8043B40F8043B51F8043B40F8043BDD
:1005200051F8043B40F8043B51F8043B40F8043BCD
:1005300051F8043B40F8043B51F8043B40F8043BBD
:1005400051F8043B40F8043B51F8043B40F8043BAD
:1005500051F8043B40F8043B51F8043B40F8043B9D
:1005600051F8043B40F8043B51F8043B40F8043B8D
:10057000403ABDD2303211D351F8043B40F8043B2D
:1005800051F8043B40F8043B51F8043B40F8043B6D
:1005900051F8043B40F8043B103AEDD20C3205D33D
:1005A00051F8043B40F8043B043AF9D2043208D035
:1005B000D2071CBF11F8013B00F8013B01D30B88A7
:1005C00003806046704700BF082A13D38B078DD085
:1005D00010F003038AD0C3F10403D21ADB071CBF57
:1005E00011F8013B00F8013B80D331F8023B20F8C1
:1005F000023B7BE7043AD9D3013A11F8013B00F8FA
:10060000013BF9D20B7803704B7843708B78837081
:10061000604670470000000000000000000000007D
:1006200000000000000000000000000000000000CA
:1006300000000000000000000000000000000000BA
:1006400030B490F800F020F007016FF0000C10F0CB
:10065000070491F820F040F048804FF000046FF05C
:100660000700D1E9002391F840F000F1080082FA78
:100670004CF2A4FA8CF283FA4CF3A2FA8CF34BBB43
:10068000D1E9022382FA4CF200F10800A4FA8CF2BC
:1006900083FA4CF3A2FA8CF3E3B9D1E9042382FA8A
:1006A0004CF200F10800A4FA8CF283FA4CF3A2FA9F
:1006B0008CF37BB9D1E9062301F1200182FA4CF2D7
:1006C00000F10800A4FA8CF283FA4CF3A2FA8CF33E
:1006D000002BC6D0002A04BF04301A4612BAB2FA60
:1006E00082F200EBD20030BC7047D1E9002304F065
:1006F0000305C4F100004FEAC50514F0040F91F89A
:1007000040F00CFA05F562EA05021CBF63EA050336
:1007100062464FF00004AAE700000000000000005D
:1007200001F0FF01102A2BDB10F0070F08D010F8A2
:10073000013B013A8B422DD010F0070F42B3F6D1A6
:10074000F0B441EA012141EA014122F007047FF0BF
:1007500000070023F0E80256083C85EA010586EA16
:10076000010685FA47F5A3FA87F586FA47F6A5FA52
:1007700087F68EB9EED1F0BC01F0FF0102F007025E
:1007800032B110F8013B013A83EA010313B1F8D109
:100790000020704701387047002D06BF35460338EA
:1007A000073815F0010F07D1013015F4807F02BF23
:1007B000013015F4C03F0130F0BC0138704700BF74
:1007C00081F0004102E000BF83F0004330B54FEA02
:1007D00041044FEA430594EA050F08BF90EA020F6F
:1007E0001FBF54EA000C55EA020C7FEA645C7FEA02
:1007F000655C00F0E2804FEA5454D4EB5555B8BF25
:100800006D420CDD2C4480EA020281EA030382EA95
:10081000000083EA010180EA020281EA0303362D27
:1008200088BF30BD11F0004F4FEA01314FF4801CFA
:100830004CEA113102D0404261EB410113F0004F0C
:100840004FEA03334CEA133302D0524263EB4303C3
:1008500094EA050F00F0A780A4F10104D5F1200E61
:100860000DDB02FA0EFC22FA05F2801841F10001BC
:1008700003FA0EF2801843FA05F359410EE0A5F190
:1008800020050EF1200E012A03FA0EFC28BF4CF0C1
:10089000020C43FA05F3C01851EBE37101F0004577
:1008A00007D54FF0000EDCF1000C7EEB00006EEB84
:1008B0000101B1F5801F1BD3B1F5001F0CD349080E
:1008C0005FEA30004FEA3C0C04F101044FEA445265
:1008D00012F5800F80F09A80BCF1004F08BF5FEAEC
:1008E000500C50F1000041EB045141EA050130BDCC
:1008F0005FEA4C0C404141EB0101013C28BFB1F5DE
:10090000801FE9D291F0000F04BF01460020B1FA28
:1009100081F308BF2033A3F10B03B3F120020CDAFB
:100920000C3208DD02F1140CC2F10C0201FA0CF0D9
:1009300021FA02F10CE002F11402D8BFC2F1200C3E
:1009400001FA02F120FA0CFCDCBF41EA0C019040F4
:10095000E41AA2BF01EB0451294330BD6FEA04043D
:100960001F3C1CDA0C340EDC04F11404C4F1200228
:1009700020FA04F001FA02F340EA030021FA04F33A
:1009800045EA030130BDC4F10C04C4F1200220FA91
:1009900002F001FA04F340EA0300294630BD21FACF
:1009A00004F0294630BD94F0000F83F4801306BF95
:1009B00081F480110134013D4EE77FEA645C18BF89
:1009C0007FEA655C29D094EA050F08BF90EA020F20
:1009D00005D054EA000C04BF1946104630BD91EA18
:1009E000030F1EBF0021002030BD5FEA545C05D11B
:1009F0004000494128BF41F0004130BD14F580045A
:100A00003CBF01F5801130BD01F0004545F0FE41CD
:100A100041F470014FF0000030BD7FEA645C1ABF02
:100A2000194610467FEA655C1CBF0B46024650EA39
:100A3000013406BF52EA033591EA030F41F4002165
:100A400030BD00BF90F0000F04BF0021704730B5EB
:100A50004FF4806404F132044FF000054FF00001C0
:100A600050E700BF90F0000F04BF0021704730B581
:100A70004FF4806404F1320410F0004548BF404256
:100A80004FF000013EE700BF42004FEAE2014FEAAB
:100A900031014FEA02701FBF12F07F4393F07F4F86
:100AA00081F06051704732F07F4208BF704793F089
:100AB0007F4F04BF41F40021704730B54FF460749C
:100AC00001F0004521F000411CE700BF50EA01029F
:100AD00008BF704730B54FF000050AE050EA010248
:100AE00008BF704730B511F0004502D5404261EBB8
:100AF00041014FF4806404F132045FEA915C3FF4F9
:100B0000D8AE4FF003025FEADC0C18BF03325FEA95
:100B1000DC0C18BF033202EBDC02C2F1200300FA46
:100B200003FC20FA02F001FA03FE40EA0E0021FA6B
:100B300002F11444BDE600BF70B54FF0FF0C4CF459
:100B4000E06C1CEA11541DBF1CEA135594EA0C0F0B
:100B500095EA0C0F00F0DEF82C4481EA030621EA46
:100B60004C5123EA4C5350EA013518BF52EA033581
:100B700041F4801143F4801338D0A0FB02CE4FF033
:100B80000005E1FB02E506F00042E0FB03E54FF063
:100B90000006E1FB03569CF0000F18BF4EF0010E5B
:100BA000A4F1FF04B6F5007F64F5407404D25FEA57
:100BB0004E0E6D4146EB060642EAC62141EA55510A
:100BC0004FEAC52040EA5E504FEACE2EB4F1FD0C4C
:100BD00088BFBCF5E06F1ED8BEF1004F08BF5FEACA
:100BE000500E50F1000041EB045170BD06F000467C
:100BF00046EA010140EA020081EA0301B4EB5C0429
:100C0000C2BFD4EB0C0541EA045170BD41F4801120
:100C10004FF0000E013C00F3AB8014F1360FDEBF45
:100C2000002001F0004170BDC4F10004203C35DA21
:100C30000C341BDC04F11404C4F1200500FA05F3A4
:100C400020FA04F001FA05F240EA020001F0004245
:100C500021F0004110EBD37021FA04F642EB0601BB
:100C60005EEA430E08BF20EAD37070BDC4F10C04E5
:100C7000C4F1200500FA04F320FA05F001FA04F2A9
:100C800040EA020001F0004110EBD37041F1000195
:100C90005EEA430E08BF20EAD37070BDC4F12005A0
:100CA00000FA05F24EEA020E20FA04F301FA05F208
:100CB00043EA020321FA04F001F0004121FA04F2B0
:100CC00020EA020000EBD3705EEA430E08BF20EA80
:100CD000D37070BD94F0000F0FD101F000464000BA
:100CE00041EB010111F4801F08BF013CF7D041EA3C
:100CF000060195F0000F18BF704703F00046520040
:100D000043EB030313F4801F08BF013DF7D043EA10
:100D10000603704794EA0C0F0CEA135518BF95EAC6
:100D20000C0F0CD050EA410618BF52EA4306D1D14D
:100D300081EA030101F000414FF0000070BD50EA6C
:100D4000410606BF1046194652EA430619D094EAF6
:100D50000C0F02D150EA013613D195EA0C0F05D1E0
:100D600052EA03361CBF104619460AD181EA030134
:100D700001F0004141F0FE4141F470014FF00000EC
:100D800070BD41F0FE4141F4780170BD70B54FF087
:100D9000FF0C4CF4E06C1CEA11541DBF1CEA135507
:100DA00094EA0C0F95EA0C0F00F0A7F8A4EB0504E9
:100DB00081EA030E52EA03354FEA013100F08880E0
:100DC0004FEA03334FF0805545EA131343EA1263A9
:100DD0004FEA022245EA111545EA10654FEA00265E
:100DE0000EF000419D4208BF964244F1FD0404F517
:100DF000407402D25B084FEA3202B61A65EB030573
:100E00005B084FEA32024FF480104FF4002CB6EB2F
:100E1000020E75EB030E22BFB61A754640EA0C00AF
:100E20005B084FEA3202B6EB020E75EB030E22BFEF
:100E3000B61A754640EA5C005B084FEA3202B6EB30
:100E4000020E75EB030E22BFB61A754640EA9C00EF
:100E50005B084FEA3202B6EB020E75EB030E22BFBF
:100E6000B61A754640EADC0055EA060E18D04FEA7D
:100E7000051545EA16754FEA06164FEAC30343EA1D
:100E800052734FEAC2025FEA1C1CC0D111F4801FEA
:100E90000BD141EA00014FF000004FF0004CB6E7E3
:100EA00011F4801F04BF01430020B4F1FD0C88BF82
:100EB000BCF5E06F3FF6AFAEB5EB030C04BFB6EB8D
:100EC000020C5FEA500C50F1000041EB045170BD80
:100ED0000EF0004E4EEA113114EB5C04C2BFD4EBAD
:100EE0000C0541EA045170BD41F480114FF0000E31
:100EF000013C90E645EA060E8DE60CEA135594EAAD
:100F00000C0F08BF95EA0C0F3FF43BAF94EA0C0FAF
:100F10000AD150EA01347FF434AF95EA0C0F7FF424
:100F200025AF104619462CE795EA0C0F06D152EA78
:100F300003353FF4FDAE1046194622E750EA41065C
:100F400018BF52EA43067FF4C5AE50EA41047FF46D
:100F50000DAF52EA43057FF4EBAE12E74FF0FF3CD2
:100F600006E000BF4FF0010C02E000BF4FF0010CA3
:100F70004DF804CD4FEA410C7FEA6C5C4FEA430C1C
:100F800018BF7FEA6C5C1BD001B050EA410C0CBF6B
:100F900052EA430C91EA030F02BF90EA020F0020CD
:100FA000704710F1000F91EA030F58BF994208BF34
:100FB00090422CBFD8176FEAE37040F001007047F1
:100FC0004FEA410C7FEA6C5C02D150EA013C07D148
:100FD0004FEA430C7FEA6C5CD6D152EA033CD3D093
:100FE0005DF8040B704700BF8446104662468C468D
:100FF0001946634600E000BF01B5FFF7B7FF0028C0
:1010000048BF10F1000F01BD4DF808EDFFF7F4FFE8
:101010000CBF012000205DF808FB00BF4DF808ED73
:10102000FFF7EAFF34BF012000205DF808FB00BF96
:101030004DF808EDFFF7E0FF94BF012000205DF8B8
:1010400008FB00BF4DF808EDFFF7CEFF94BF01206D
:1010500000205DF808FB00BF4DF808EDFFF7C4FF66
:1010600034BF012000205DF808FB00BF4FEA410CAF
:101070007FEA6C5C02D150EA013C0AD14FEA430C92
:101080007FEA6C5C02D152EA033C02D14FF00000CF
:1010900070474FF0010070474FEA410212F500120D
:1010A00015D211D56FF47873B3EB625212D94FEAAF
:1010B000C12343F0004343EA505311F0004F23FA99
:1010C00002F018BF404270474FF00000704750EAEE
:1010D000013005D111F0004008BF6FF000407047AB
:1010E0004FF00000704700BF0348044B834202D01A
:1010F000034B03B118477047000A0020000A002084
:10110000000000000548064B1B1AD90F01EBA30194
:10111000491002D0034B03B118477047000A002062
:10112000000A00200000000010B5064C237843B9E7
:10113000FFF7DAFF044B13B10448AFF3008001233B
:10114000237010BDC035002000000000D423040827
:1011500008B5054B1BB105490548AFF30080BDE854
:101160000840FFF7CFBF00BF00000000C4350020DB
:10117000D423040800230B4A13800B4A13800B4A24
:1011800013800B4A138001220A490A700A490B8016
:101190000A490B800A490B800A490B800A4B1A70D6
:1011A000704700BF563600205436002052360020CB
:1011B000503600204E3600204C3600204A360020A3
:1011C00048360020463600204436002008B51C4B27
:1011D0001B889BB29B011B4AD35C072B1DD0184A6E
:1011E00013889BB201339BB2138013889BB2082BE8
:1011F00017D0154A13889BB201339BB21380124B50
:101200001B889BB2114A128892B29B1A9BB2082B80
:101210000BD10F4B01221A7008BD0E4B01221A7020
:10122000EDE7134600221A80E3E7054B1A8892B2D5
:101230004023044901EB821201210AF0CFFFEBE7C2
:101240005636002000200020523600205036002064
:101250004E36002081C50020012912D010B5044669
:1012600007290DD10B4B00221A7040230A4A012195
:101270000AF0B4FF4023094A022120460AF0AEFFDB
:1012800010BD0023064A1370064A1370064A1370F5
:10129000704700BF303600200020002000220020D0
:1012A000864600208546002084460020164B1A887A
:1012B00092B2164B1B889BB29A4203D1144B012267
:1012C0001A70704710B5134C228892B223889BB2D3
:1012D000114931F81330114901EB821281210AF0D2
:1012E000ADFE23889BB201339BB2238023889BB23F
:1012F000082B06D0054A13889BB201339BB213809A
:1013000010BD00222280F5E7483600204636002036
:10131000443600204A36002034360020001E0020CB
:1013200038B504460A4D0B49284609F017FA2846F5
:1013300009F00DFA3F2803D8074B01221A7038BD77
:101340004023044A022120460AF048FFF7E700BF85
:1013500064360020002200208646002070B582B04E
:10136000054614461146144809F041FA14F03F0F9F
:1013700000D144B9104809F0E6F958B90F4B0122E1
:101380001A7002B070BD00231A46822128460AF066
:1013900055FEF6E701A9084809F011FA0146019E39
:1013A000074C32462046FFF79BF8334622468221FF
:1013B00028460AF043FEE4E7743600208546002004
:1013C0008436002038B504460D464FF48052224939
:1013D000224809F09BF94FF480622149214809F025
:1013E00095F90EF09DF9FFF7C5FE1F4920460AF05A
:1013F00043F81E4920460AF06BF81D4920460AF0C2
:101400005DF81C4920460AF06DF81B4920460AF099
:1014100083F81A4920460AF07FF81949204609F056
:10142000EBF9014620460AF05DF81649204609F01E
:10143000E3F9014620460AF055F8134920460AF020
:101440006BF8124920460AF067F8114A29462046EF
:101450000AF09AF838BD00BF000A00207436002058
:10146000001A002064360020B02404080000002088
:101470000800002014360020280000202000002052
:10148000F8350020DC350020180000201000002076
:101490005912000838B573E04C4A12889A014C4939
:1014A0008A5C7E2A08D19A0149497F2088540133F9
:1014B000082BF1D10023EFE7464C23889BB2464D21
:1014C0002A8892B2454901EB8211414800EB831012
:1014D0000CF017FC2B889BB2414A22F8130023889A
:1014E0009BB201339BB2238023889BB2082B53D03D
:1014F0003C4A13889BB201339BB213803A4B1B7852
:1015000043B13A4B1B889BB2128892B29B1A9BB292
:10151000082B44D1304A13889BB201339BB213800D
:1015200013889BB2082B48D0314A13889BB20133F1
:101530009BB213802F4B1B7813B3128892B22E4BA1
:101540001B889BB29A421BD02C4B1A8892B2511C1A
:1015500089B219801B889BB2082B32D026490B8890
:101560009BB201339BB20B800020224B18701C4BA6
:1015700033F81230194901EB821281210AF05EFD25
:101580001A4B1A8892B2174B1B889BB29A421CD0F6
:10159000104B1B889BB281E700222280A8E7002025
:1015A000114B1870094B1A8892B24023084901EB7D
:1015B000821201210AF012FEACE7134600221A80C3
:1015C000B2E70E4B00211980C8E738BD563600201F
:1015D00000200020543600204C360020001E002041
:1015E00034360020503600204E360020523600207F
:1015F0004836002044360020463600204A36002077
:10160000064B106818609188927999809A71044B02
:1016100001221A70034B00221A7070475C360020BA
:101620005936002058360020034B186810609988FE
:101630009B799180937170475C3600207047000061
:1016400010B582B0019001460A4C204609F0CFF84F
:10165000204609F078F820B9074B01221A7002B031
:1016600010BD01A9204609F0AAF8BDF80410FFF743
:10167000E5FFF4E7643600208446002070B582B0B0
:101680002C4B1B7873B92C4B1B784BB12B4B1B7815
:10169000B3B92B4B1B786BBB2A4B1B78002B3AD171
:1016A00002B070BD234B00221A70274801F002F8E7
:1016B0000123224A1370224A13701F4A1370E2E773
:1016C000224809F040F80028E3D000241B4B1C708E
:1016D00001A91E4809F073F80146019E1C4D3246CF
:1016E0002846FEF7FDFE33462A46822120460AF0B0
:1016F000A5FCCEE7174809F026F80028CCD0104BFF
:1017000000221A7001A9134809F059F8BDF8041015
:1017100001F016F8C0E70F4809F019F83F28BFD9C3
:101720000020084B187040230B4A02210AF056FD96
:10173000B6E700BF59360020583600208546002005
:1017400084460020864600205C3600207436002047
:1017500084360020643600200022002010B582B0BC
:10176000002400941E4B1A6B42F400121A631A6B89
:1017700002F400120092009A01941A6B42F4800263
:101780001A631B6B03F480030193019B2246022121
:101790000C2001F041FC0C2001F04EFC22460221FD
:1017A0000E2001F039FC0E2001F046FC22460721F4
:1017B0003B2001F031FC3B2001F03EFC224602219F
:1017C000442001F029FC442001F036FC2246072188
:1017D000452001F021FC452001F02EFC02B010BD97
:1017E0000038024008B50D4B1B78DBB2012B00D04E
:1017F00008BD0B480EF08EFA0028F9D1084B1B6883
:10180000084A1268934202D0064A1360F0E7054B7B
:1018100000221A600EF0BCFAEAE700BF8C4C0020F0
:10182000A0460020904C002008B5FFF733FEFFF7DC
:1018300025FF08F005FC064BA3FB00235B094FF4D2
:10184000967202FB1303002BEFD1FFF7CBFFECE7FF
:10185000B5814E1B08B54FF40051044801F057FF05
:101860004FF4FA6007F03BF8F5E700BF00080240CC
:1018700038B503220021012007F0B8FD1B4C206081
:1018800038F06EF923681BB1194838F005FF09E0FC
:10189000184838F001FF38BD174838F0FDFE012028
:1018A00007F01DF84FF0FF31104B186807F0F5FFF7
:1018B000124838F0F1FE124D2946124838F08AFEDF
:1018C000114C2146114838F085FE642007F007F8D6
:1018D000284637F0D3FE204637F01AFFB0F1FF3F1D
:1018E000DAD00B4838F0D8FED9E700BF884C00208A
:1018F00090260408AC26040820270408C8260408FB
:101900002C020020E42604082C01002000270408F3
:101910003427040808B50B4B1B78DBB2012B00D031
:1019200008BD094909480EF005F80028F8D0064B13
:101930001B6803F4E0630649194304480EF038F8C5
:10194000EEE700BF8C4C0020A44600200CED00E028
:101950000400FA05034B0360034B0B608023136004
:10196000704700BFE04A0020DC48002010B59CB062
:101970004FF0A0410020FFF725FDA82000F0CAF994
:10198000244C0DF1540CA646BEE80F00ACE80F0045
:101990009EE807008CE80700002115A806F06CFF00
:1019A0001D4B18600DF1380C04F11C0EBEE80F0041
:1019B000ACE80F009EE807008CE8070000210EA8A5
:1019C00006F05AFF154B18600DF11C0C04F1380E8F
:1019D000BEE80F00ACE80F009EE807008CE80700A7
:1019E000002107A806F048FF0D4B1860EE4604F1F1
:1019F000540CBCE80F00AEE80F009CE807008EE82E
:101A000007000021684606F037FF064B18601CB03F
:101A100010BD00BFF0230408844C0020804C00203F
:101A20007C4C0020784C002030B585B00023019319
:101A30000293ADF80C30204B1A88204B1B889A4239
:101A400017D11D4B9B7D1D4A917D8B421CD11422C9
:101A50001B491C4839F02AF840BB184D164C286821
:101A60006968AA68EB680FC42869696903C405B08E
:101A700030BD154A0A2101A838F016FE01A9134B02
:101A8000186832F0ABFBDCE70122114B18682FF02D
:101A9000C5FE0A4B9B7D0F4A0A2101A838F004FEBF
:101AA00001A90D4B186832F099FBD0E704490B4BA4
:101AB000186832F093FBD0E78846002088AB0120FD
:101AC0008AAB01208A460020005C0408ECC6002096
:101AD000E0C6002048270408DCC60020E4C6002039
:101AE00008B501220649074806F05AF820B1014618
:101AF000054838F06FFD08BD044838F0CDFDFAE721
:101B00004C270408A846002050270408642704082E
:101B100008B500F05DFE00F075FE12F08FFA0EF0D1
:101B200031FF0EF08FFF084B1B6800209847FFF72E
:101B3000D7FF0EF0BDFE2CF093FFFFF775FF0120DD
:101B400006F0CDFEF7E700BF445E04082DE9F04340
:101B50008DB000240794089409940A940B9401947E
:101B6000494B1A6B42F010021A631A6B02F0100212
:101B70000192019A02941A6B42F004021A631A6BE2
:101B800002F004020292029A03941A6B42F080025D
:101B90001A631A6B02F080020392039A04941A6B80
:101BA00042F001021A631A6B02F001020492049AD5
:101BB00005941A6B42F002021A631A6B02F00202D9
:101BC0000592059A06941A6B42F008021A631B6B81
:101BD00003F008030693069BDFF8B8900122042166
:101BE000484601F08EFDDFF8B08001224FF400512D
:101BF000404601F086FD254F01224FF440713846E2
:101C000001F07FFD22464FF48061384601F079FDF6
:101C10001F4E01222021304601F073FD042307935B
:101C20000125089509950A9407A9484601F06CFC1E
:101C30004FF400530793089509950A9407A9404665
:101C400001F062FC4FF4E0630793089509940A944D
:101C500007A9384601F058FC2023079308950994FA
:101C60000A9407A9304601F04FFC4FF480730793A4
:101C70004FF488130893099407A9304601F044FCF7
:101C80000DB0BDE8F08300BF003802400000024004
:101C900000040240001002400008024030B589B044
:101CA0000024039404940594069407940194174D1A
:101CB0002B6B43F001032B632B6B03F001030193A8
:101CC000019B4FF4C0530393022304930323069311
:101CD0000A23079303A90E4801F016FC6B6B43F02F
:101CE00080036B6302946B6C43F480436B646B6C96
:101CF00003F480430293029B22462146432001F0D5
:101D00008BF9432001F098F909B030BD003802404A
:101D100000000240014B1860704700BF944C002047
:101D200010B44FF0E02254690C4B1B6800FB03FC1D
:101D30009369002104E0E01A02441144614509D28C
:101D40001A464FF0E0239B699A42FAD0F3D9D21A8F
:101D50001144F3E75DF8044B704700BF944C00203A
:101D600008B50268034B9A4200D008BD01F0DAF8CA
:101D7000FBE700BF0000014072B6FEE700B595B07A
:101D80003022002108A838F0D7FD002303930493E4
:101D90000593069307930193204A116C41F08051FB
:101DA0001164126C02F080520192019A02931C4B52
:101DB0001A6842F480421A601B6803F4804302935D
:101DC000029B012308934FF48033099302230E935F
:101DD0004FF480020F9204221092A82211921293C3
:101DE0000723139308A801F09BFC98B90F230393D2
:101DF00002230493002305934FF4A05306934FF45A
:101E000080530793052103A801F0F4FE20B915B013
:101E10005DF804FBFFF7B0FFFFF7AEFF00380240AC
:101E20000070004008B501F063F8FFF7A7FFFFF767
:101E30008DFEFFF793FC00F03DFB00F055FB00F03A
:101E4000D5F800F0F5FA00F009F804F0D5FC04F03C
:101E500023FDFFF78BFD06F0F7FCFEE7054B064A76
:101E60001A6000225A609A60DA601A615A6102228E
:101E70009A617047584D0020002C01402DE9F04335
:101E800089B0002303930493059306930793026894
:101E90004F4B9A4202D009B0BDE8F08304460025BA
:101EA000009503F586335A6C42F400625A645A6C0A
:101EB00002F400620092009A01951A6B42F004024B
:101EC0001A631A6B02F004020192019A02951A6BCE
:101ED00042F008021A631B6B03F008030293029B93
:101EE0004FF4F85303934FF00209CDF810900326F6
:101EF00006964FF00C08CDF81C800DEB0801354814
:101F000001F002FB04270397CDF810900595069683
:101F1000CDF81C800DEB08012F4801F0F5FA2F4891
:101F20002F4B03604FF0006343608560C5604FF442
:101F3000806303614FF4805343614FF480438361B6
:101F40002023C3610562476286624FF40003C362C7
:101F50004FF40013036301F0EFF8002831D11F4B59
:101F600023649C631F48204B03604FF00063436071
:101F7000402383600023C3604FF4806202614FF40A
:101F8000805242614FF4804282612022C26103622A
:101F900004234362032383624FF40003C3624FF4BC
:101FA0000013036301F0C8F870B90E4BE3639C6340
:101FB00000220521312001F02FF8312001F03CF8FA
:101FC00069E7FFF7D9FECAE7FFF7D6FEEDE700BFE6
:101FD000002C014000080240000C0240F84C002098
:101FE00058640240984C0020A064024008B50E4896
:101FF0000E4B03604FF48273436000238360C36021
:10200000036143614FF4007282610822C26103627E
:10201000436283620A23C36202F02CFE00B908BD4A
:10202000FFF7AAFEFBE700BF3C4E00200030014056
:1020300030B589B000230393049305930693079367
:102040000268224B9A4201D009B030BD04460025F7
:10205000019503F584335A6C42F480525A645A6CE9
:1020600002F480520192019A02951A6B42F0010229
:102070001A631B6B03F001030293029BE02303939B
:1020800002230493032306930523079303A910480F
:1020900001F03AFA0F48104B03604FF0C063436001
:1020A00040238360C5604FF48063036145618561AF
:1020B000C5610562456201F03FF818B9054BA3649C
:1020C0009C63C1E7FFF758FEF8E700BF003001400E
:1020D00000000240DC4D00208864024000B583B05F
:1020E000002200920D4B596C41F480415964596CA7
:1020F00001F48041009100990192196C41F08051E6
:1021000019641B6C03F080530193019B0F216FF046
:10211000010000F081FF03B05DF804FB00380240CD
:1021200030B589B00546002401941E4B5A6C42F02C
:1021300001025A645B6C03F001030193019B02A945
:1021400003A801F02DFE01F01BFE4300164AA2FB7E
:1021500003239B0C013B1548154A026040F2E7320D
:10216000C260436004618460846103F0A1F80446A6
:1021700010B1204609B030BD0C4802F035FF0446CE
:102180000028F6D1192000F057FF0F2D01D90124A6
:10219000EFE700222946192000F03EFF054B1D60A5
:1021A000E7E700BF0038024083DE1B43944E002067
:1021B0000000014044000020FEE7FEE7FEE7FEE7E6
:1021C000FEE7704708B5024801F0AEF808BD00BF51
:1021D0008C57002008B5024801F0A6F808BD00BFE2
:1021E0002C57002008B5024802F046FF08BD00BF8A
:1021F000944E002008B5024803F07CFD08BD00BFE6
:102200003458002030B583B01B4C204603F072FDDB
:1022100023681A6812F0100F0DD1174C204603F0F6
:1022200069FD0023019323681A6801925B6801939A
:10223000019B03B030BD002200921A6800925B68D7
:102240000093009B204603F01DFC0C4B1A6853685A
:10225000C3F500630A490B6052680A4DC2F500627B
:102260002946094808F07AFA4FF4006229462046C8
:1022700003F030FFD1E700BFEC5700208C5700205F
:10228000DC4E0020E04E00207436002008B50248E5
:1022900002F05CFB08BD00BF584D002008B50248A5
:1022A00001F042F808BD00BFF84C002008B500203E
:1022B0000AF04EF808BD000008B5024801F034F8F5
:1022C00008BD00BFDC4D002008B5024801F02CF825
:1022D00008BD00BF984C00200120704708B538F0B9
:1022E0004FFF162303604FF0FF3008BD08B54FF0D5
:1022F000FF31FFF7F3FFFEE770B50C4616460025E9
:1023000006E0AFF30080214601F8010B01350C46D1
:10231000B542F6DB304670BD70B50C46164600255A
:1023200004E014F8010B00F0B5F90135B542F8DB13
:10233000304670BD4FF0FF3070474FF400534B6094
:1023400000207047012070470020704710B50346F9
:102350000C4A0D490D48006840B10C480068034420
:10236000521A934206D8094A136010BD0748084C18
:102370000460F2E738F004FF0C2303604FF0FF30F5
:10238000F3E700BF0000022000080000E056002034
:10239000B8AE0120034AD2F8883043F47003C2F883
:1023A0008830704700ED00E00268094B9A4200D087
:1023B000704782B000230193064B1A6C42F0020270
:1023C0001A641B6C03F002030193019B02B0704777
:1023D000000400400038024000B587B0002301939C
:1023E000029303930493059302680E4B9A4202D022
:1023F00007B05DF804FB002300930B4B1A6B42F00F
:1024000004021A631B6B03F004030093009B8023F8
:10241000019302230293059301A9044801F074F883
:10242000E6E700BF00040040003802400008024018
:1024300000B58BB000230893099301930293039393
:1024400004930593069307931848194A026040F2D3
:10245000E73242608360C2600361836102F054FF2F
:10246000D0B900230893099308A9104803F0B0F8E5
:10247000A8B96023019300230293039305930422D8
:102480000DEB0201094802F0A3FF58B90748FFF716
:10249000A3FF0BB05DF804FBFFF76EFCE1E7FFF76D
:1024A0006BFCE6E7FFF768FCF0E700BFE4560020AE
:1024B0000004004008B50A480A4B03604FF4E133BA
:1024C000436000238360C36003610C224261836127
:1024D000C36103F0FEF900B908BDFFF74DFCFBE74F
:1024E000345800200010014008B51048104B03601C
:1024F0004FF4E133436000238360C36003610C2227
:1025000042618361C36103F0E4F958B90748026886
:10251000D36843F01003D3604FF40062054903F021
:10252000D9FD08BDFFF728FCF0E700BFEC570020FD
:10253000004800408058002030B58BB00023059340
:10254000069307930893099303684A4A934205D078
:102550000446494A93422CD00BB030BD002401946C
:10256000464B5A6C42F010025A645A6C02F0100248
:102570000192019A02941A6B42F002021A631B6BD9
:1025800003F002030293029BC023059302250695E4
:10259000032308930723099305A9394800F0B4FFE2
:1025A00022462946252000F037FD252000F044FD75
:1025B000D2E700250395314B1A6C42F480221A644D
:1025C0001A6C02F480220392039A04951A6B42F06B
:1025D00002021A631B6B03F002030493049B4FF483
:1025E000406305930223069303230893072309936B
:1025F00005A9234800F088FF2248234B03604FF0D1
:10260000006343608560C5604FF48063036145618A
:102610008561C5610562456200F08EFD18BB194BEE
:10262000E3639C6319481A4B03604FF000634360F7
:10263000402383600023C3604FF4806202614361E2
:102640008361C3610362436200F076FD70B90F4B92
:10265000A3639C6300220221272000F0DDFC2720D9
:1026600000F0EAFC78E7FFF787FBD8E7FFF784FB89
:10267000EDE700BF00100140004800400038024074
:10268000000402408C570020286002402C57002094
:102690005860024000B583B001904FF6FF730122ED
:1026A00001A9034803F045F9019803B05DF804FB64
:1026B0003458002008B51F4B1F4A1A6002685A6040
:1026C0004379012B1FD0022B22D01A4B00221A6112
:1026D0008279184B9A600379012B1ED0022B20D0EF
:1026E000144B0022DA60134800238361C3610C237A
:1026F000436103F0EEF8C8B94FF400620F490D488A
:1027000003F0E8FC08BD0B4B4FF4C0621A61DFE731
:10271000084B4FF480621A61DAE7064B0022DA6058
:10272000E1E7044B4FF40052DA60DCE7FFF724FBEB
:10273000E2E700BFEC57002000480040805800202E
:1027400010B50C460A460146024803F059F9024BFF
:102750001C6010BDEC5700208060002008B50268A6
:10276000044B9A4200D008BD034B1868FEF768FF7F
:10277000F9E700BF0048004080600020DFF834D057
:10278000FFF708FE0C480D490D4A002302E0D4581B
:10279000C4500433C4188C42F9D30A4A0A4C0023AB
:1027A00001E013600432A242FBD338F0EFFCFFF7E4
:1027B00039FB70470000022000000020000A0020C2
:1027C000882D0508C0350020B4AE0120FEE70000CA
:1027D00008B501224FF48061034800F092FF0348DE
:1027E00000F0FFF908BD00BF0000024034000020E7
:1027F00008B502461521024800F080F908BD00BF67
:102800003400002010B50A4C00224FF480612046AD
:1028100000F077FF0A2000F097FB01224FF480615F
:10282000204600F06EFF642000F08EFB10BD00BF5C
:102830000000024000B585B003AB009304230322DF
:1028400015210F4800F087F99DF80C301B0203F4A6
:1028500070639DF80D201343C3F1F00309490B6029
:102860009DF80E301B0203F470639DF80F200F32A9
:102870001343C3F58C734B6005B05DF804FB00BFD8
:10288000340000208460002008B50220FFF7B0FF6C
:1028900008BD00B587B0002301930293039304930E
:1028A000059303890193012303930223049301A950
:1028B000006800F029FE07B05DF804FB00B587B0A2
:1028C00000230193029303930493059303890193D7
:1028D000112302930223049301A9006800F014FE5F
:1028E00007B05DF804FB29B10268936901890B43C5
:1028F00093617047038902681B049361704729B193
:102900004268936941890B439361704743894268E8
:102910001B049361704708B50189006800F0EAFE66
:10292000012800D0002008BD10B504460121FFF7A2
:10293000DAFF0220FFF7F4F901212046FFF7DFFF5D
:102940000120FFF7EDF900212046FFF7CCFF012021
:10295000FFF7E6F900212046FFF7D1FF0120FFF73E
:10296000DFF910BD10B504460021FFF7C8FF0220B3
:10297000FFF7D6F900212046FFF7B5FF0120FFF74A
:10298000CFF901212046FFF7BAFF0120FFF7C8F970
:1029900001212046FFF7A7FF0120FFF7C1F910BD75
:1029A00070B50546FFF775FF01212846FFF7A7FF21
:1029B00005242846FFF7AFFF064678B1013CA4B2D4
:1029C0000120FFF7ADF9002CF3D12846FFF776FF81
:1029D0002846FFF7C7FF0126304670BD2846FFF79F
:1029E0006DFF00212846FFF78AFF0220FFF798F9C4
:1029F000F2E710B504460021FFF775FF0120FFF74D
:102A00008FF901212046FFF77AFF0120FFF788F9AF
:102A100000212046FFF773FF0120FFF781F910BD69
:102A200010B504460121FFF75EFF0120FFF778F99A
:102A300001212046FFF763FF0120FFF771F9002114
:102A40002046FFF75CFF0220FFF76AF910BD70B562
:102A500006460C4608221BE000213046FFF74FFFD8
:102A60000220FFF75DF904F080013046FFF73BFFDD
:102A70000120FFF755F96400E4B20120FFF750F997
:102A800001213046FFF73BFF0120FFF749F92A46B5
:102A9000531EDDB2002ADFD100213046FFF72FFFA1
:102AA0000220FFF73DF970BD70B50646FFF7F1FE55
:102AB0000024082215E06400E4B200213046FFF74C
:102AC0001EFF0220FFF72CF901213046FFF717FF08
:102AD0000120FFF725F93046FFF71DFF0443E4B25C
:102AE0002A46531EDDB2002AE5D100213046FFF709
:102AF00006FF3046FFF7E2FE204670BD70B5044683
:102B00000D461646FFF710FF6D00EDB22946204630
:102B1000FFF79DFF2046FFF743FF31462046FFF7B2
:102B200096FF2046FFF73CFF2046FFF7FDFE691C9D
:102B3000C9B22046FFF78BFF2046FFF731FF204642
:102B4000FFF7B2FF05462046FFF76AFF2046FFF772
:102B500009FF284670BD2DE9F84305460C4691460D
:102B60001E46089FFFF7E0FE6400E4B221462846B7
:102B7000FFF76DFF2846FFF713FFA0B980464946CF
:102B80002846FFF764FF2846FFF70AFF2846FFF7AD
:102B9000CBFE611CC9B22846FFF759FF2846FFF754
:102BA000FFFE444607E02846FFF7DCFE4FF0010831
:102BB00014E00134E4B2B4420AD22846FFF774FFAD
:102BC0003855731E9C42F4DA2846FFF712FFF0E7EF
:102BD0002846FFF725FF2846FFF7C4FE4046BDE81C
:102BE000F88310B586B00446002301930293039343
:102BF0000493059303890193012302930393022312
:102C0000049301A9006800F07FFC6389019301A986
:102C1000606800F079FC06B010BD10B5141AA3EB83
:102C2000010C0CF1010C04FB0CC400F067F861000E
:102C300089B2029800F00EF810BD0000034B8342E9
:102C400000D07047024B01221A70FAE73C4E002078
:102C50008C60002038B504460D46002220210A4829
:102C600000F04FFD094B00221A702A462146084801
:102C700002F060F8054B1B78002BFBD001222021CD
:102C8000014800F03EFD38BD000402408C60002089
:102C90003C4E002000B583B08DF8070001210DF1F6
:102CA0000700FFF7D7FF03B05DF804FB00B583B062
:102CB000030A8DF804308DF80500022101A8FFF702
:102CC000C9FF03B05DF804FB10B582B08DF80700B2
:102CD000094C00224FF48071204600F012FD0121C2
:102CE0000DF10700FFF7B6FF01224FF48071204677
:102CF00000F007FD02B010BD00000240F8B5074625
:102D00000D4616461C462A20FFF7DEFF3846FFF721
:102D1000CDFF3046FFF7CAFF2B20FFF7D5FF05F1A7
:102D2000140080B2FFF7C2FF04F1140080B2FFF775
:102D3000BDFF2C20FFF7C8FFF8BD0000014B9863D2
:102D4000704700BF0004004010B5674C00224FF4EC
:102D50000071204600F0D5FC642000F0F5F8012257
:102D60004FF40071204600F0CCFC642000F0ECF839
:102D700004215E4802F0AAFB5020FFF7DFFF642029
:102D800000F0E2F81120FFF79FFF782000F0DCF858
:102D90003620FFF799FFC020FFF77CFF3A20FFF7AE
:102DA00093FF0520FFF776FFB220FFF78DFF0C2081
:102DB000FFF770FF0C20FFF76DFF0020FFF76AFFA1
:102DC0003320FFF767FF3320FFF764FFB720FFF7DB
:102DD0007BFF3520FFF75EFFBB20FFF775FF32203A
:102DE000FFF758FFC220FFF76FFF0120FFF752FFE8
:102DF000C320FFF769FF1520FFF74CFFC420FFF742
:102E000063FF2020FFF746FFC620FFF75DFF0F207E
:102E1000FFF740FFD020FFF757FFA420FFF73AFF4E
:102E2000A120FFF737FFE020FFF74EFFD020FFF78C
:102E300031FF0820FFF72EFF0E20FFF72BFF0920A0
:102E4000FFF728FF0920FFF725FF0520FFF722FFE6
:102E50003120FFF71FFF3320FFF71CFF4820FFF74B
:102E600019FF1720FFF716FF1420FFF713FF152097
:102E7000FFF710FF3120FFF70DFF3420FFF70AFFA7
:102E8000E120FFF721FFD020FFF704FF0820FFF724
:102E900001FF0E20FFF7FEFE0920FFF7FBFE0920D1
:102EA000FFF7F8FE1520FFF7F5FE3120FFF7F2FEE1
:102EB0003320FFF7EFFE4820FFF7ECFE1720FFF767
:102EC000E9FE1420FFF7E6FE1520FFF7E3FE3120B0
:102ED000FFF7E0FE3420FFF7DDFE2120FFF7F4FED0
:102EE0002920FFF7F1FE10BD00000240E45600204B
:102EF00008B50B4B1A6842F400721A601A6842F463
:102F000080621A601A6842F480721A60032000F02E
:102F100071F80F20FFF704F9FFF7E0F8002008BD73
:102F2000003C0240034A1168034B1B780B441360BA
:102F3000704700BF9060002040000020014B1868DF
:102F4000704700BF9060002038B50446FFF7F6FFD9
:102F50000546B4F1FF3F02D0044B1B781C44FFF739
:102F6000EDFF401BA042FAD338BD00BF4000002057
:102F7000002807DB00F01F02400901239340024AAA
:102F800042F82030704700BF00E100E0002808DB75
:102F90000901C9B200F1604000F5614080F80013FA
:102FA000704700F00F000901C9B2014B1954704776
:102FB00014ED00E000B500F00700C0F1070CBCF113
:102FC000040F28BF4FF0040C031D062B0FD9C31E9E
:102FD0004FF0FF3E0EFA0CF021EA000199400EFA84
:102FE00003FE22EA0E0241EA02005DF804FB002320
:102FF000EEE70000074AD36823F4E0631B041B0CD0
:10300000000200F4E060034343F0BF6343F4003385
:10301000D360704700ED00E010B50446054BD8685A
:10302000C0F30220FFF7C6FF01462046FFF7AEFFC0
:1030300010BD00BF00ED00E008B5FFF799FF08BD27
:1030400030B405682C6824F480242C600468636024
:103050008368402B05D0036899600368DA6030BC50
:10306000704703689A600368D960F8E710B4036892
:10307000D9B210390A4AA2FB01421209094CA25CDA
:10308000C2655F2907D96FF3090304338365806D37
:103090005DF8044B70476FF309038365F7E700BFE2
:1030A000ABAAAAAA3C5E0408836A826992B9012B82
:1030B0000AD0022B02D00BB100207047C36A13F074
:1030C000807F28D100207047C36AB3F1C07F24D02D
:1030D00000207047B2F5005F09D0022B25D9032BE1
:1030E00025D1C36A13F0807F23D100207047032BC2
:1030F00003D8DFE803F01404140A00207047C36A01
:1031000013F0807F0DD100207047C36AB3F1C07FF8
:1031100009D000207047012070470120704701202E
:103120007047012070470120704701207047002040
:10313000704701207047000070B50446FFF7FEFE9F
:10314000002C5BD00546022384F83530002384F838
:1031500034302268136823F00103136023681A686F
:1031600012F0010F0AD0FFF7E9FE431B052BF5D93A
:1031700020236365032084F8350070BD1A68204958
:1031800011406268A0680243E0680243206902437C
:1031900060690243A0690243E0690243206A024376
:1031A0000A43616A04291ED01A602668756925F0F1
:1031B0000705636A1D43042B07D1A36A1D43E36A15
:1031C0001BB12046FFF770FF90B975612046FFF7ED
:1031D0004DFFE26D3F239340836000206065012333
:1031E00084F83530C9E7E16A206B01430A43DBE725
:1031F00040236365012084F83500BEE70120BCE769
:103200003F8010F038B50446856D90F834000128F1
:103210002BD0012084F8340094F83500C0B2012886
:1032200004D0002384F83430022038BD022084F812
:103230003500002060652046FFF702FFE26D3F2366
:103240009340AB602268136843F016031360236C4D
:1032500023B12268136843F00803136022681368DF
:1032600043F0010313600020DFE70220DDE770B5C3
:103270000446866DFFF762FE94F83530DBB2022B10
:1032800006D080236365002384F83430012070BDAC
:1032900005462268136823F01603136022685369F9
:1032A00023F080035361236CE3B12268136823F099
:1032B000080313602268136823F001031360236876
:1032C0001B6813F0010F11D0FFF738FE431B052BCD
:1032D000F5D920236365032084F83500002384F8A2
:1032E0003430D4E7A36C002BDFD1E3E7E26D3F235A
:1032F0009340B360012384F83530002084F8340013
:10330000C5E790F83530DBB2022B03D0802343654C
:1033100001207047052380F835300268136823F0D8
:103320000103136000207047F0B583B0044600230A
:103330000193724B1D68724BA3FB0535AD0A876D77
:103340003E68C26D08239340334210D003681A6868
:1033500012F0040F0BD01A6822F004021A60C26D3A
:1033600008239340BB60436D43F001034365E26D66
:1033700001239340334209D02268526912F0800F32
:1033800004D0BB60636D43F002036365E26D042308
:103390009340334209D02268126812F0020F04D021
:1033A000BB60636D43F004036365E26D10239340DB
:1033B000334224D02268126812F0080F1FD0BB607D
:1033C00023681A6812F4802F0DD01B6813F4002FA5
:1033D00004D1236C9BB12046984710E0A36C73B1D5
:1033E000204698470BE01A6812F4807F03D11A68D0
:1033F00022F008021A60236C0BB120469847E26D58
:1034000020239340334255D02268126812F0100FE7
:1034100050D0BB6094F83530DBB2052B0ED023685A
:103420001A6812F4802F33D01B6813F4002F2AD1AE
:10343000636C002B3ED0204698473BE0226813681F
:1034400023F0160313602268536923F0800353614D
:10345000236CA3B12268136823F008031360E26DA4
:103460003F239340BB60012384F83530002384F868
:103470003430236D002B3FD0204698473CE0A36CAE
:10348000002BE7D1EBE7E36BA3B12046984711E0AF
:103490001A6812F4807F09D11A6822F010021A60AB
:1034A000012384F83530002384F83430E36B0BB10A
:1034B00020469847636DFBB1636D13F0010F17D081
:1034C000052384F835302268136823F00103136064
:1034D000019B01330193AB4204D823681B6813F0AE
:1034E000010FF5D1012384F83530002384F83430FE
:1034F000E36C0BB12046984703B0F0BD30000020CC
:10350000B5814E1B406D704700230F2B00F2E98000
:1035100070B582B065E085684FEA430E032404FA73
:103520000EF425EA0405CC6804FA0EF42C438460FA
:10353000446824EA02044A68C2F300129A40224313
:1035400042605CE0DC08083450F8242003F00705F2
:10355000AD004FF00F0E0EFA05FE22EA0E0E0A69BC
:10356000AA4042EA0E0240F824205CE0072200E074
:10357000002202FA0EF22A4302345A4D45F8242062
:10358000594A94686FEA0C0224EA0C054E6816F456
:10359000801F01D04CEA0405534CA560E46802EAA0
:1035A00004054E6816F4001F01D04CEA04054E4C89
:1035B000E560646802EA04054E6816F4003F01D035
:1035C0004CEA0405484C6560246822404D6815F4B7
:1035D000803F01D04CEA0402434C226001330F2BA0
:1035E0007DD801229A400C6804EA020C32EA0404F5
:1035F000F4D14C6804F00304013C012C8BD94A68D7
:1036000002F00302032A09D0C4685D000322AA4025
:1036100024EA02048A68AA402243C2604A6802F08F
:103620000302022A8ED004684FEA430E032202FAF4
:103630000EF224EA02044A6802F0030202FA0EF2D1
:10364000224302604A6812F4403FC7D00022019230
:10365000264A546C44F480445464526C02F4804210
:103660000192019A9C08A51C1E4A52F8255003F0AD
:10367000030E4FEA8E0E0F2202FA0EF225EA020521
:103680001B4A90423FF474AF02F5806290421AD018
:1036900002F58062904218D002F58062904216D006
:1036A00002F58062904214D002F58062904212D0FE
:1036B00002F58062904210D002F5806290423FF4A1
:1036C00055AF082255E7012253E7022251E70322B2
:1036D0004FE704224DE705224BE7062249E702B0F7
:1036E00070BD704700380140003C01400038024086
:1036F000000002400369194201D0012070470020F8
:1037000070470AB18161704709048161704743695C
:1037100001EA030221EA030141EA024181617047A3
:10372000002800F0E08170B582B00446036813F011
:10373000010F3BD09F4B9B6803F00C03042B2CD054
:103740009C4B9B6803F00C03082B21D06368B3F5F6
:10375000803F4FD0B3F5A02F52D0964B1A6822F479
:1037600080321A601A6822F480221A606368002B83
:1037700050D0FFF7E3FB05468E4B1B6813F4003F68
:1037800014D1FFF7DBFB401B6428F5D90320B1E11E
:10379000884B5B6813F4800FD8D0864B1B6813F4FA
:1037A000003F03D06368002B00F09F81236813F073
:1037B000020F54D07F4B9B6813F00C0F3ED07D4B13
:1037C0009B6803F00C03082B33D0E368002B68D010
:1037D000794B01221A60FFF7B1FB0546754B1B6858
:1037E00013F0020F54D1FFF7A9FB401B0228F5D9B3
:1037F00003207FE16F4A136843F480331360B5E719
:103800006C4B1A6842F480221A601A6842F48032C3
:103810001A60ABE7FFF792FB0546664B1B6813F493
:10382000003FC3D0FFF78AFB401B6428F5D9032073
:1038300060E1604B5B6813F4800FC6D15D4B1B6881
:1038400013F0020F03D0E368012B40F05081594A76
:10385000136823F0F803216943EAC1031360236866
:1038600013F0080F42D063696BB3534B0122C3F8C6
:10387000802EFFF763FB05464E4B5B6F13F0020F84
:1038800034D1FFF75BFB401B0228F5D9032031E15F
:10389000484A136823F0F803216943EAC10313601F
:1038A000DDE7454B00221A60FFF748FB0546414B18
:1038B0001B6813F0020FD2D0FFF740FB401B022819
:1038C000F5D9032016E13C4B0022C3F8802EFFF708
:1038D00035FB0546374B5B6F13F0020F06D0FFF741
:1038E0002DFB401B0228F5D9032003E1236813F0C8
:1038F000040F77D02F4B1B6C13F0805F33D1002364
:1039000001932C4B1A6C42F080521A641B6C03F02A
:1039100080530193019B0125284B1B6813F4807F82
:1039200023D0A368012B34D0052B38D0214B1A6F3C
:1039300022F001021A671A6F22F004021A67A368C4
:10394000002B3DD0FFF7FAFA06461A4B1B6F13F017
:10395000020F46D1FFF7F2FA801B41F288339842FA
:10396000F3D90320C6E00025D6E7144A136843F4D0
:1039700080731360FFF7E2FA0646104B1B6813F4DE
:10398000807FCED1FFF7DAFA801B0228F5D9032019
:10399000B0E0084A136F43F001031367CFE7054B0C
:1039A0001A6F42F004021A671A6F42F001021A6796
:1039B000C5E700BF003802400000474200700040E9
:1039C000FFF7BCFA0646524B1B6F13F0020F08D0EC
:1039D000FFF7B4FA801B41F288339842F3D90320F1
:1039E00088E0EDB9A369002B00F08380484A926813
:1039F00002F00C02082A51D0022B17D0454B0022AE
:103A00001A66FFF79BFA0446414B1B6813F0007FD0
:103A100042D0FFF793FA001B0228F5D9032069E092
:103A20003B4A136C23F080531364DBE7394B0022CD
:103A30001A66FFF783FA0546354B1B6813F0007FC3
:103A400006D0FFF77BFA401B0228F5D9032051E08E
:103A5000E369226A1343626A43EA8213A26A520844
:103A6000013A43EA0243E26A43EA0263284A5360A6
:103A7000284B01221A66FFF761FA0446244B1B68A3
:103A800013F0007F06D1FFF759FA001B0228F5D981
:103A900003202FE000202DE000202BE0012B2BD075
:103AA0001B4B5B6803F48001E269914226D103F06D
:103AB0003F02216A8A4223D1616A47F6C0721A40E6
:103AC000B2EB811F1ED103F44031A26A5208013AC1
:103AD000B1EB024F18D103F07063E26AB3EB026FEF
:103AE00014D1002006E001207047012002E00120EF
:103AF00000E0002002B070BD0120FBE70120F9E7E3
:103B00000120F7E70120F5E70120F3E70120F1E7C5
:103B1000003802400000474208B5334B9B6803F071
:103B20000C03042B5BD0082B5BD12F4B5A6802F09F
:103B30003F025B6813F4800F2CD02B4B5868C0F306
:103B400088104FEA401CBCEB000C6EEB0E0E4FEAE7
:103B50008E1343EA9C634FEA8C11B1EB0C0163EBCB
:103B60000E03DB0043EA5173C90011EB000C43F173
:103B70000003590200234FEA4C2041EADC51FCF7D4
:103B80001FFB194B5B68C3F3014301335B00B0FBC0
:103B9000F3F008BD144B5868C0F388104FEA401C7E
:103BA000BCEB000C6EEB0E0E4FEA8E1343EA9C63E7
:103BB0004FEA8C11B1EB0C0163EB0E03DB0043EA1F
:103BC0005173C90011EB000C43F10003990200236B
:103BD0004FEA8C2041EA9C51FCF7F2FAD1E7034806
:103BE000D7E70348D5E700BF0038024000127A004B
:103BF0000024F400002800F09B8070B50D460446B8
:103C00004F4B1B6803F007038B4208D2CBB24C4AE0
:103C10001370136803F007038B4240F08B80236816
:103C200013F0020F17D013F0040F04D0454A936825
:103C300043F4E0539360236813F0080F04D0414A23
:103C4000936843F4604393603E4A936823F0F00323
:103C5000A1680B439360236813F0010F32D06368AF
:103C6000012B21D09A1E012A25D9364A126812F05A
:103C7000020F61D033498A6822F0030213438B603C
:103C8000FFF75CF906462F4B9B6803F00C03626854
:103C9000B3EB820F16D0FFF751F9801B41F2883346
:103CA0009842F0D9032042E0264A126812F4003FFD
:103CB000E0D101203BE0234A126812F0007FD9D105
:103CC000012034E01E4B1B6803F00703AB4207D909
:103CD000EAB21B4B1A701B6803F00703AB422DD1ED
:103CE000236813F0040F06D0164A936823F4E053B8
:103CF000E1680B439360236813F0080F07D0114A63
:103D0000936823F46043216943EAC1039360FFF79A
:103D100003FF0C4B9B68C3F303130B4AD35CD840DF
:103D20000A4B18600A4B1868FEF7FAF9002070BDBC
:103D3000012070470120FAE70120F8E70120F6E7AB
:103D4000003C0240003802402C5E04083000002095
:103D500044000020014B1868704700BF300000206D
:103D600008B5FFF7F7FF044B9B68C3F38223034AB0
:103D7000D35CD84008BD00BF00380240245E040870
:103D800008B5FFF7E7FF044B9B68C3F34233034AD0
:103D9000D35CD84008BD00BF00380240245E040850
:103DA0000F2303600B4B9A6802F0030242609A688B
:103DB00002F0F00282609A6802F4E052C2609B68EE
:103DC000DB0803F4E0530361034B1B6803F00703B4
:103DD0000B60704700380240003C0240836B1A6859
:103DE000D36B43F48073D3637047000070B582B027
:103DF000044600230193006802F0EDF9054610B176
:103E0000284602B070BD206802F0DEFC38B90123FC
:103E1000A364A36C012B0BD02E46284614E000238C
:103E2000A364206802F0D7F90028F2D00546E7E73E
:103E30000021206802F036FB0028EDD04FF08055BD
:103E4000DEE7019B01330193019A4FF6FE739A421C
:103E500013D896B90021206802F024FBE0B912497A
:103E6000206802F0FDFB0646C0B90021206802F080
:103E70009DF9C30FE5D01E46E3E7019A4FF6FE73A6
:103E80009A420ED810F0804302D001236364B7E752
:103E9000002262641D46B3E70546B1E74FF0805546
:103EA000AEE74FF08075ABE7000010C1F8B5846A4B
:103EB000C66AA6B9F8BD386802F055F92070C0F39B
:103EC00007236370C0F30743A370000EE07004344F
:103ED000043E0135072DEED9BC62FE62EAE70746D3
:103EE0000025F7E7F0B583B0046A466ADEB903B08F
:103EF000F0BD23780193627843EA02230193A2780C
:103F000043EA02430193E27843EA026301930434F3
:103F1000043E01A9386802F029F90135072DE8D9D6
:103F20003C627E62E3E707460025F7E7F0B589B01B
:103F300004460F46FFF702F806460023009301935C
:103F40000821206802F004FA054610B1284609B09D
:103F5000F0BD216D0904206802F0A4FA054600288E
:103F6000F4D14FF0FF3302930823039330230493DB
:103F700002230593002306930123079302A92068D7
:103F800002F017F9206802F0BDFA054658B1DDE7E6
:103F900002F0E9F84DF825000135FEF7CFFF831B4D
:103FA000B3F1FF3F43D02068436B13F02A0F07D1D2
:103FB000436B13F4001FEBD1436B13F4005FECD1A0
:103FC000436B13F0080F29D1436B13F4007F25D105
:103FD000436B13F0020F24D1456B15F0200523D15C
:103FE00040F23A538363019A130203F47F0343EAD6
:103FF0000263110A01F47F410B4343EA12633B6001
:10400000009A130203F47F0343EA0263110A01F4E6
:104010007F410B4343EA12637B6097E70825856382
:1040200094E70225856391E7202585638EE74FF0AD
:1040300000458BE710B582B0044600210091019144
:10404000006802F0B3F810F0007F13D169462046F3
:10405000FFF76CFF80B9019B13F4802F0ED0216D08
:104060000904206802F01EFA30B90221206802F02B
:1040700031FA01E04FF4006002B010BD4FF08060F3
:10408000FAE710B582B00446002100910191006862
:1040900002F08CF810F0007F13D169462046FFF73C
:1040A00045FF80B9019B13F4803F0ED0216D0904B8
:1040B000206802F0F7F930B90021206802F00AFA0E
:1040C00001E04FF4006002B010BD4FF08060FAE7ED
:1040D00070B581B104460E46016D0904006802F016
:1040E00029FA054608B1284670BD0021206802F073
:1040F0005DF83060F7E74FF00065F4E72DE9F04335
:1041000087B0044691B116461F460A4690F83450CF
:10411000EDB2012D7FD100238363F019E36D984246
:104120000AD9A36B43F00073A36375E0836B43F07C
:104130000063836301256FE0032384F83430236830
:104140000021D9622068C36B43F44A7343F0020331
:10415000C363236C3348D863236C3348D864236C1F
:104160001965236C9960206C01680B6823F0C0030B
:10417000806803430B6021684FEA47294FEA99039F
:104180008031206CFFF73EF8804668BB274B012248
:10419000C3F88C25636C934200D076024FF0FF3356
:1041A0000093CDF8049090230293022303930023FD
:1041B0000493012305936946206801F0FAFF012F5B
:1041C00022D9822323633146206802F0F1F838B304
:1041D0002368174A9A63A36B0343A363012384F8FC
:1041E00034300023236317E02268D36B23F49573E4
:1041F000D36323680E4A9A63A36B43F08043A3639F
:10420000012384F8343007E081232363314620689A
:1042100002F0B6F8DBE70225284607B0BDE8F083D8
:104220004546F9E7734300085D48000800802542D1
:10423000FF054000F0B587B0044600293BD01E467C
:104240000F4690F83450EDB2012D40F084800023E9
:1042500083639319C16D8B4233D8032380F83430C4
:1042600003680021D9620068C36B43F4067343F00E
:104270000203C363E36B3A48D863E36B3948D864FD
:10428000E36B1965636C012B00D05202012E1DD91E
:10429000A02323631146206802F0BAF8E8B123682E
:1042A000314A9A63A36B0343A363012384F8343038
:1042B0000023236350E0836B43F000638363012595
:1042C0004AE0836B43F00073836345E090232363EC
:1042D0001146206802F084F8E0E7244B0122C3F87D
:1042E0008C25E36B40229A60E16B0A68136823F027
:1042F000C00389680B43136022687602B3088032DA
:104300003946E06BFEF77EFF074698B12268D36B13
:1043100023F4067323F00203D3632368124A9A63DB
:10432000A36B43F08043A363012384F8343000235C
:10433000236311E04FF0FF33009301969023029323
:10434000002303930493012305936946206801F039
:1043500030FF3D4600E00225284607B0F0BD00BF13
:10436000DD3D00085D480008FF0540000080254253
:10437000704710B5846B236B822B11D02268D36AEF
:1043800023F00803D362236840F23A529A63012370
:1043900084F8343000232363204602F070FA10BD05
:1043A000206802F04DF803460028E7D0A26B1343C3
:1043B000A3632046FFF7DCFFE0E700000346426E00
:1043C000920F0A70426EC2F383624A7090F86720BF
:1043D00002F003028A7090F86620CA7090F8652097
:1043E0000A7190F864204A71826E120DCA80B0F88A
:1043F0006A2002F00F020A72826EC2F3C0324A7261
:10440000826EC2F380328A72826EC2F34032CA7206
:10441000826EC2F300320A7300224A73426C002A91
:1044200040F08680806E40F6FC7202EA8002D86E10
:1044300042EA90720A61DA6EC2F3C2620A7593F8B8
:104440006F2002F007024A75DA6EC2F342528A7593
:10445000DA6EC2F38242CA75DA6EC2F3C2320A76EB
:104460000A6901325A65087E00F007000230824076
:104470005A6591F808C00CF00F0C012000FA0CF0FE
:104480009865400A00FB02F2DA654FF400721A6682
:10449000DA6EC2F380324A76DA6EC2F3C6128A76D8
:1044A000DA6E02F07F02CA761A6FD20F0A771A6F9D
:1044B000C2F341724A771A6FC2F382628A771A6F27
:1044C000C2F38352CA771A6FC2F3405281F8202098
:1044D000002081F82100B3F8722002F0010281F877
:1044E00022201A6FC2F3C03281F823201A6FC2F360
:1044F000803281F824201A6FC2F3403281F82520DF
:104500001A6FC2F3003281F826201A6FC2F381229B
:1045100081F827201A6FC2F3012281F828201B6F2F
:10452000C3F3460381F82930012381F82A3070470C
:10453000012A11D1826E120402F47C12B0F86E00CE
:1045400002430A610A69013292025A65DA654FF440
:1045500000729A651A669BE7026805499163826B4F
:1045600042F080528263012083F83400704700BF1C
:10457000FF05400070B590B004460123ADF812303D
:10458000006801F0FCFD00286CD0636C032B45D162
:10459000636C032B5DD1636C032B1DD0BDF812102F
:1045A00021650904206802F020F8054600285BD147
:1045B0000021206801F0FAFD60660421206801F006
:1045C000F5FDA0660821206801F0F0FDE0660C21F1
:1045D000206801F0EBFD20670421206801F0E6FD72
:1045E000000DE06405A92046FFF7E8FE00283ED153
:1045F000226D12040023206801F03CFF054698BBA1
:10460000234653F8106B93E807008DE80700043445
:1046100094E80E00304601F08DFD25E0206801F0A1
:10462000CFFF054600BB0021206801F0BFFD606799
:104630000421206801F0BAFDA0670821206801F07C
:10464000B5FDE0670C21206801F0B0FDC4F88000E2
:104650009EE70DF11201206802F06CF80546002873
:1046600099D001E04FF08065284610B070BD4FF042
:104670008055F9E770B58AB004460023049305938A
:10468000069307930893762309930AAB13E907006F
:104690008DE8070004AB0ECB206801F04BFD18B18C
:1046A000012528460AB070BD05461A4E0023C6F8FB
:1046B000A030206801F05FFD0123C6F8A030022081
:1046C000FEF742FC2046FFF791FB30B1012584F84C
:1046D0003450A36B0343A363E3E72046FFF74AFF8D
:1046E00030B1012584F83450A36B0343A363D8E7AA
:1046F0004FF40071206801F02BFE0028D1D0236810
:1047000005499963A36B0343A363012584F83450DF
:10471000C7E700BF00802542FF054000A8B110B5E3
:10472000044690F8343063B1032384F834302046D3
:10473000FFF7A0FF58B9A0632063012384F8343049
:1047400010BD0377FDF79AFBEEE7012070470120CB
:10475000F6E7436C0B60836C4B60C36C8B60036D3E
:10476000CB60436D0B61836D4B61C36D8B61036ED9
:10477000CB6100207047000030B58BB004460D4679
:10478000032380F83430436C032B1CD0B1F5805FD9
:1047900008D0B1F5006F0AD079B1836B43F00063A4
:1047A000836314E0836B43F0805383630FE0FFF770
:1047B00041FCA36B0343A36309E0FFF762FCA36B17
:1047C0000343A36303E0836B43F080538363A36BD2
:1047D000C3B12368174A9A63012584F834504FF413
:1047E0000071206801F0B4FD30B12368114999636C
:1047F000A36B0343A3630125012384F834302846C7
:104800000BB030BD63680493A3680593E368069317
:10481000079563690893A36909930AAB13E9070035
:104820008DE8070004AB0ECB206801F083FC002567
:10483000D5E700BFFF05400010B582B00446002355
:10484000019301A9FFF744FC10B1A36B0343A363D9
:104850000198C0F3432002B010BD000010B5846B76
:10486000FEF750FE02280AD0236C5B6DE26B526D9E
:10487000012B05D0012A03D02046FFF779FD10BD9A
:1048800023680F4A9A632268D36B23F49D73D36322
:10489000A36B43F08043A3632046FFF7CDFF0538A9
:1048A000012805D9012384F8343000232363E3E78A
:1048B000206801F0C5FDA36B0343A363F2E700BFCB
:1048C000FF05400010B5846B236840F23A529A63AA
:1048D0002046FFF7B1FF012384F83430002323631F
:1048E0000538012805D9A36B53B9204601F0BFFF55
:1048F00010BD206801F0A4FDA36B0343A363F2E79E
:104900002046FFF735FDF3E710B5846B236840F2CE
:104910003A529A632046FFF78FFF012384F8343020
:10492000002323630538012805D9A36B53B920461A
:1049300001F09DFF10BD206801F082FDA36B0343D1
:10494000A363F2E72046FFF713FDF3E738B504460B
:10495000056B03685A6B12F4004F02D015F0080F74
:1049600028D15A6B12F4807F5AD04FF480729A6328
:104970002268D36B23F4434323F03A03D3632268C2
:10498000D36A23F00103D36215F0080F26D015F087
:10499000220F12D1236840F23A529A63012384F81D
:1049A00034300023236315F0030F13D0204601F0A9
:1049B00066FF01E0FFF77AFA38BD206801F040FD9C
:1049C00003460028E6D0A26B1343A3632046FFF7FB
:1049D000CFFCDFE7204601F04EFFEDE715F0800F3A
:1049E000EAD015F0200F0ED115F0030FE4D12268A4
:1049F000D36A23F00803D362012384F834302046BD
:104A000001F039FFD8E7206801F01AFD03460028BD
:104A1000EAD0A26B1343A3632046FFF7A9FCE3E7A8
:104A20005A6B12F4804F02D015F0080F55D1596B14
:104A300040F23A221142BFD05A6B12F0020F03D05B
:104A4000A26B42F00202A2635A6B12F0080F03D06D
:104A5000A26B42F00802A2635A6B12F0200F03D03F
:104A6000A26B42F02002A2635A6B12F0100F03D027
:104A7000A26B42F01002A2635A6B12F4007F03D0C3
:104A8000A26B42F00802A26340F23A729A63226873
:104A9000D36B23F44E7323F00203D363206801F039
:104AA000CFFCA36B0343A36315F0080F19D115F0D6
:104AB000800F81D015F0300F1CD115F0030F26D0D8
:104AC000236C184A1A65206CFEF71BFC00283FF483
:104AD00073AF206CFFF718FF6EE72046FFF702FA6E
:104AE0006AE7012384F83430002323632046FFF76C
:104AF0003FFC61E7E36B0C4A1A65E06BFEF701FCD3
:104B000000283FF459AFE06BFFF7DCFE54E70023C9
:104B1000A363012284F834202363204601F0A7FE1A
:104B20004AE700BF09490008C54800082DE9F047D9
:104B300082B00546884617461E46FEF7FFF90A9BD7
:104B40001B1A03EB0609FEF7F9F98246284B1B688E
:104B5000C3F3CB3309FB03F301932B689C6838EA5A
:104B600004040CBF01230023BB423DD0B6F1FF3F3C
:104B7000F3D0FEF7E3F9A0EB0A00484507D2019A0B
:104B800002B14A46019B013B01939146E5E72A6841
:104B9000536823F0E00353606B68B3F5827F0BD05A
:104BA000AB6AB3F5005F14D0012385F851300023C0
:104BB00085F85030032018E0AB68B3F5004F02D001
:104BC000B3F5806FECD12A68136823F040031360BB
:104BD000E6E72A68136823F4005313602A68136811
:104BE00043F400531360DFE7002002B0BDE8F08714
:104BF0003000002070B584B004460D461646009281
:104C00000B4601220221FFF791FFD0B9174B1B6819
:104C1000174AA2FB03235B0D4FF47A7202FB03F3E6
:104C200003936368B3F5827F11D0039B3BB1039B71
:104C3000013B039323689B6813F0800FF5D104B008
:104C400070BD636D43F0200363650320F7E70096B2
:104C50002B46002280212046FFF768FF0028EED077
:104C6000636D43F0200363650320E8E73000002014
:104C7000819F5E1600285AD010B50446436A33B9A6
:104C80004368B3F5827F05D00023C36102E00023AF
:104C9000036143610023A36294F85130002B40D09C
:104CA000022384F851302268136823F04003136014
:104CB000636803F48273A26802F404421343E26857
:104CC00002F400621343226902F002021343626994
:104CD00002F001021343A26902F400721343E26975
:104CE00002F038021343226A02F080021343A26AE0
:104CF00002F40052216813430B60638B03F004033A
:104D0000626A02F01002216813434B602268D36983
:104D100023F40063D36100206065012384F85130DF
:104D200010BD84F850302046FDF782F9B8E7012025
:104D30007047000038B590F85150EDB2012D5DD1AB
:104D4000044600295BD0002A59D090F85030012B3E
:104D500057D0012380F85030032380F851300023CE
:104D6000436501638286C2868363436403648387E9
:104D7000C3878368B3F5004F2DD0A36C224A1A6411
:104D8000A36C224ADA63A36C214ADA64A36C002282
:104D90001A652268E38E9BB20C32216BA06CFEF781
:104DA00031FA014610BB23681A6812F0400F03D194
:104DB0001A6842F040021A60002384F850302268DA
:104DC000536843F0200353602268536843F00203A2
:104DD00053600D4613E00268136823F0400313602C
:104DE0000268136843F480431360C6E7636D43F0C1
:104DF00010036365002384F8503000E00225284644
:104E000038BD0225FBE700BF174E0008454E0008DD
:104E1000234E0008704708B5806BFFF7FBFF08BD05
:104E2000704708B5806B0268536823F00303536032
:104E3000436D43F010034365012380F85130FFF7C1
:104E4000EFFF08BD30B583B00546846BFEF776F8FA
:104E50002B681B6813F4807F23D1024621684B68BE
:104E600023F020034B6021684B6823F002034B6062
:104E700064212046FFF7BEFE18B1636D43F02003A6
:104E80006365A36833B901932368DA6801929B686C
:104E90000193019B0023E386012384F85130636D65
:104EA00023B92046FDF7CAFE03B030BD2046FFF708
:104EB000B7FFF9E730B4036A026A22F00102026226
:104EC0004268846924F0730C0C6844EA0C0423F0F3
:104ED000020C8B6843EA0C03114DA84203D005F580
:104EE0008065A84205D123F00803CD682B4323F049
:104EF00004030B4DA84203D005F58065A84207D1F5
:104F000022F440724D6945EA020C8A6942EA0C02B9
:104F1000426084614A684263036230BC704700BFEC
:104F20000000014030B4036A026A22F48072026217
:104F30004268C46924F0730C0C6844EA0C0523F43D
:104F400000738C6843EA0423114CA04203D004F59B
:104F50008064A04206D123F40063CC6843EA0423B2
:104F600023F480630A4CA04203D004F58064A0427D
:104F700007D122F440524C6942EA04128C6942EA99
:104F800004124260C5614A68C263036230BC704764
:104F90000000014030B4036A026A22F480520262C7
:104FA0004468C26922F4E6420D6842EA052223F40D
:104FB00000538D6843EA0533094DA84203D005F537
:104FC0008065A84204D124F480444D6944EA8514E4
:104FD0004460C2614A680264036230BC704700BF2B
:104FE000000001407047000090F83D30DBB2012B1B
:104FF00037D1022380F83D300268D36843F00103C3
:10500000D3600368194A934220D0B3F1804F1DD07A
:10501000A2F57C42934219D002F58062934215D0EA
:1050200002F58062934211D002F5784293420DD08E
:1050300002F57052934209D0A2F59432934205D002
:105040001A6842F001021A60002070479A6802F064
:105050000702062A07D01A6842F001021A600020EF
:105060007047012070470020704700BF00000140DA
:10507000704770477047704770B504460368DE6834
:105080001D6915F0020F10D016F0020F0DD06FF051
:1050900002021A610123037703689B6913F0030F6F
:1050A0005ED0FFF7E6FF0023237715F0040F12D040
:1050B00016F0040F0FD023686FF004021A61022368
:1050C000237723689B6913F4407F4FD02046FFF776
:1050D000D0FF0023237715F0080F12D016F0080F29
:1050E0000FD023686FF008021A6104232377236826
:1050F000DB6913F0030F40D02046FFF7BAFF00230F
:10510000237715F0100F12D016F0100F0FD0236870
:105110006FF010021A61082323772368DB6913F408
:10512000407F31D02046FFF7A4FF0023237715F0FE
:10513000010F02D016F0010F2DD115F0800F02D013
:1051400016F0800F2FD115F0400F02D016F0400F4F
:1051500031D115F0200F02D016F0200F33D170BDE1
:10516000FFF786FF2046FFF785FF9CE72046FFF705
:105170007FFF2046FFF77EFFABE72046FFF778FF73
:105180002046FFF777FFBAE72046FFF771FF20467A
:10519000FFF770FFC9E723686FF001021A6120462C
:1051A000FCF7DEFDC9E723686FF080021A61204634
:1051B00000F055FAC7E723686FF040021A612046F5
:1051C000FFF759FFC5E723686FF020021A612046F8
:1051D00000F044FAC3E700000368344A904212D05A
:1051E000B0F1804F0FD0A2F57C4290420BD002F577
:1051F0008062904207D002F58062904203D002F5AF
:105200007842904203D123F070034A681343274A3F
:1052100090422AD0B0F1804F27D0A2F57C42904234
:1052200023D002F5806290421FD002F58062904246
:105230001BD002F57842904217D002F5705290428E
:1052400013D002F5806290420FD002F58062904246
:105250000BD0A2F59832904207D002F580629042BE
:1052600003D002F58062904203D123F44073CA68F0
:10527000134323F080034A69134303608B68C362BE
:105280000B688362094B984203D003F58063984210
:1052900001D10B69036301234361036913F0010F1B
:1052A00003D0036923F0010303617047000001404C
:1052B00040B310B5044690F83D30F3B1022384F8B2
:1052C0003D30214651F8040BFFF786FF012384F897
:1052D000463084F83E3084F83F3084F8403084F81B
:1052E000413084F8423084F8433084F8443084F804
:1052F000453084F83D30002010BD80F83C30FFF789
:1053000071FEDBE70120704740B310B5044690F80A
:105310003D30F3B1022384F83D30214651F8040BAF
:10532000FFF75AFF012384F8463084F83E3084F8B2
:105330003F3084F8403084F8413084F8423084F8BB
:10534000433084F8443084F8453084F83D30002000
:1053500010BD80F83C30FDF727F8DBE701207047EF
:1053600030B4036A026A22F0100202624468826961
:1053700022F4E6420D6842EA052223F020038D68FC
:1053800043EA0513114DA84203D005F58065A842F4
:1053900006D123F08003CD6843EA051323F04003D0
:1053A0000A4DA84203D005F58065A84207D124F430
:1053B00040644D6944EA85048D6944EA850444608B
:1053C00082614A688263036230BC7047000001401A
:1053D00038B590F83C30012B66D004460D460123C9
:1053E00080F83C300C2A5AD8DFE802F007595959A6
:1053F0001B5959593059595944000068FFF75AFD53
:105400002268936943F0080393612268936923F04B
:10541000040393612268936929690B439361002017
:105420003EE00068FFF79CFF2268936943F4006345
:1054300093612268936923F480639361226893697E
:10544000296943EA01239361002029E00068FFF7FE
:1054500069FD2268D36943F00803D3612268D369E8
:1054600023F00403D3612268D36929690B43D36114
:10547000002015E00068FFF78DFD2268D36943F432
:105480000063D3612268D36923F48063D361226807
:10549000D369296943EA0123D361002000E0012098
:1054A000002384F83C3038BD0220FCE701F01F01E6
:1054B0004FF0010C0CFA01FC036A23EA0C030362AF
:1054C000036A8A40134303627047000010B5044624
:1054D0000846002942D194F83E30DBB2013B18BFA8
:1054E0000123002B6ED1002851D1022384F83E30D5
:1054F000012201462068FFF7D9FF2368334A93420F
:1055000003D002F58062934203D15A6C42F4004208
:105510005A6423682D4A934249D0B3F1804F46D054
:10552000A2F57C42934242D002F5806293423ED083
:1055300002F5806293423AD002F57842934236D027
:1055400002F57052934232D0A2F5943293422ED09B
:105550001A6842F001021A60002032E0042908D0E3
:1055600008290DD094F84130DBB2013B18BF01236C
:10557000B7E794F83F30DBB2013B18BF0123B0E737
:1055800094F84030DBB2013B18BF0123A9E704289F
:1055900005D0082807D0022384F84130A8E7022369
:1055A00084F83F30A4E7022384F84030A0E79A68EB
:1055B00002F00702062A07D01A6842F001021A60B8
:1055C000002010BD0120FCE70020FAE700000140A8
:1055D00090F83C20012A3DD010B40346012280F807
:1055E0003C20022280F83D2002685068946820F038
:1055F000700C086840EA0C0050601A681648824235
:105600001AD0B2F1804F17D0A0F57C40824213D05F
:1056100000F5806082420FD000F5806082420BD09E
:1056200000F57840824207D000F57050824203D0E6
:10563000A0F59430824204D124F0800449682143CB
:105640009160012283F83D20002083F83C005DF842
:10565000044B7047022070470000014070477047BC
:10566000026802F10C0353E8003F23F0C0030C3240
:1056700042E800310029F3D1202380F841307047FF
:10568000026802F10C0353E8003F23F490730C32DC
:1056900042E800310029F3D1026802F1140353E813
:1056A000003F23F00103143242E800310029F3D116
:1056B000036B012B05D0202380F8423000230363C5
:1056C0007047026802F10C0353E8003F23F0100317
:1056D0000C3242E800310029F3D1ECE790F8413078
:1056E000DBB2212B01D0022070478368B3F5805FC5
:1056F00017D0036A5A1C02621A7803685A60C38C76
:105700009BB2013B9BB2C3844BB90268D36823F0C0
:105710008003D3600268D36843F04003D360002065
:1057200070470369002BE4D1036A1B880268C3F346
:1057300008035360036A02330362E0E710B50446CE
:105740000268136923F44053C1680B4313618368F3
:1057500002691A4343691A43C3691A430168CB6853
:1057600023F4164323F00C031343CB600268536900
:1057700023F4407381690B4353610368314A9342B8
:1057800006D002F58062934202D0FEF7E9FA01E00A
:10579000FEF7F6FAE369B3F5004F29D000210318AC
:1057A00049411B1841F10001C90041EA5371DB0076
:1057B000181863684FEA83024FEA937341F10001BE
:1057C000FAF7FEFC204AA2FB00314909642303FBDF
:1057D00011031B013233A2FB03235B0903F0F00228
:1057E00002EB011203F00F03216813448B6010BD1C
:1057F0000023021843EB0301121841F10001C90014
:1058000041EA5271D200101841F100016268921809
:105810005B41FAF7D5FC0C4AA2FB0031490964232D
:1058200003FB1103DB003233A2FB03235B095A00A5
:1058300002F4F87202EB011203F00703216813442B
:105840008B60D4E7001001401F85EB512DE9F04338
:1058500083B005460E4617469946DDF828802B682A
:105860001C6836EA04040CBF01240024BC4228D181
:10587000B8F1FF3FF3D0FDF761FBA0EB0900404515
:1058800023D8B8F1000F22D02B68DA6812F0040F89
:10589000E5D0802EE3D0402EE1D01A6812F0080F38
:1058A000DDD0002401941A6801925B680193019B8A
:1058B0002846FFF7E5FE08236B6485F84040012089
:1058C00000E0002003B0BDE8F0830320FAE70320E6
:1058D000F8E760B310B5044690F8413013B32423C1
:1058E00084F841302268D36823F40053D360204603
:1058F000FFF724FF2268136923F4904313612268A1
:10590000536923F02A0353612268D36843F4005398
:10591000D36000206064202384F8413084F8423052
:10592000606310BD80F84030FCF706FED7E7012029
:1059300070472DE9F04182B01E4690F84130DBB24D
:10594000202B56D104460D469046002955D00AB961
:1059500001204FE000234364212380F84130FDF70C
:10596000EDFA0746A4F82480A4F82680A368B3F5CE
:10597000805F02D04FF0000814E023692BB34FF092
:1059800000080FE0202384F84130032032E038F88B
:10599000023B2268C3F308035360E28C92B2013ADF
:1059A00092B2E284E38C9BB293B100963B46002214
:1059B00080212046FFF74AFF0028E3D1002DE6D0E2
:1059C00015F8012B23685A60E7E7A8460025E9E7A8
:1059D00000963B46002240212046FFF737FF18B9CA
:1059E000202384F8413005E0202384F8413003204F
:1059F00000E0022002B0BDE8F0810120FAE70000DB
:105A000038B5134690F84120D2B2202A2FD104464F
:105A100000292ED00BB9012038BD01628384C384D4
:105A200000224264212084F84100A06B124DC5631E
:105A3000A06B124D0564A06B114DC564A06B02658F
:105A400022680432A06BFDF7DDFB23686FF0400293
:105A50001A60226802F1140353E8003F43F0800308
:105A6000143242E800310029F3D10020D4E70220AB
:105A7000D2E70120D0E700BF2B5B0008935B000852
:105A8000A35B000810B50446226802F10C0353E83A
:105A9000003F23F490730C3242E800310029F3D127
:105AA000226802F1140353E8003F23F0010314328B
:105AB00042E800310029F3D1236B012B1FD023686A
:105AC0005B6913F0400F13D0226802F1140353E80E
:105AD000003F23F04003143242E800310029F3D1A3
:105AE000E36B2BB100221A65E06BFDF7C0FB98B9A0
:105AF0000020E085202384F84230206310BD226816
:105B000002F10C0353E8003F23F010030C3242E88B
:105B100000310029F3D1D2E7E06BFDF7F3FC202838
:105B2000E6D1102363640320E8E708B50346806BE1
:105B30001B681B6813F4807F1AD10023C38402689A
:105B400002F1140353E8003F23F08003143242E8CB
:105B500000310029F3D1026802F10C0353E8003F41
:105B600043F040030C3242E800310029F3D108BD74
:105B7000FCF7F4FDFBE708B50168CA6822F04002B3
:105B8000CA60202280F84120FCF7E8FD002008BD13
:105B9000704708B5806BFFF7FBFF08BD7047704783
:105BA000704710B5846B23685A6994F84130DBB2B2
:105BB000212B10D023685A6902F0400294F8423039
:105BC000DBB2222B11D0636C43F0100363642046D8
:105BD000FFF7E6FF10BD02F08002002AEAD00023A2
:105BE000E3842046FFF73CFDE4E7002AEBD00023E6
:105BF000E3852046FFF744FDE5E708B5806B002309
:105C0000C385C384FFF7CCFF08BD704790F84230CE
:105C1000DBB2222B69D18368B3F5805F4FD0826AF3
:105C2000B3F5805F04D0002B56D10369002B53D10C
:105C300003685B681370836A01338362C38D9BB210
:105C4000013B9BB2C385002B51D100B583B00268E4
:105C5000D36823F02003D3600268D36823F48073F1
:105C6000D3600268536923F001035361202380F855
:105C7000423000234363036B012B33D100230363C2
:105C8000026802F10C0353E8003F23F010030C32CA
:105C900042E800310029F3D103681A6812F0100FAE
:105CA00006D0002201921A6801925B680193019B61
:105CB000818DFFF7AAFF002003B05DF804FB0269A5
:105CC000002AACD1826A03685B68C3F308031380BF
:105CD000836A02338362B1E703685B6803F07F0382
:105CE0001370A8E7FFF75AFFE5E70220704700208E
:105CF0007047000010B582B0044602681368D0688F
:105D0000516913F00F0F09D113F0200F0CD010F0D0
:105D1000200F09D02046FFF779FF16E011F00101AE
:105D200015D110F4907F12D1216B012979D013F095
:105D3000800F03D010F0800F40F0148113F0400F5B
:105D400003D010F0400F40F0118102B010BD13F0ED
:105D5000010F06D010F4807F03D0626C42F0010284
:105D6000626413F0040F04D019B1626C42F00202B5
:105D7000626413F0020F04D019B1626C42F00402A5
:105D8000626413F0080F07D010F0200F00D119B192
:105D9000626C42F008026264626C002AD5D013F093
:105DA000200F02D010F0200F29D123685B6903F087
:105DB0004003626C12F0080F00D163B32046FFF776
:105DC0005FFC23685B6913F0400F20D0226802F16A
:105DD000140353E8003F23F04003143242E800313B
:105DE0000029F3D1E36B73B1624A1A65E06BFDF7EA
:105DF00088FA0028A9D0E06B036D9847A5E72046F4
:105E0000FFF704FFD1E72046FFF7CAFE9DE72046D3
:105E1000FFF7C6FE99E72046FFF7C2FE0023636442
:105E200093E713F0100F82D010F0100F3FF47FAF04
:105E3000002301931368019353680193019B5369F5
:105E400013F0400F52D0E26B13685B689BB2002BDB
:105E50003FF47BAFA18D99427FF677AFE385D3699D
:105E6000B3F5807F37D0226802F10C0353E8003F7E
:105E700023F480730C3242E800310029F3D1226808
:105E800002F1140353E8003F23F00103143242E807
:105E900000310029F3D1226802F1140353E8003FD6
:105EA00023F04003143242E800310029F3D12023CB
:105EB00084F8423000232363226802F10C0353E884
:105EC000003F23F010030C3242E800310029F3D1E7
:105ED000E06BFDF7CCF902236363A18DE38D9BB2E8
:105EE000C91A89B22046FFF790FE2EE7A18DE38DF7
:105EF0009BB2C91A89B2E38D9BB2002B3FF425AF48
:105F000000293FF422AF226802F10C0353E8003F5E
:105F100023F490730C3242E800300028F3D1226859
:105F200002F1140353E8003F23F00103143242E866
:105F300000300028F3D1202384F84230002323636B
:105F4000226802F10C0353E8003F23F010030C32E7
:105F500042E800300028F3D1022363632046FFF7B4
:105F600054FEF2E62046FFF7B9FBEEE62046FFF7C7
:105F700002FEEAE6FB5B000808B5806B0123436381
:105F8000036B012B02D0FFF70AFE08BD818D490883
:105F9000FFF73BFEF9E708B50346806B1B681B68FB
:105FA00013F4807F2BD10023C385026802F10C0318
:105FB00053E8003F23F480730C3242E8003100299B
:105FC000F3D1026802F1140353E8003F23F0010308
:105FD000143242E800310029F3D1026802F11403BF
:105FE00053E8003F23F04003143242E80031002917
:105FF000F3D1202380F84230036B012B07D000231C
:106000004363036B012B0FD0FFF7C8FD08BD026887
:1060100002F10C0353E8003F23F010030C3242E876
:1060200000310029F3D1EAE7818DFFF7EEFDEDE7BE
:1060300030B583B0044613468162828500254564ED
:10604000222280F84220C26B1F48D063E26B1F48B7
:106050001064E26B1E48D064E26B156520680A4646
:10606000011DE06BFDF7CEF8019523681A680192D7
:106070005B680193019B23695BB1226802F10C0309
:1060800053E8003F43F480730C3242E800310029AA
:10609000F3D1226802F1140353E8003F43F00103F7
:1060A000143242E800310029F3D1226802F11403CE
:1060B00053E8003F43F04003143242E80031002926
:1060C000F3D1002003B030BD975F0008795F00086E
:1060D000A35B000808B590F84230DBB2202B08D152
:1060E00049B10AB9012008BD00230363FFF7A0FFEF
:1060F000F9E70220F7E70120F5E700000B4B1B68EA
:106100000B4AA2FB03235B0A41F2883202FB03F332
:106110001A46013B3AB1426B12F0800FF8D0C5230A
:106120008363002070474FF000407047300000202C
:10613000D34D621084B00DF1040C8CE80E000B46B8
:106140001343039A1343049A1343059A1343069A7D
:106150001343426822F4FD4222F07F02134343605E
:10616000002004B07047D0F8800070470B68C0F87A
:1061700080300020704703230360002070470068D0
:1061800000F0030070470B6883604B688A68134314
:10619000CA6813430A691343C2686FF30B021343BF
:1061A000C360002070470069C0B270471430405887
:1061B00070470B6843624B6883628B68CA681343FD
:1061C0000A6913434A691343C26A22F0F702134370
:1061D000C3620020704710B586B0044600230193C7
:1061E0000293039304934FF48063059301A9FFF78F
:1061F000CAFF2046FFF782FF06B010BD38B504463F
:106200000D46504B1B685049A1FB03135B0A03FB6F
:1062100002F21346013A002B5DD0636B13F0450F79
:10622000F7D013F4006FF4D1636B13F0040F06D1B1
:10623000636B13F0010F05D00120A0634DE0042033
:10624000A0634AE0C523A3632046FFF7ACFFA84242
:1062500001D0012041E000212046FFF7A7FF0346BF
:106260003A481840C8B3002B38DB13F0804F38D1C0
:1062700013F0005F37D113F0805F36D113F0006F59
:1062800036D113F0806F36D113F0807F36D113F4FE
:10629000000F36D113F4800F36D113F4001F36D11E
:1062A00013F4801F36D113F4802F36D113F4003F3E
:1062B00036D113F4803F36D113F4004F36D113F4A6
:1062C000804F36D113F4005F36D113F0080F36D06B
:1062D0004FF4000001E04FF0004038BD4FF0007077
:1062E000FBE74020F9E78020F7E74FF48070F4E700
:1062F0004FF40070F1E74FF48060EEE74FF4006078
:10630000EBE74FF48050E8E74FF40050E5E74FF437
:106310008040E2E74FF40040DFE74FF40030DCE775
:106320004FF48020D9E74FF40020D6E74FF48010D7
:10633000D3E74FF40010D0E74FF48000CDE74FF4DF
:106340008030CAE730000020D34D621008E0FFFD26
:1063500030B587B004460191102502954023039380
:10636000002304934FF48063059301A9FFF70BFF0B
:1063700041F2883229462046FFF740FF07B030BD82
:1063800030B587B00446019111250295402303934F
:10639000002304934FF48063059301A9FFF7F3FEF4
:1063A00041F2883229462046FFF728FF07B030BD6A
:1063B00030B587B00446019112250295402303931E
:1063C000002304934FF48063059301A9FFF7DBFEDC
:1063D00041F2883229462046FFF710FF07B030BD52
:1063E00030B587B0044601911825029540230393E8
:1063F000002304934FF48063059301A9FFF7C3FEC4
:1064000041F2883229462046FFF7F8FE07B030BD3A
:1064100030B587B0044601911925029540230393B6
:10642000002304934FF48063059301A9FFF7ABFEAB
:1064300041F2883229462046FFF7E0FE07B030BD22
:1064400030B587B00446002301930C250295402205
:10645000039204934FF48063059301A9FFF793FE21
:10646000034A29462046FFF7C9FE07B030BD00BFEA
:1064700000E1F50530B587B0044601920725029585
:1064800040230393002304934FF48063059301A9F1
:10649000FFF779FE41F2883229462046FFF7AEFE2B
:1064A00007B030BD30B587B004460191372502955D
:1064B00040230393002304934FF48063059301A9C1
:1064C000FFF761FE41F2883229462046FFF796FE2B
:1064D00007B030BD30B587B004460191062502955E
:1064E00040230393002304934FF48063059301A991
:1064F000FFF749FE41F2883229462046FFF77EFE2B
:1065000007B030BD30B587B0044600230193332572
:1065100002954022039204934FF48063059301A9EE
:10652000FFF731FE41F2883229462046FFF766FE2A
:1065300007B030BD30B587B0044601910D250295F6
:1065400040230393002304934FF48063059301A930
:10655000FFF719FE41F2883229462046FFF74EFE2A
:1065600007B030BD0146144B1B68144AA2FB03233D
:106570005B0A41F2883202FB03F31A46013BBAB1CF
:106580004A6B12F0450FF8D012F4006FF5D14B6B47
:1065900013F0040F06D1486B10F0010005D1C5239C
:1065A0008B637047042088637047012088637047BD
:1065B0004FF00040704700BF30000020D34D621004
:1065C00010B586B004460023019302220292C02235
:1065D000039204934FF48063059301A9FFF7D3FD61
:1065E0002046FFF7BFFF06B010BD10B586B00446C9
:1065F000019109230293C0230393002304934FF4D2
:106600008063059301A9FFF7BEFD2046FFF7AAFFAF
:1066100006B010BD0146104B1B68104AA2FB0323B5
:106620005B0A41F2883202FB03F31A46013B82B156
:106630004A6B12F0450FF8D012F4006FF5D1486B99
:1066400010F0040002D1C5238B63704704208863D7
:1066500070474FF00040704730000020D34D62106B
:1066600010B586B0044641F0004141F4801101911B
:106670002923029340230393002304934FF4806360
:10668000059301A9FFF77FFD2046FFF7C3FF06B082
:1066900010BD0000F8B505460E461746234B1B6893
:1066A000234AA2FB03235B0A41F2883202FB03F375
:1066B0001A46013B8AB36C6B14F0450FF8D014F402
:1066C000006FF5D16B6B13F0040F06D16B6B13F0F9
:1066D000010F05D00120A86321E00420A8631EE07B
:1066E0002846FFF760FDB04201D0012017E0C52326
:1066F000AB6300212846FFF759FD034610F46040C4
:1067000008D013F4804F0BD113F4004F0BD04FF48B
:10671000805004E01B0C3B8001E04FF00040F8BDCE
:106720004FF40050FBE74FF48030F8E730000020D2
:10673000D34D621070B586B004460D460023019318
:10674000032602964022039204934FF4806305933C
:1067500001A9FFF718FD2A4631462046FFF79AFFA8
:1067600006B070BD0146164B1B68164AA2FB0323F8
:106770005B0A41F2883202FB03F31A46013BE2B1A5
:106780004A6B12F0450FF8D012F4006FF5D14B6B45
:1067900013F0040F0BD14B6B13F001030AD1486BBC
:1067A00010F040000BD040228A6318467047042046
:1067B000886370470120886370474FF0004070473E
:1067C00030000020D34D621010B586B004464FF45F
:1067D000D57301930823029340230393002304936A
:1067E0004FF48063059301A9FFF7CDFC2046FFF726
:1067F000B9FF06B010BD000008B50349034801F019
:10680000EFFF034B187008BD94600020445E04083D
:10681000986000200020704708B513460A460146DC
:106820000248FDF76BFC00B1012008BD584D002067
:1068300008B513460A4601460248FDF7FBFC00B1C5
:10684000012008BD584D002008B50348FDF7F4FFAE
:10685000043818BF012008BD584D002008B5014676
:106860000148FDF776FF08BD584D0020704708B578
:10687000FFF7FCFF08BD08B500F02CF908BD08B50E
:1068800000F032F908BD82B001238DF807309DF881
:10689000070002B07047000038B5FFF7F4FF012889
:1068A00002D00125284638BD04460748FDF736FFCB
:1068B00005460028F6D14FF400610348FDF75CFF60
:1068C0000028EFD02546EDE7584D002008B5074BCE
:1068D00001221A70FFF7B8FF20B9044A137803F0B9
:1068E000FE031370014B187808BD00BF480000205C
:1068F00010B584B00446184B01221A7001F0A9FFAC
:1069000018B9154B187804B010BDFFF7C5FF88B152
:10691000114B1B78DBB2012BF3D0104B1B687BB102
:106920000E4B1B68002BECD10B4A137843F001038C
:106930001370E6E72046FFF7C9FF074B1870E7E73B
:10694000074B6C460FCB84E80F000021204602F075
:1069500059F8024B1860E3E7480000209C600020D3
:106960006024040808B5FFF7B1FF08BD38B5054637
:1069700001F078FF044601F075FF001BA84205D224
:10698000FFF762FF0028F6D1002001E04FF0FF3052
:1069900038BD000070B584B00C4615461E4647F25F
:1069A0003050FFF7E3FF002829DB32462946204616
:1069B000FFF732FF08B1012022E047F23052114BBD
:1069C000196801A802F066F8019B102B01D0012084
:1069D00016E0029B012B01D0012011E001F042FFE3
:1069E000044601F03FFF001B47F22F53984204D8A2
:1069F000FFF72AFF0028F4D102E0012000E0012087
:106A000004B070BD9C60002070B584B00C46154683
:106A10001E4647F23050FFF7A9FF002829DB324617
:106A200029462046FFF704FF08B1012022E047F283
:106A30003052114B196801A802F02CF8019B102B61
:106A400001D0012016E0029B022B01D0012011E0B1
:106A500001F008FF044601F005FF001B47F22F5329
:106A6000984204D8FFF7F0FE0028F4D102E001209C
:106A700000E0012004B070BD9C60002030B589B0FA
:106A8000134B187810F001041BD1154603291CD8AC
:106A9000DFE801F002040A100C4613E06846FFF735
:106AA000DDFE069B2B600DE06846FFF7D7FE079BD7
:106AB0002B8007E06846FFF7D1FE079B5B0A2B603F
:106AC00000E00324204609B030BD0424FAE700BFEB
:106AD0004800002008B500220221024B186801F08E
:106AE000A6FF08BD9C60002008B500220121024BD2
:106AF000186801F09CFF08BD9C60002008B5044B9D
:106B000003EB8002526852680344187A904708BD2C
:106B1000C8600020094B1B5C73B910B50446074BD5
:106B200003EB8002526812680344187A904710B948
:106B3000024B01221A5510BD00207047C86000208A
:106B400038B5044C04EB80056D68AD680444207AC8
:106B5000A84738BDC860002038B5044C04EB800558
:106B60006D68ED680444207AA84738BDC8600020ED
:106B700010B5044B03EB8004646824690344187A5D
:106B8000A04710BDC86000204278007840EA02208B
:106B90007047C378827842EA0322437843EA0223AB
:106BA000007840EA032070470170090A417070477D
:106BB0000170C1F307234370C1F307438370090ECB
:106BC000C1707047944632B10A78013102700130C9
:106BD000BCF1010CF8D1704701700130013AFBD1D2
:106BE000704784469CF800000CF1010C0B780131D1
:106BF000C01A013A01D00028F4D07047034600E0E3
:106C00000133187808B18842FAD1704730B40025B2
:106C10002B4601E001250133012B15D81A01174C31
:106C2000A258002AF6D00468A242F4D1134A02EB1B
:106C30000312546882689442EDD1104A02EB0312A9
:106C4000946842699442E6D1022B0AD0A1B90B4A5A
:106C500002EB03139B89B3F5807F0BD0002030BC7F
:106C600070472DB9022901D01220F8E70020F6E77D
:106C70000020F4E71020F2E71020F0E7A0600020E9
:106C8000002000E00130012804D80301034AD35852
:106C9000002BF7D1023818BF01207047A0600020F8
:106CA00070B4002300E00133012B13D81A01234CE8
:106CB000A45802689442F6D1204A02EB03125468A9
:106CC00082689442EFD11D4A02EB03129468426934
:106CD0009442E8D1022B08D0F9B1184A02EB031212
:106CE00092894ABB4FF480721DE00023012B05D826
:106CF0001A01124CA2580AB10133F7E7022B19D03E
:106D00000E4D1C0105EB031206682E518468546079
:106D10004069906000209081DEE7084A02EB031290
:106D20009289013292B2054901EB03118A81581C04
:106D300070BC70470020FBE70020F9E7A06000204E
:106D40000138012815D80D4B03EB00139B89B3F5CF
:106D5000807F03D043B1013B9BB200E00023074A90
:106D600002EB0012938133B903010020034AD05093
:106D70007047022070470020704700BFA0600020CD
:106D8000002303E05DF8044B70470133012B11D859
:106D90001A0109498A588242F7D110B41A01002415
:106DA0008C500133012BEDD81A0103498A588242D5
:106DB000F7D1F3E7704700BFA06000200239836974
:106DC000023B8B4204D94389C06A01FB0300704730
:106DD000002070470268C36A0433490A5289B1FB34
:106DE000F2F101E0091A0833186818B18142F9D2AA
:106DF00058680844704770B506460D4601F11A0000
:106E0000FFF7C2FE3378032B00D070BD044605F1B6
:106E10001400FFF7B9FE44EA0040F6E770B50646F5
:106E20000C46154691B204F11A00FFF7BDFE337807
:106E3000032B00D070BD290C04F11400FFF7B4FE41
:106E4000F8E738B500234B72C36973B305460C46A7
:106E50000022134606E0BCF1090F0FD0A1184B72B7
:106E6000013263460A2B0ED803F1010C296ACB5C70
:106E7000202BF6D0052BEED1E523ECE7A1182E2030
:106E800048720132EAE72244002353722B6ADB7A0C
:106E90002372286A1C30FFF77CFE2060286A1630B7
:106EA000FFF777FEE080000CA08038BD2DE9F84F99
:106EB00081468A460F6800F1240B0B222021584698
:106EC000FFF78AFE002633464FF008082CE0013514
:106ED0007B5D2F2BFBD05C2BF9D02F44CAF80070C0
:106EE000002E43D099F82430E52B35D0202C37D80C
:106EF000042389F82F30002028E008264FF00B08E3
:106F000011E014F0800F23D121461948FFF776FED7
:106F100050BBA4F16103DBB2192B01D8203CE4B2D1
:106F20000BF8064001362B465D1CFC5C202CD4D9A6
:106F30002F2CCDD05C2CCBD02E2C01D0B045E0D85E
:106F4000B8F10B0F0ED02E2CD7D00620BDE8F88F4D
:106F5000803C084B1C5DD7E7052389F82430C5E742
:106F60000023C6E70620F1E70620EFE70620EDE75D
:106F7000A8270408585E04080146006838B1024694
:106F80001378202B06D93A2B04D00132F8E74FF0C2
:106F9000FF3070473A2B01D00020704710B40346F1
:106FA00013F8010B3038092808D89A4202D04FF064
:106FB000FF3005E038B901320A6001E04FF0FF30E0
:106FC0005DF8044B70474FF0FF30F9E730B108B57A
:106FD000C06801F01FFC00B1012008BD002070470F
:106FE0002DE9F041C57815B92846BDE8F081044681
:106FF000076B00F1340801233A4641464078FFF719
:10700000ABFD0546A0B90023E370636AFB1AE26991
:107010009342E9D2A67808E0E3691F4401233A4687
:1070200041466078FFF798FD013E012EF4D8DBE77A
:107030000125D9E770B5036B8B4202D1002630469B
:1070400070BD04460D46FFF7CBFF06460028F6D17B
:1070500001232A4604F134016078FFF771FD10B175
:1070600001264FF0FF352563E9E7000038B50446F7
:107070000023C3704FF0FF330363FFF7DBFF30BB28
:10708000054604F23220FFF77FFD4AF65523984269
:107090001FD194F83430E92B07D0636B03F0FF1352
:1070A0000D4A934201D0022514E004F16A00FFF773
:1070B00070FD20F07F40094B98420BD004F1860010
:1070C000FFF767FD064B984204D0022502E0042535
:1070D00000E00325284638BDEB00900046415400EF
:1070E000464154332DE9F04F85B00C461546002338
:1070F0000B60FFF741FF061EC0F24A81B94B53F8FF
:107100002670002F00F046813846FFF75FFF002809
:1071100000F04581276005F0FE053B7873B1787873
:10712000FFF7ECFC10F0010408D1002D00F03381D2
:1071300010F0040F00F02F810A242CE100233B7093
:10714000F0B27870FFF7E6FC10F0010440F02981FE
:107150001DB110F0040F40F0268100213846FFF7E2
:1071600085FF02287ED00026042800F01E81012819
:1071700000F21D8107F13F00FFF706FDB0F5007F2B
:1071800040F0178107F14A00FFF7FEFC054620B9E1
:1071900007F15800FFF7FDFC0546FD6197F8442014
:1071A000BA70531EDBB2012B00F2058105FB02F819
:1071B00097F84190A7F80A90B9F1000F00F0FD8010
:1071C00009F1FF3319EA030F40F0F98007F1450098
:1071D000FFF7DAFC8246388110F00F0F40F0F180A3
:1071E00007F14700FFF7D0FC834620B907F15400B0
:1071F000FFF7CFFC834607F14200FFF7C5FC0246CC
:10720000002800F0E08000EB080303EB1A139B4515
:10721000C0F0DB80ABEB030BBBFBF9F1CB45C0F05F
:10722000D6804FF6F570814234D840F6F570814231
:1072300068D94FF0020B2FE0002004AB03EB85036D
:1072400043F8100C0135032D0ED807F134002B0143
:1072500003F5DF7318440379002BEDD00830FFF7F6
:1072600098FCEAE70025EEE700250AE031463846BB
:10727000FFF7FCFE01287FF677AF0135032D3FF6BF
:1072800073AF04AB03EB850353F8106C002EEDD104
:107290000320F2E74FF0030B01F10209C7F8189041
:1072A0003E6232447A623344FB62BBF1030F2CD05E
:1072B000BAF1000F00F091804244BA62BBF1020FB4
:1072C00034D009EB490309F0010909EB530909F22C
:1072D000FF13B5EB532FC0F082804FF0FF337B617B
:1072E0003B6180233B71BBF1030F22D087F800B0D4
:1072F0003D4A138801339BB21380FB803846FFF769
:107300003FFD48E04FF0010BC6E707F15E00FFF7D5
:107310003BFC00285DD1BAF1000F5CD107F16000A1
:10732000FFF737FCB8624FEA8909D0E74FEA49090D
:10733000CDE707F16400FFF727FC0128D6D1711CC7
:107340003846FFF777FE0028D0D100233B7107F2C3
:107350003220FFF719FC4AF655239842C6D107F1AF
:107360003400FFF716FC214B9842BFD107F5067099
:10737000FFF70FFC1E4B9842B8D107F50770FFF7D7
:1073800008FC786107F50870FFF703FC3861ADE78A
:107390000B2400E00C24204605B0BDE8F08F0F243C
:1073A000F9E70324F7E70A24F5E70124F3E70D24BE
:1073B000F1E70D24EFE70D24EDE70D24EBE70D24B5
:1073C000E9E70D24E7E70D24E5E70D24E3E70D24C5
:1073D000E1E70D24DFE70D24DDE70D24DBE70D24D5
:1073E000D9E700BFC4600020C06000205252614154
:1073F000727241612DE9F047012975D907460C46A3
:10740000164683698B4273D90378022B3ED0032B37
:107410004FD0012B6ED101EB5108416A01EB58218D
:10742000FFF708FE054600285FD107F1340A08F18E
:107430000109C8F3080814F001041DD01AF8083037
:1074400003F00F0343EA0613DBB20AF80830012306
:10745000FB70796A01EB59213846FFF7EBFD0546D1
:10746000002842D1C9F3080944B1C6F307130AF84A
:1074700009300123FB7038E0F3B2E6E71AF809306F
:10748000C6F3032223F00F031343F0E7416A01EB35
:107490001421FFF7CFFD054638BB07F13400640027
:1074A00004F4FF74B1B22044FFF77EFB0123FB70AC
:1074B0001BE0416A01EBD411FFF7BCFD0546A0B902
:1074C00026F0704607F13403A40004F4FE741C4453
:1074D0002046FFF75EFB00F0704131432046FFF786
:1074E00067FB0123FB7000E002252846BDE8F0871A
:1074F0000225FAE70225F8E7F8B50568012954D90D
:107500000C46AB698B4252D92B78022B2BD0032B24
:1075100039D0012B4DD101EB5106696A01EB56219F
:107520002846FFF787FD10B14FF0FF303EE0771C93
:10753000C6F308062E4496F83460696A01EB5721B9
:107540002846FFF777FDB0BBC7F308072F4497F82D
:10755000343046EA032014F0010F01D0000925E081
:10756000C0F30B0022E0696A01EB14212846FFF703
:1075700061FD18BB05F13400640004F4FF7420447D
:10758000FFF702FB12E0696A01EBD4112846FFF70E
:1075900051FDB0B905F13400A40004F4FE74204498
:1075A000FFF7F7FA20F0704000E00120F8BD01205D
:1075B000FCE70120FAE74FF0FF30F7E74FF0FF302C
:1075C000F4E74FF0FF30F1E72DE9F041D0F800800B
:1075D000B1F5001F3FD207460E4611F01F0F3DD1F7
:1075E00041618468E4B998F80030022B01D9D8F8D9
:1075F0002840ACB9B8F80830B3EB561F30D9D8F8EA
:107600002830FB61BC61FB6993B303EB5623FB613C
:1076100008F13408C6F308014144396200201BE038
:10762000B8F80A506D02AE420FD321463846FFF734
:1076300063FF0446B0F1FF3F14D0012814D9D8F8F5
:107640001830834212D9761BEDE721464046FFF7FA
:10765000B5FBF861D6E70220BDE8F0810220FBE728
:107660000220F9E70120F7E70220F5E70220F3E71F
:107670000220F1E72DE9F041054606680F4651B9B1
:10768000D6F81080B8F1000F12D0B369434511D875
:107690004FF001080EE0FFF72FFF0346012847D9FE
:1076A000B0F1FF3F49D0B269824246D8B84601E006
:1076B0004FF0010844460CE021462846FFF71CFF26
:1076C000034678B1012838D0B0F1FF3F35D04445AA
:1076D00032D00134B369A342EED8B8F1010F29D9F1
:1076E0000224E9E74FF0FF3221463046FFF782FEE1
:1076F0000346B0B977B9A3B934617269B369023B83
:107700009A4201D8013A7261337943F0010333712F
:10771000234612E0224639463046FFF76BFE034609
:10772000E9E7012B01D0012307E04FF0FF3304E02C
:10773000012302E0002300E000231846BDE8F081A9
:10774000F8B50C46056801292ED906461146AB69E5
:10775000A3422BD94AB14FF0FF322846FFF74AFE29
:10776000074610B123E0A24221D9274621463046E0
:10777000FFF7C2FE0446E0B101281CD0B0F1FF3F84
:107780001BD0002239462846FFF734FE074670B961
:107790006B69AA69911E8B42E5D201336B612B792B
:1077A00043F001032B71DEE7022700E00227384691
:1077B000F8BD0027FBE70227F9E70127F7E72DE9E6
:1077C000F04706684569C369002B6CD004468846BB
:1077D0002035B5F5001F68D2C5F308073FB901335E
:1077E000C361816979B93389B3EB551F07D96561E5
:1077F00006F134033B4423620020BDE8F0870023F8
:10780000C3610420F9E77389013B13EA5529EED1DE
:10781000FFF772FE8246012849D9B0F1FF3F48D0F8
:10782000B369834237D8B8F1000F11D0A16920465F
:10783000FFF720FF824600283DD001283DD0B0F15F
:10784000FF3F3CD03046FFF7CBFB28B10120D4E707
:107850000023E3610420D0E74FF40072002106F119
:107860003400FFF7B9F951463046FFF7A7FA306305
:10787000738999450BD20123F3703046FFF7B0FBB3
:10788000F8B909F10109336B01333363F0E7336B66
:10789000A3EB09033363C4F818A051463046FFF741
:1078A0008DFAE061A3E70420A7E70420A5E7022002
:1078B000A3E70120A1E707209FE702209DE7012021
:1078C0009BE7012099E770B5044606680021FFF7A1
:1078D0007BFE054640B1284670BD00212046FFF7DB
:1078E0006EFF05460028F6D1E1693046FFF7A2FB9E
:1078F00005460028EFD1206A03787BB1C37A03F0F4
:107900003F03A371C37A13F0080FE6D10B2204F1F1
:107910002401FFF766F90028DFD1DCE70425DAE768
:1079200030B583B004460191056801E0013301934D
:10793000019B1A782F2AF9D05C2AF7D00022A26086
:107940001B781F2B1ED901A92046FFF7AFFA03466B
:1079500000BB2046FFF7B7FF94F82F200346E0B99D
:1079600012F0040F16D1A37913F0100F1CD005F1FB
:1079700034016369C3F3080319442846FFF73BFA4F
:10798000A060E0E7802384F82F3011462046FFF7FF
:107990001BFE0346184603B030BD0428FAD112F08E
:1079A000040FF7D10523F5E70523F3E7F8B50446FF
:1079B0000E4607680021FFF707FE0246C0B9002502
:1079C00008E00135B54213D001212046FFF7F7FE4C
:1079D000024668B9E1693846FFF72CFB024638B920
:1079E000236A1B78E52BECD0002BEAD00025EBE7CF
:1079F000042A01D01046F8BD0722FBE770B5044603
:107A000006680121FFF7D2FF054608B1284670BD80
:107A1000E1693046FFF70EFB05460028F6D120222B
:107A20000021206AFFF7D8F80B2204F12401206A14
:107A3000FFF7C8F80123F370E8E7F8B504460E46EF
:107A40000568042705E000212046FFF7B8FE074639
:107A5000E8B9E169D9B12846FFF7ECFA0746B0B9B1
:107A6000236A1A7892B1DB7A03F03F03A371E52A07
:107A7000E9D02E2AE7D00F2BE5D023F02003082BE6
:107A800014BF00230123B342DDD100E004270FB16E
:107A90000023E3613846F8BD60B108B503460C2900
:107AA00002D80B2902D308BD0F29FCD0D86800F0FA
:107AB000BBFEF8E7704738B50D46044608B30068CA
:107AC00008B3037813B3A288C3889A4203D009206D
:107AD00000242C6038BDFFF779FA10B90F2000247C
:107AE000F7E723685878FFF709F810F0010001D193
:107AF0002468EEE700212068FFF7CEFF092000246C
:107B0000E7E70920E5E704460920E2E70920002429
:107B1000DFE7000070B50446FFF762FA054648B992
:107B20002378032B08D0002211466078FFF720F855
:107B300000B10125284670BD2379012BF3D104F152
:107B400034064FF4007200213046FFF745F84AF63C
:107B5000552104F23220FFF727F80F493046FFF78E
:107B600027F80E4904F50670FFF722F8616904F55D
:107B70000770FFF71DF8216904F50870FFF718F882
:107B8000226A01322263012331466078FEF7E4FF66
:107B900000232371C7E700BF5252614172724161F5
:107BA00070B584B0019000911646039103A8FFF7C9
:107BB000E3F9041E2CDB1A4B53F8245045B1284638
:107BC000FFF7DEF8E86800F020FE18B300232B7002
:107BD000019B3BB100221A7001990C31E0B200F018
:107BE00004FEC8B1019B0E4A42F82430B3B1012E05
:107BF00003D00024204604B070BD002201A96846CD
:107C0000FFF770FA044601460198FFF745FFF1E7D8
:107C10000B24EFE70224EDE70224EBE70024E9E779
:107C2000C46000202DE9F04391B00191002800F0DC
:107C30000A811446064602F03F073A4602A901A807
:107C4000FFF750FA054648B10023336029460298F1
:107C5000FFF722FF284611B0BDE8F083029B039393
:107C6000019903A8FFF75CFE054660B99DF93B301A
:107C7000002B52DB14F03E0F14BF0121002103A89A
:107C8000FEF7C4FF054614F01C0F5CD0002D50D049
:107C9000042D44D047F00807002DD5D117F0080F68
:107CA00062D0FEF7B7FD044601460B980E30FEF792
:107CB0007FFF21460B981630FEF77AFF0B9B2022A0
:107CC000DA72DDF80880DDF82C9049464046FFF76F
:107CD00092F80446002249464046FFF79FF80021EB
:107CE0000B981C30FEF764FF029B0122DA70002C17
:107CF0003AD0029BD3F830800022214603A8FFF738
:107D00001FFD054600289FD141460298FFF792F9D2
:107D10000546013C029B1C6126E00625B3E7FEF701
:107D2000AFFF08B91225B5E703A8FFF767FE0546C0
:107D3000B0E79DF8123013F0110F14D114F0040FB6
:107D4000AAD0082580E7002D7FF47EAF9DF8123081
:107D500013F0100F73D114F0020F05D013F0010FC0
:107D600002D0072570E70725002D7FF46DAF17F0CF
:107D7000080F01D047F04007029B1B6B73620B9BFF
:107D8000B362012F94BF0021012103A8FEF788FFF1
:107D9000306108B9022557E7029CDDF82C80414686
:107DA0002046FFF728F8B06008F11C00FEF7F1FE4E
:107DB000F0600021F1623460E388B380377571753B
:107DC0003162B16106F130084FF400724046FEF7AF
:107DD00003FF17F0200F2ED0F46864B3B461029B48
:107DE0005F897F02B16801E00225E41B65B9BC42EE
:107DF0000AD93046FFF780FB01460128F4D9B0F1DB
:107E0000FF3FF2D10125F0E7F161002D7FF41CAFB7
:107E1000C4F308037BB1029F3846FEF7CFFF08B9D1
:107E2000022511E700EB54223262012341467878A3
:107E3000FEF786FE28B9002D3FF408AF04E70425BD
:107E400002E7012500E7092504E72DE9F04F85B099
:107E500004468846154699460023C9F8003003A910
:107E6000FFF729FE019068B9637D019353B9237D23
:107E700013F0010F0ED0E668A369F61AAE4275D36F
:107E80002E4673E001990398FFF706FE019805B0AE
:107E9000BDE8F08F07210398FFF7FEFD072301934C
:107EA000F4E7E36A1BB12046FEF794FF6EE0E16958
:107EB0002046FFF721FB69E00225657529460398F6
:107EC000FFF7EAFD0195E1E701256575294603986D
:107ED000FFF7E2FD0195D9E7022565752946584669
:107EE000FFF7DAFD0195D1E701256575294603986D
:107EF000FFF7D2FD0195C9E7206AA0EB0A00A8426E
:107F00006BD24FF4007204F1300108EB4020FEF711
:107F100059FE62E0226A52450DD094F91430002BCC
:107F20005DDB0123524604F1300103984078FEF7EF
:107F300007FE002868D1C4F820A0A369C3F3080392
:107F4000C3F50075AE4200D2354604F130012A4631
:107F500019444046FEF736FEA844A3692B44A361AA
:107F6000D9F800302B44C9F80030761B002E53D0CE
:107F7000A169C1F30803002BDFD1039B5F89013F97
:107F800017EA512708D100298BD1A068012893D97D
:107F9000B0F1FF3F98D0E061DDF80CB0E1695846E0
:107FA000FEF70CFF8246002896D0BA44750AB6F553
:107FB000007FAFD37B19BBF80A20934200D9D51BB1
:107FC0002B46524641469BF80100FEF7B9FD0028BA
:107FD0008AD194F91430002B8EDB6D02BCE70123AB
:107FE00004F130019BF80100FEF7B6FD20B9237DB6
:107FF00003F07F03237594E70125657529460398EF
:10800000FFF74AFD019541E701256575294603986B
:10801000FFF742FD019539E700210398FFF73CFD8A
:1080200034E72DE9F04F85B0044688461646994658
:108030000023C9F8003003A9FFF73DFD019060B9A6
:10804000637D01934BB9237D13F0020F0DD0A3691B
:10805000F342C0F0BE80DE43BBE001990398FFF716
:108060001BFD019805B0BDE8F08F07210398FFF7CD
:1080700013FD07230193F4E7E36A002B36D0204673
:10808000FEF7A8FE002800F0CE80012833D0B0F122
:10809000FF3F38D0E061A36803B9A06094F91430C1
:1080A000002B38DBDDF80CB0E1695846FEF786FEA0
:1080B0008246002845D0BA44750AB6F5007F5DD3E4
:1080C0007B19BBF80A20934200D9D51B2B46524698
:1080D00041469BF80100FEF73FFD002839D1216A97
:1080E000A1EB0A01A9423CD36D0263E0E16920469D
:1080F000FFF7C0FAC6E70225657529460398FFF722
:10810000CBFC0195ADE70125657529460398FFF77E
:10811000C3FC0195A5E70123226A04F1300103980D
:108120004078FEF719FD20B9237D03F07F03237506
:10813000B8E70125657529460398FFF7ADFC019561
:108140008FE70225657529465846FFF7A5FC01957E
:1081500087E70125657529460398FFF79DFC019582
:108160007FE74FF4007208EB412104F13000FEF785
:1081700029FD237D03F07F032375B5E7236A53456B
:1081800003D0A269E3689A423BD3C4F820A0A36954
:10819000C3F30803C3F50075AE4200D2354604F1BF
:1081A00030002A4641461844FEF70CFD237D63F05B
:1081B0007F032375A844A3692B44A361E26893421B
:1081C00038BF1346E360D9F800302B44C9F80030BB
:1081D000761B46B3A169C1F30803002BD7D1039BDB
:1081E0005F89013F17EA51277FF458AF00297FF4D8
:1081F00043AFA06800287FF448AF2046FFF73AFA63
:1082000040E70123524604F130019BF80100FEF7DC
:1082100097FC0028B9D00125657529460398FFF71A
:108220003BFC01951DE7237D43F0400323750021AE
:108230000398FFF731FC14E770B582B0044601A93A
:10824000FFF739FC054678B9237D13F0400F0BD0BA
:1082500013F0800F0FD1FEF7DDFA0646616A019830
:10826000FEF7E8FE0546D0B129460198FFF714FC59
:10827000284602B070BD0123226A04F13001019842
:108280004078FEF769FC20B9237D03F07F03237556
:10829000E1E701210198FFF7FFFB0125E8E7A56A67
:1082A000EB7A43F02003EB72A26829462068FEF7C0
:1082B000B5FDE16805F11C00FEF77AFC314605F1D9
:1082C0001600FEF775FC002105F11200FEF76CFCAC
:1082D000019B0122DA700198FFF71CFC0546237D03
:1082E00023F040032375BFE730B583B00446FFF7A2
:1082F000A3FF054610B1284603B030BD01A92046B2
:10830000FFF7D9FB05460028F5D12069FEF718FDD7
:10831000054608B90023236000210198FFF7BCFB44
:10832000E9E72DE9F04F83B004460D4601A9FFF7B8
:10833000C2FB0646A0B9667D96B9E36A002B00F041
:10834000A780B5F1FF3F13D0E768AF4200D32F46B7
:10835000A761002F50D131460198FFF79DFB03E044
:1083600031460198FFF798FB304603B0BDE8F08F27
:10837000984658F804BBD4F808A0BAF1000F2FD0E3
:108380004FF0020909F102095146002701370D4655
:108390002046FFF7B1F80146012813D9B0F1FF3F9D
:1083A00017D001358542F1D0CB4505D3434643F87C
:1083B000087BC8F804A09846019B9B698B4211D9A1
:1083C0008A46DFE70226667531460198FFF764FBAF
:1083D000CAE70126667531460198FFF75DFBC3E7E2
:1083E0004FF00209E36AC3F80090D94500F2178103
:1083F0000023C8F80030AEE707F1FF3949462046B0
:10840000FEF7E8FC0146E061DDF804804046FEF737
:10841000D5FCD8B1B8F80A50013D05EA5925054404
:10842000C7F30807002F96D0226AAA4293D094F986
:108430001430002B11DB01232A4604F1300101988E
:108440004078FEF77DFBE0B9256284E70226667579
:1084500031464046FFF720FB86E7012304F1300157
:1084600098F80100FEF778FB20B9237D03F07F0325
:108470002375E0E70126667531460198FFF70CFB8E
:1084800072E70126667531460198FFF705FB6BE739
:10849000E368AB4204D2227D12F0020F00D11D46E8
:1084A000A3690022A261DDB1019AB2F80A804FEA05
:1084B000482873B16A1EB2FBF8F2013BB3FBF8F136
:1084C0008A4206D3C8F100021340A361EF1AE5699E
:1084D00004E0A06830B3E0612F460546002D49D185
:1084E000A369E268934204D9E360227D42F040022E
:1084F0002275C3F30803002B3FF42DAF226AAA4272
:108500003FF429AF94F91430002B6DDB01232A4688
:1085100004F1300101984078FEF712FB002877D172
:10852000256218E700212046FFF7A4F8012804D0AF
:10853000B0F1FF3F08D0A060CDE702266675314656
:108540000198FFF7A9FA0FE70126667531460198F1
:10855000FFF7A2FA08E729462046FEF7CDFF0546B9
:10856000B5F1FF3F29D0012D2ED9019B9B69AB426C
:108570002AD9E561474510D9A7EB0807A369434409
:10858000A361237D13F0020FE5D029462046FFF7B3
:1085900071F805460028E3D10746A3693B44A3616F
:1085A000C7F30803F3B1DDF8048029464046FEF71F
:1085B00005FC80B100EB572592E701266675314630
:1085C0000198FFF769FACFE60226667531460198F1
:1085D000FFF762FAC8E60226667531464046FFF7A5
:1085E0005BFAC1E61D467BE7012304F130010198E7
:1085F0004078FEF7B1FA20B9237D03F07F0323759D
:1086000084E70126667531460198FFF745FAABE627
:108610000126667531460198FFF73EFAA4E6112659
:1086200099E630B585B00191002843D00546002277
:1086300003A901A8FEF756FD044640B100232B60B4
:1086400021460398FFF728FA204605B030BD039B6A
:108650002B6001992846FFF763F9044618BB95F98A
:108660002F30002B08DBAB7913F0100F1AD0296ADA
:108670000398FEF7C0FBA860039BDB88AB8000215A
:108680002846FEF7A1FF044668B9AB6813B900237A
:108690002B6108E000212846FEF702FB286110B993
:1086A000122402E00524042C02D0002CC8D0C5E717
:1086B0000524C3E70924C7E730B583B0044601A900
:1086C000FFF7F9F9054640B9206948B90DB900230B
:1086D000236000210198FFF7DFF9284603B030BD81
:1086E000FEF72EFB0546F1E770B582B004460E4654
:1086F00001A9FFF7E0F90546C0B996B1002120466F
:10870000FFF79BF9042800D0B8B931462046FEF7A0
:1087100098FB00212046FFF752F8042806D00546B2
:1087200004E000212046FEF74FFF05462946019848
:10873000FFF7B2F9284602B070BD0546F6E730B53E
:1087400091B001900D46002203A901A8FEF7CAFCD2
:10875000044630B121460398FFF79EF9204611B038
:1087600030BD019903A8FFF7DBF804460028F1D1DA
:108770009DF93B30002B06DB002DEBD0294603A8EA
:10878000FEF75FFBE6E70624E4E70000134B5B7AA5
:1087900013BB10B5044603F0FF00104B93F809C05B
:1087A0005FFA8CFC4FF0000E03F80CE093F809C060
:1087B00003EB8C0CCCF804405C7A1C4422725A7A8D
:1087C000541CE4B25C7230320A703A234B702F238F
:1087D0008B7081F803E010BD01207047C860002055
:1087E00008B50022FFF7D2FF08BD10B582B00C46D5
:1087F0000023009301930121684600F077F8206080
:10880000003818BF012002B010BD08B500F0EEF826
:10881000012008BD08B54FF47A7100F08BF808B15B
:10882000002008BD0120FCE708B500F0B2F808BD43
:10883000842801D00330704700207047EFF3058093
:10884000003818BF0120704708B501F0AFFB0020C9
:1088500008BD08B501F034FE012801D0012008BD93
:108860000020FCE708B5FFF7E9FF10B101F0EEFBCF
:1088700008BD01F0E5FBFBE72DE9F04387B00E46AC
:108880004469C4B18569B5B14768D0F80080D0F8B3
:108890001090B0F90800FFF7CBFF0295019400900B
:1088A00033464A464146384601F010FB059005988C
:1088B00007B0BDE8F083446805680769B0F90800AF
:1088C000FFF7B6FF05AB019300903346BAB22946D5
:1088D000204601F038FB0128E9D00020E8E708B580
:1088E00000B9012001F0C2FC002008BD10B582B023
:1088F00044687CB1012903D00024204602B010BD99
:1089000003230093234600221146012000F024FD9A
:108910000446F2E70129F0D103220021012000F0F2
:1089200065FD04460028E8D000231A46194600F0E9
:1089300081FDE2E770B582B00023019318B30C46C5
:108940000646FFF77BFF0546A0B101AA002130468D
:1089500001F076F8012818D1019D8DB14FF0E02388
:108960004FF08052C3F8042DBFF34F8FBFF36F8FCA
:10897000002505E02146304600F08FFF012806D192
:10898000284602B070BD8025FAE7FF25F8E7FF25ED
:10899000F6E710B582B0044600230193FFF74EFFBF
:1089A00098B101A9204600F070FE01281AD1019B60
:1089B000D3B14FF0E0234FF08052C3F8042DBFF342
:1089C0004F8FBFF36F8F002008E000231A4619462F
:1089D000204600F02FFD012802D0FF2002B010BD7C
:1089E0000020FBE7FF20F9E70020F7E710B5044679
:1089F000FFF724FF20B9204601F090F8002010BDB9
:108A00008220FCE700B583B0826842B1C36833B10D
:108A1000002100914168006800F09EFC04E0002203
:108A20004168006800F0E2FC03B05DF804FB30B57B
:108A300085B00446019100230393154602B9012530
:108A4000FFF7FCFEA8B1002303AA01A9204600F00D
:108A5000B5FD012818D1039BC3B14FF0E0234FF0BF
:108A60008052C3F8042DBFF34F8FBFF36F8F0020E8
:108A700008E000232A4601A9204600F0DBFC01287B
:108A800006D1002005B030BDFF20FBE70020F9E74C
:108A9000FF20F7E770B584B00446029100230193EC
:108AA000E1B10D46164600230393FFF7C7FE00B35E
:108AB00003AA01A9284600F0C3FF012816D000230D
:108AC0000093039BFBB14FF0E0234FF08052C3F8BB
:108AD000042DBFF34F8FBFF36F8F14E080230093FB
:108AE0006B4693E8070084E8070011E01023009329
:108AF000E7E7324601A9284600F020FE01280AD007
:108B000006B1402600966B4693E8070084E807000C
:108B1000204604B070BD10230093F4E700F1080371
:108B200043604FF0FF328260C36003610023036043
:108B3000704700230361704743684B609A688A60FE
:108B4000516099600861036801330360704730B475
:108B50000D68B5F1FF3F11D000F108031C465B68BA
:108B60001A68AA42FAD963684B6099608C606160A8
:108B7000086103680133036030BC70470469F2E7A1
:108B80000369416882688A60416851605A6882421C
:108B900006D0002202611A68013A1A60186870470C
:108BA00082685A60F5E7000082B0002301930D4B04
:108BB0001B68B3F1FF3F08D04FF0200383F3118807
:108BC000BFF36F8FBFF34F8FFEE74FF0200383F3A8
:108BD0001188BFF36F8FBFF34F8F019B002BFCD029
:108BE00002B070474C00002008480068006880F31D
:108BF00008884FF0000080F3148862B661B6BFF3B6
:108C00004F8FBFF36F8F00DF00BF000008ED00E063
:108C1000DFF80C00016841F470010160704700004A
:108C200088ED00E04FF0807340F8043C21F0010132
:108C300040F8081C054B40F80C3C40F8202C6FF025
:108C4000020340F8243C4438704700BFA98B000859
:108C5000074B19680868B0E8F04F80F30988BFF344
:108C60006F8F4FF0000080F311887047AFF30080E2
:108C700074C500204FF0200383F31188BFF36F8F7A
:108C8000BFF34F8F0B4A136801331360012B00D0E1
:108C900070474FF0E023D3F8043D13F0FF0FF7D0F7
:108CA0004FF0200383F31188BFF36F8FBFF34F8F13
:108CB000FEE700BF4C000020094B1B6843B94FF092
:108CC000200383F31188BFF36F8FBFF34F8FFEE74D
:108CD000013B034A13600BB983F31188704700BF4F
:108CE0004C00002000000000000000000000000018
:108CF000EFF30980BFF36F8F154B1A681EF0100F4A
:108D000008BF20ED108A20E9F04F10602DE909001E
:108D10004FF0200080F31188BFF34F8FBFF36F8FA8
:108D200001F0CAFA4FF0000080F3118809BC1968FD
:108D30000868B0E8F04F1EF0100F08BFB0EC108AC2
:108D400080F30988BFF36F8F704700BFAFF30080D7
:108D500074C5002008B54FF0200383F31188BFF3DA
:108D60006F8FBFF34F8F01F079F928B14FF0E023F7
:108D70004FF08052C3F8042D002383F3118808BDFF
:108D80004FF0E022002313619361054B1B680549F6
:108D9000A1FB03139B09013B536107231361704738
:108DA00030000020D34D62104FF0E023D3F8002DA7
:108DB0003D4B9A421CD04FF0E023D3F8002D3B4BA3
:108DC0009A421ED030B583B0394B1A78D2B2019294
:108DD000FF221A701B78DBB28DF803309DF8033048
:108DE00003F02003334A1370334B07221A601BE051
:108DF0004FF0200383F31188BFF36F8FBFF34F8FC2
:108E0000FEE74FF0200383F31188BFF36F8FBFF3AA
:108E10004F8FFEE7284A1368013B13609DF803302B
:108E20005B00DBB28DF803309DF8033013F0800F48
:108E3000F0D1214B1B68032B08D04FF0200383F3A4
:108E40001188BFF36F8FBFF34F8FFEE71B021A4AE3
:108E5000136003F4E0631360019BDBB2144A1370E8
:108E60004FF0E024D4F8203D43F47003C4F8203DD3
:108E7000D4F8203D43F07043C4F8203DFFF780FF55
:108E800000250E4B1D60FFF7C3FED4F8343F43F0BE
:108E90004043C4F8343FFFF7A7FE01F00DFAFFF797
:108EA00083FE284603B030BD71C20F4170C20F412E
:108EB00000E400E0D8600020D46000204C000020D6
:108EC000EFF305830F2B0FD9114A9B5CDBB2114ADC
:108ED00012789A4208D94FF0200383F31188BFF328
:108EE0006F8FBFF34F8FFEE74FF0E023D3F80C3DB9
:108EF00003F4E063084A1268934208D94FF0200354
:108F000083F31188BFF36F8FBFF34F8FFEE7704776
:108F1000F0E300E0D8600020D4600020134A12F093
:108F2000070F1FD0D11D21F00701C1F5C643103333
:108F300013440A460E480260002141601344083B76
:108F400023F007030B48036059601960991A5160B8
:108F50001360094B1960094B1960094B4FF000422F
:108F60001A60704746F21033E4E700BFFC6000204F
:108F7000F4600020F0600020E8600020EC60002039
:108F8000DC600020164B1A461B688342FBD35168F5
:108F900002EB010C844509D0416800EB010C6345EC
:108FA00009D00360904219D01060704740680144B6
:108FB00051601046F0E710B40A4C2468A3420BD06D
:108FC0005B681944416013681B680360904200D0DD
:108FD00010605DF8044B70470460F7E7704700BF0E
:108FE000F4600020F060002038B5044601F020F85D
:108FF000384B1B68B3B1384B1B681C4250D1002C56
:1090000050D004F1080214F0070F02D022F007023A
:109010000832002A55D0314B1B68934253D3304954
:109020000C6804E0FFF77AFFE5E721461C46636819
:10903000934202D22368002BF7D1264B1B68A34230
:1090400043D00D68083523680B6063689B1A102BAA
:1090500010D9A01810F0070F08D04FF0200383F3A9
:109060001188BFF36F8FBFF34F8FFEE743606260DD
:10907000FFF788FF626819490B689B1A0B60194952
:1090800009688B4201D217490B60134B1B681343CD
:10909000636000232360144A13680133136002E005
:1090A000002500E0002501F065F815F0070F0ED04F
:1090B0004FF0200383F31188BFF36F8FBFF34F8FFF
:1090C000FEE70025EFE70025EDE70025EBE7284662
:1090D00038BD00BFF0600020DC600020EC600020A4
:1090E000F4600020E8600020E4600020002834D014
:1090F00038B50446A0F1080550F8043C174A126838
:10910000134208D14FF0200383F31188BFF36F8F10
:10911000BFF34F8FFEE750F8081C41B14FF020031A
:1091200083F31188BFF36F8FBFF34F8FFEE723EAFE
:10913000020340F8043C00F07BFF54F8041C084A8A
:1091400013680B4413602846FFF71CFF054A136899
:109150000133136001F00EF838BD7047DC60002069
:10916000EC600020E06000200346406A18B11B6BF1
:109170001868C0F10700704710B50446FFF77AFD84
:10918000A26BE36B9A4204D00024FFF795FD2046C2
:1091900010BD0124F9E710B50446FFF76BFDA36B82
:1091A00023B90124FFF788FD204610BD0024F9E70C
:1091B00070B504461546866B026C5AB903681BB13C
:1091C00000200136A66370BD806801F0DFF900233E
:1091D000A360F6E76DB94068F7F782F96368226C1F
:1091E00013446360A268934219D3236863602846DE
:1091F000E7E7C068F7F774F9E368226C51429B1AFD
:10920000E3602268934202D2A3680B44E360022D1C
:1092100001D00020D5E726B1013E0020D1E7284645
:10922000CFE70020CDE70346026C6AB110B50846CF
:10923000D9681144D9609C68A14201D31968D960EA
:10924000D968F7F74DF910BD704738B50546FFF7F7
:1092500011FD95F8454064B201E0013C64B2002C78
:109260000ADD6B6A43B105F1240001F08FF8002894
:10927000F3D001F01FF9F0E7FF2385F84530FFF741
:109280001BFDFFF7F7FC95F8444064B201E0013C98
:1092900064B2002C0ADD2B6943B105F1100001F026
:1092A00075F80028F3D001F005F9F0E7FF2385F801
:1092B0004430FFF701FD38BD38B5E0B10D46044636
:1092C000FFF7D8FC2368E26B216C01FB0230A06041
:1092D0000020A0636360013A02FB0133E360FF23D7
:1092E00084F8443084F84530FDB9236963B9FFF749
:1092F000E3FC012038BD4FF0200383F31188BFF356
:109300006F8FBFF34F8FFEE704F1100001F03EF8BE
:109310000028ECD04FF0E0234FF08052C3F8042D2A
:10932000BFF34F8FBFF36F8FE1E704F11000FFF73A
:10933000F5FB04F12400FFF7F1FBD8E710B5034675
:1093400002980C4631B90060C36304640121FFF741
:10935000B3FF10BD0260F7E740B94FF0200383F37D
:109360001188BFF36F8FBFF34F8FFEE710B584B046
:109370001C46844653B192B189B94FF0200383F360
:109380001188BFF36F8FBFF34F8FFEE74FF02003BD
:1093900083F31188BFF36F8FBFF34F8FFEE76AB17E
:1093A00048230393039B482B13D04FF0200383F3F0
:1093B0001188BFF36F8FBFF34F8FFEE70029EFD007
:1093C0004FF0200383F31188BFF36F8FBFF34F8FEC
:1093D000FEE7039B012384F8463000949DF8183083
:1093E0006046FFF7ABFF204604B010BD40B94FF018
:1093F000200383F31188BFF36F8FBFF34F8FFEE716
:10940000F0B583B00D461446064601FB00F0483027
:10941000FFF7EAFD074650B1002380F84630009080
:10942000234600F1480229463046FFF787FF3846B9
:1094300003B0F0BDF0B585B0019288B10F461D466E
:109440000446B1B1022D20D1E36B012B1DD04FF0AA
:10945000200383F31188BFF36F8FBFF34F8FFEE7B5
:109460004FF0200383F31188BFF36F8FBFF34F8F4B
:10947000FEE7036C002BE5D04FF0200383F3118847
:10948000BFF36F8FBFF34F8FFEE701F019F8064669
:1094900058B9019B002B48D04FF0200383F311886B
:1094A000BFF36F8FBFF34F8FFEE700263DE02A46E4
:1094B00039462046FFF77CFE636A7BB948B14FF01E
:1094C000E0234FF08052C3F8042DBFF34F8FBFF35A
:1094D0006F8FFFF7F1FB012005B0F0BD04F1240010
:1094E00000F054FF0028F4D04FF0E0234FF08052FA
:1094F000C3F8042DBFF34F8FBFF36F8FE9E7FFF77A
:10950000DBFB0020E8E702A800F086FF012619E057
:10951000002384F8443021E0002384F8453023E020
:109520002046FFF792FE00F025FEFFF7A3FBA26B9B
:10953000E36B9A42BBD3022DB9D0019B002BDED046
:10954000002EE0D0FFF7B8FB00F072FDFFF792FBB2
:1095500094F8442052B2B2F1FF3FD9D094F845209C
:1095600052B2B2F1FF3FD7D0FFF7A6FB01A902A884
:1095700000F05EFFD8B92046FFF7FEFD0028CFD0EF
:10958000019904F1100000F0E9FE2046FFF75DFEAE
:1095900000F0F0FD0028C8D14FF0E0234FF08052DA
:1095A000C3F8042DBFF34F8FBFF36F8FBDE7204685
:1095B000FFF74BFE00F0DEFD00208DE72DE9F843BC
:1095C00090B10F4616461C460546B1B1022C20D17B
:1095D000EB6B012B1DD04FF0200383F31188BFF3F9
:1095E0006F8FBFF34F8FFEE74FF0200383F3118897
:1095F000BFF36F8FBFF34F8FFEE7036C002BE5D0F7
:109600004FF0200383F31188BFF36F8FBFF34F8FA9
:10961000FEE7FFF755FCEFF311884FF0200383F3CB
:109620001188BFF36F8FBFF34F8FAA6BEB6B9A421A
:1096300006D3022C04D0002088F31188BDE8F883FB
:1096400095F845904FFA89F9AB6B22463946284682
:10965000FFF7AEFDB9F1FF3F06D009F101035BB2A0
:1096600085F845300120E7E76B6A0BB90120E3E795
:1096700005F1240000F08AFE18B126B10120306007
:10968000DAE70120D8E70120D6E768B170B50C46CB
:109690000546036C8BB14FF0200383F31188BFF3B1
:1096A0006F8FBFF34F8FFEE74FF0200383F31188D6
:1096B000BFF36F8FBFF34F8FFEE70368EBB1FFF788
:1096C000FFFBEFF311864FF0200383F31188BFF304
:1096D0006F8FBFF34F8FAA6BEB6B934226D995F830
:1096E00045305BB20132AA63B3F1FF3F11D00133C1
:1096F0005BB285F84530012019E08368002BDED08D
:109700004FF0200383F31188BFF36F8FBFF34F8FA8
:10971000FEE76B6A0BB9012009E005F1240000F0B7
:1097200035FE38B144B10120206000E0002086F30E
:10973000118870BD0120FAE70120F8E7F0B585B087
:10974000019290B10F460446C1B100F0B9FE064641
:1097500000BB019B002B5ED04FF0200383F31188E8
:10976000BFF36F8FBFF34F8FFEE74FF0200383F3FC
:109770001188BFF36F8FBFF34F8FFEE7036C002B91
:10978000E3D04FF0200383F31188BFF36F8FBFF353
:109790004F8FFEE700263EE039462046FFF743FDA7
:1097A000013DA563236923B9FFF786FA012005B0BF
:1097B000F0BD04F1100000F0E9FD0028F4D04FF0F6
:1097C000E0234FF08052C3F8042DBFF34F8FBFF357
:1097D0006F8FE9E7FFF770FA0020E8E702A800F0D2
:1097E0001BFE012621E0002384F8443029E00023F9
:1097F00084F845302BE02046FFF727FD00F0BAFC47
:1098000009E02046FFF721FD00F0B4FC2046FFF7F9
:10981000C2FC00283FD1FFF72DFAA56B002DBBD16C
:10982000019B002BD6D0002ED8D0FFF745FA00F0D0
:10983000FFFBFFF71FFA94F844305BB2B3F1FF3F30
:10984000D1D094F845305BB2B3F1FF3FCFD0FFF7F2
:1098500033FA01A902A800F0EBFD0028D1D120467F
:10986000FFF799FC0028C6D0019904F1240000F00C
:1098700075FD2046FFF7E9FC00F07CFC0028CAD10A
:109880004FF0E0234FF08052C3F8042DBFF34F8F09
:10989000BFF36F8FBFE7002089E770B584B00191F7
:1098A00058B10446036C8BB14FF0200383F3118849
:1098B000BFF36F8FBFF34F8FFEE74FF0200383F3AB
:1098C0001188BFF36F8FBFF34F8FFEE700F0F8FDF5
:1098D000054650B9019B5BB14FF0200383F311881B
:1098E000BFF36F8FBFF34F8FFEE70026354655E07D
:1098F000064653E0013BA36323683BB123694BB9A0
:10990000FFF7DAF90126304604B070BD00F0F0FE32
:10991000A060F3E704F1100000F038FD0028EFD05C
:109920004FF0E0234FF08052C3F8042DBFF34F8F68
:10993000BFF36F8FE4E746B14FF0200383F3118844
:10994000BFF36F8FBFF34F8FFEE7FFF7B5F9DAE78D
:1099500002A800F061FD01252AE0002384F84430CC
:1099600032E0002384F8453034E0FFF783F9A06843
:1099700000F0B6FD0646FFF79FF93BE02046FFF7F3
:1099800064FC00F0F7FB09E02046FFF75EFC00F006
:10999000F1FB2046FFF7FFFB002842D1FFF76AF9F1
:1099A000A36B002BA6D1019B002BC4D0002DCFD0E0
:1099B000FFF782F900F03CFBFFF75CF994F84430C4
:1099C0005BB2B3F1FF3FC8D094F845305BB2B3F15E
:1099D000FF3FC6D0FFF770F901A902A800F028FDEB
:1099E0000028D1D12046FFF7D6FB0028C6D0236837
:1099F000002BBAD0019904F1240000F0AFFC2046FE
:109A0000FFF723FC00F0B6FB0028C7D14FF0E0239E
:109A10004FF08052C3F8042DBFF34F8FBFF36F8F09
:109A2000BCE70EB900266EE7FFF724F92046FFF7E2
:109A30009BFB0146A06800F001FEFFF73DF9F1E74E
:109A40002DE9F843B0B10D4690460446D9B1FFF771
:109A500037FAEFF311874FF0200383F31188BFF338
:109A60006F8FBFF34F8FA66BCEB9002087F311889D
:109A7000BDE8F8834FF0200383F31188BFF36F8FA5
:109A8000BFF34F8FFEE7036C002BE0D04FF02003B5
:109A900083F31188BFF36F8FBFF34F8FFEE794F806
:109AA00044904FFA89F929462046FFF7BCFB731E04
:109AB000A363B9F1FF3F06D009F101035BB284F85B
:109AC00044300120D2E723690BB90120CEE704F12D
:109AD000100000F05BFC30B1B8F1000F05D00120A0
:109AE000C8F80000C2E70120C0E70120BEE700007F
:109AF0000023072B0FD8084A02EBC30252688242A8
:109B000001D00133F5E7044A002142F8331002EB9B
:109B1000C3025160704770470CC4002038B110B5C3
:109B20000446FFF7E5FF94F846304BB110BD4FF007
:109B3000200383F31188BFF36F8FBFF34F8FFEE7CE
:109B40002046FFF7D3FAF1E7084B1B681B6823B9DF
:109B5000074B4FF0FF321A607047044B1B68DB68FD
:109B6000DB685A68024B1A60704700BFBCC4002013
:109B700054C400202DE9F04707469846089DDDF8BB
:109B800024900A9C266B02F18042013A06EB820681
:109B900026F00706002964D008464FF0000CBCF1FF
:109BA0000F0F09D810F80C2004EB0C0383F83420B5
:109BB00012B10CF1010CF2E7002384F84330062DBA
:109BC00000D90625E56265644FF0000AC4F848A094
:109BD000201DFEF7AEFF04F11800FEF7AAFF246176
:109BE000C5F10705A5616462C4F890A184F894A149
:109BF0004FF4A072514604F1500030F09DFE1B4B13
:109C0000636503F16802A265D033E3650122002396
:109C1000C4E93A2343F20E33A4F8F0304AF6CD33C8
:109C2000A4F8F23041F23423A4F8F4304EF26D631C
:109C3000A4F8F6304DF6EC63A4F8F8300523A4F848
:109C4000FA300B23A4F8FC30424639463046FEF782
:109C5000E9FF2060B9F1000F01D0C9F80040BDE86C
:109C6000F087002384F83430A9E700BFD4AB01208B
:109C700038B5002407E004EB840293000E48184432
:109C8000FEF74CFF0134062CF5D90C4D2846FEF7A3
:109C900045FF0B4C2046FEF741FF0A48FEF73EFF0A
:109CA0000948FEF73BFF0948FEF738FF084B1D60E7
:109CB000084B1C6038BD00BFE8C40020D4C400209D
:109CC000C0C40020A4C4002090C4002078C4002098
:109CD000BCC40020B8C4002010B50446FEF7CAFF7B
:109CE000214A136801331360204B1B685BB1204B82
:109CF0001B686BB91D4B1B68DA6AE36A9A4207D886
:109D00001A4B1C6004E0194B1C601368012B28D00F
:109D1000184A136801331360E06A01238340164A2E
:109D200011680B43136000EB8000211D134B03EB04
:109D30008000FEF701FFFEF7BFFF0D4B1B687BB1F4
:109D40000A4B1B68DA6AE36A9A4209D24FF0E023B1
:109D50004FF08052C3F8042DBFF34F8FBFF36F8FC6
:109D600010BDFFF785FFD3E774C4002074C5002041
:109D700068C4002058C400206CC40020E8C400203F
:109D800010B50446503031F071F994F8953163B153
:109D9000012B11D0022B0ED04FF0200383F311883A
:109DA000BFF36F8FBFF34F8FFEE7206BFFF79EF976
:109DB0002046FFF79BF910BD2046FFF797F9FAE719
:109DC0000F4B1B68D3B110B5FEF754FF0D4BDB688A
:109DD000DC68201DFEF7D4FE0B4A1368013B1360BC
:109DE000074A1368013B1360FEF766FF2046FFF742
:109DF000C7FF034B1B68002BE6D110BD704700BFA7
:109E00008CC4002090C4002074C4002008B5FFF763
:109E1000D7FF074B1B68012BF9D94FF0E0234FF018
:109E20008052C3F8042DBFF34F8FBFF36F8FEEE75F
:109E3000E8C4002070B504460D461D4B1E681D4B3E
:109E400018680430FEF79CFE48B91A4B1B68DB6AA1
:109E500001229A4018490B6823EA02030B60B4F10F
:109E6000FF3F0DD03444134B1B685C60A64210D9F1
:109E7000124B18680F4B19680431FEF768FE70BD6D
:109E8000002DEFD00B4B196804310D48FEF754FE3E
:109E9000F5E70C4B1868074B19680431FEF757FEBD
:109EA000094B1B68A342EAD9074B1C60E7E700BFD8
:109EB00070C4002074C500206CC40020B8C4002009
:109EC00078C40020BCC4002054C4002030B587B042
:109ED0000B9C8CB10C9DC5B14FF4CC750495049DC1
:109EE000B5F5CC7F1AD04FF0200383F31188BFF370
:109EF0006F8FBFF34F8FFEE74FF0200383F311887E
:109F0000BFF36F8FBFF34F8FFEE74FF0200383F354
:109F10001188BFF36F8FBFF34F8FFEE7049D0C9D39
:109F20002C63022485F8954100240394029505AC26
:109F300001940A9C0094FFF71DFE0C98FFF7CCFEDD
:109F4000059807B030BD2DE9F04385B00746884637
:109F500014461E469000FFF747F810B381464FF4B1
:109F6000CC70FFF741F80546A8B1C0F83090002347
:109F700080F89531039302900D9B01930C9B009305
:109F80003346224641463846FFF7F4FD2846FFF7A0
:109F9000A3FE012007E04846FFF7A8F84FF0FF3086
:109FA00001E04FF0FF3005B0BDE8F08310B588B098
:109FB00000240594069407AA06A905A8F7F7CAFC89
:109FC000059B0293069B019300942346079A104930
:109FD0001048FFF77BFF104B1860B8B14FF020031B
:109FE00083F31188BFF36F8FBFF34F8F0B4B1B6849
:109FF00050330B4A13600B4B4FF0FF321A600A4B81
:10A0000001221A60094B1C60FEF7CEFE08B010BD9D
:10A01000B82704080D9E000850C4002074C5002015
:10A020004C07002054C4002068C4002070C40020E5
:10A03000024A136801331360704700BF4CC400200C
:10A04000014B1868704700BF70C4002008B5FEF7C8
:10A0500037FF014B186808BD70C40020F8B53A4BB3
:10A060001B68002B69D1394B1D6801351D60C5B9CE
:10A07000374B1B681B6843B14FF0200383F31188F3
:10A08000BFF36F8FBFF34F8FFEE7314A1168314B3B
:10A09000186810601960304A136801331360FFF7C5
:10A0A00053FD2E4B1B68AB423DD900272C4B1B6840
:10A0B000DB6A03EB83039A002A4B9B58012B00D9E0
:10A0C0000127294B1B68002B3CD001273AE00127D0
:10A0D0001F4B1B681B6843B31D4B1B68DB68DC68A8
:10A0E00063689D4226D3261D3046FEF749FDA36ACC
:10A0F0001BB104F11800FEF743FDE36A01229A4008
:10A100001A49086802430A6003EB83039A00314648
:10A1100014481044FEF710FDE26A114B1B68DB6A1D
:10A120009A42D4D2D4E70027D2E70C4B4FF0FF324B
:10A130001A60BBE7094A1360B8E70D4A1368013398
:10A14000136000273846F8BD4CC4002070C40020BE
:10A15000BCC40020B8C400205CC4002054C400204B
:10A1600074C50020E8C4002060C400206CC4002036
:10A1700064C4002038B5354B1B6843B94FF0200349
:10A1800083F31188BFF36F8FBFF34F8FFEE7FEF7A6
:10A1900071FD2E4B1A68013A1A601B68002B4FD1D3
:10A1A0002B4B1B680BB900244BE00024294B1B6888
:10A1B0001BB3284BDB68DC6804F11800FEF7E0FCF9
:10A1C000251D2846FEF7DCFCE06A01238340224A75
:10A1D00011680B43136000EB800029461F4B03EB13
:10A1E0008000FEF7A9FCE26A1D4B1B68DB6A9A42FD
:10A1F000DCD31C4B01221A60D8E70CB1FFF7A4FC9A
:10A20000194B1C6884B9174B1C68D4B14FF0E0237C
:10A210004FF08052C3F8042DBFF34F8FBFF36F8F01
:10A2200001240EE0013C07D0FFF718FF0028F9D009
:10A230000C4B01221A60F5E70B4B00221A60E2E793
:10A240000024FEF739FD204638BD00BF4CC4002075
:10A2500074C40020A4C400206CC40020E8C4002002
:10A2600074C5002060C4002064C4002010B5A8B1EB
:10A270000446104B1B6843B14FF0200383F3118851
:10A28000BFF36F8FBFF34F8FFEE7FFF7D1FE0021C3
:10A290002046FFF7CFFDFFF76DFF48B94FF0E023F1
:10A2A0004FF08052C3F8042DBFF34F8FBFF36F8F71
:10A2B00010BD00BF4CC40020224B1B681BB1224BB9
:10A2C00001221A607047204B00221A601F4B1B6846
:10A2D000B3FA83F3DBB2C3F11F0303EB83018A00FC
:10A2E0001B498A5842B94FF0200383F31188BFF30A
:10A2F0006F8FBFF34F8FFEE7154803EB83018A0092
:10A30000024451684968516003EB830C4FEA8C02A8
:10A310000832024491420DD003EB83039A000C4BA8
:10A3200013445B68DA680B4B1A601B6850330A4AA7
:10A3300013607047486862469100054A0A445060BD
:10A34000EAE700BF4CC4002060C400206CC40020B9
:10A35000E8C4002074C500204C07002058B110B597
:10A360000C46094A11681831FEF7F1FB012120461D
:10A37000FFF760FD10BD4FF0200383F31188BFF39A
:10A380006F8FBFF34F8FFEE774C5002038B5C368E9
:10A39000DC6824B304F118052846FEF7F1FB184BDE
:10A3A0001B682BBB251D2846FEF7EAFBE06A01234C
:10A3B0008340144A11680B43136000EB8000294668
:10A3C000114B03EB8000FEF7B7FBE26A0F4B1B68F3
:10A3D000DB6A9A4211D901200D4B186038BD4FF04D
:10A3E000200383F31188BFF36F8FBFF34F8FFEE716
:10A3F00029460848FEF7A0FBE7E70020EEE700BF8C
:10A400004CC400206CC40020E8C4002074C50020A7
:10A4100060C40020A4C40020034B1B680360034BEE
:10A420001B684360704700BF5CC4002070C40020FC
:10A43000F8B5C8B10C460546F9B1FEF71BFC1B4B3D
:10A4400019686B68C81A2268B2F1FF3F26D0184E0F
:10A4500036682F68B74201D08B4224D9824215D882
:10A460000023236001241AE04FF0200383F31188B6
:10A47000BFF36F8FBFF34F8FFEE74FF0200383F3DF
:10A480001188BFF36F8FBFF34F8FFEE75B1A134442
:10A4900023602846FFF7C0FF002400E00024FEF7F9
:10A4A0000BFC2046F8BD0124F9E700BF70C4002072
:10A4B0005CC40020014B01221A60704760C4002078
:10A4C000054B1B6833B1054B1B680BB1002070476F
:10A4D000022070470120704768C400204CC400204F
:10A4E000002848D038B50446C36A254A1268D26AA3
:10A4F000934238D28269002A05DB214A1268D26A67
:10A50000C2F107028261616903EB83031D4A02EB1A
:10A510008303994205D01A4B1B68DB6AE362012072
:10A5200038BD251D2846FEF72BFB38B9E36A01220A
:10A530009A4015490B6823EA02030B60104B1B6815
:10A54000D86AE062012404FA00F30F4A11680B4351
:10A55000136000EB800029460A4B03EB8000FEF7F6
:10A56000EBFA2046DCE7426C054B1B68DB6A9A423B
:10A5700003D30020D4E7002070470120D0E700BFBC
:10A5800074C50020E8C400206CC4002000284BD013
:10A5900038B50446264B1B68834208D04FF0200391
:10A5A00083F31188BFF36F8FBFF34F8FFEE7836C88
:10A5B00043B94FF0200383F31188BFF36F8FBFF3CC
:10A5C0004F8FFEE7013B8364C16A426C91422DD0FC
:10A5D0000BB1002038BD051D2846FEF7D1FA68B939
:10A5E000E36A03EB8302920012498A5832B90122CE
:10A5F0009A4011490B6823EA02030B60606CE06229
:10A60000C0F10703A361012404FA00F30A4A1168A8
:10A610000B43136000EB80002946064B03EB8000E0
:10A62000FEF78AFA2046D5E7002070470020D1E7E0
:10A6300074C50020E8C400206CC4002000284FD05E
:10A6400038B50446836C43B94FF0200383F3118877
:10A65000BFF36F8FBFF34F8FFEE7426C8A4200D289
:10A660000A46E16A914201D0012B00D038BD1D4B52
:10A670001B68A3422BD0E262A369002B02DBC2F16C
:10A680000702A261626901EB8101174B03EB8103B1
:10A690009A42EBD1251D2846FEF772FA38B9E36AD3
:10A6A00001229A4011490B6823EA02030B60E06A19
:10A6B000012383400D4A11680B43136000EB8000B7
:10A6C0002946094B03EB8000FEF736FACEE74FF040
:10A6D000200383F31188BFF36F8FBFF34F8FFEE723
:10A6E000704700BF74C50020E8C400206CC400207F
:10A6F000054B1B6823B1044B1A68936C01339364B8
:10A70000014B1868704700BF74C5002078B103463C
:10A7100081B1012A11D910B4541E144210D1002065
:10A72000186058609C60D9605DF8044B70474FF02A
:10A73000FF3070474FF0FF3070474FF0FF307047E9
:10A740004FF0FF30F0E702684068101A70478368E6
:10A7500042680168521A981801307047F8B50646E9
:10A760000F46856844680368E41A2C440134944217
:10A7700000D3144605EA030025EA03050135A54286
:10A7800028BF2546F3682A4639461844F5F7A8FE3F
:10A79000621B7919F068F5F7A3FE33682344336030
:10A7A0002046F8BD10B4024603684468181B88426E
:10A7B00000D30846044454605DF8044B704710B45D
:10A7C00002684468121B836804EA030C23EA04034A
:10A7D0000133934228BF13462BB10B60C06860441D
:10A7E0005DF8044B7047D21A0A60C068F8E708B5F4
:10A7F000FFF7D8FF08BD00000846034B0B6000239D
:10A800004B608B60CB60704715A80008704770479D
:10A81000704700002DE9F04182B005460C4617460E
:10A8200098468E88F6B291F801C0ACF1200CBCF1CC
:10A83000030F37D8DFE80CF0021F1031CA883968DF
:10A840006846F5F74DFE6A4631462846F6F7D8FECB
:10A85000002002B0BDE8F0814A88C2F3400402F053
:10A8600001023146FFF7D2FF224631462846FFF764
:10A87000CEFF0020EDE76A463146F6F7D5FE3B688D
:10A8800000981860BDF804109DF8062099809A7110
:10A890000723C8F800300020DBE73146FFF7B8FF98
:10A8A0000020D6E706482FF095FE617805482FF086
:10A8B00091FE05482FF08EFE4FF0FF30C9E700BF34
:10A8C000C0270408D0270408F8270408054B4FF4D4
:10A8D000357202FB003393F82802003818BF0120BC
:10A8E000704700BF4032002070B50C7804F00304BC
:10A8F000012C26D0022C29D14FF0000E2DE001347E
:10A90000E4B2244D4FF4357C0CFB005C9CF86C5297
:10A91000A54218D94FF0B50C0CFB004C0CF18A0C79
:10A920001C4D05EB8C056D68002DE8D02E68002EBF
:10A93000E5D095F818C08D88EDB2AC45DFD1B047B1
:10A9400027E00024DDE74FF0FF3022E04FF0FF303A
:10A950001FE00EF1010E5FFA8EFE0E4C4FF43575BE
:10A9600005FB004C9CF86C42744510D94FF0B50CB7
:10A970000CFB00EC0CF18A0C064C04EB8C046468B4
:10A98000002CE6D06468002CE3D0A04701E04FF033
:10A99000FF3070BD403200202DE9F04105460F46E2
:10A9A0001646002408E02BB1DB681BB1324639465D
:10A9B000284698470134E4B2124B4FF4357202FB3B
:10A9C000053393F86C32A34219D9B52303FB054331
:10A9D0008A330C4A02EB83035B68002EE3D0002B22
:10A9E000E8D0D3F80C80B8F1000FE3D0B2781B7E2A
:10A9F0009A42DFD1324639462846C047DAE7BDE8F9
:10AA0000F08100BF4032002010B58B7891F9022010
:10AA1000002A25DBB1F804C003F07F03CCF30A0C55
:10AA2000204C03EB43034FF4357200FB02F202EBC0
:10AA300083032344A3F8A2C2B1F804C08B7803F0C7
:10AA40007F03CCF3C12C03EB430302EB83021444DA
:10AA500084F8A1C201F01CF9B0FA80F0400910BDE1
:10AA6000B1F804C003F07F03CCF30A0C0D4C03EBE8
:10AA700043034FF4357200FB02F202EB83032344DD
:10AA8000A3F872C2B1F804C08B7803F07F03CCF353
:10AA9000C12C03EB430302EB8302144484F871C21C
:10AAA000D8E700BF403200202DE9F84F82468846A3
:10AAB0009346194B4FF4357202FB00339C69002515
:10AAC0002E462846FF27B94608E094F803902378DD
:10AAD0001C4423781D44AE4200D8DEB92378CBB1A4
:10AAE0006378042BF1D0052B0BD0022BEFD16779C3
:10AAF000B845ECD1A678E37846EA03260025012084
:10AB0000E5E74745E3D1D945E1D121465046FFF776
:10AB10007BFFDCE7BDE8F88F4032002070B50C0AFF
:10AB2000CDB2032C0CD00F2C1FD0032C5DD8304994
:10AB30004FF4357606FB001189694FF0000E27E0CF
:10AB4000EE2DF0D12A494FF4357404FB0011C96988
:10AB5000002946D009681160254A04FB0022D26909
:10AB6000126812781A6001262DE021494FF43574DD
:10AB700004FB0011496A002935D0096811601C4A9C
:10AB800004FB0022526A52681A6001261BE001444D
:10AB9000087840B191F801C0A445F8D175450AD0B4
:10ABA0000EF1010EF3E700267EB1022C05D0072C32
:10ABB00003D0186006E00126F6E78878CC7840EAF2
:10ABC000042018601160304670BD0A482FF002FD65
:10ABD0002A46214608482FF0FDFC08482FF0FAFCD1
:10ABE000F1E70026EFE70026EDE70026EBE700BFE0
:10ABF000403200200028040810280408F827040820
:10AC00002DE9F04106461D464F8891F801C0BCF180
:10AC1000090F61D8DFE80CF0050E600E602B326082
:10AC20003844116800230B701268537002232B60A4
:10AC3000012452E0012F03D000232B6001244CE0BB
:10AC4000BCF1030F09D0264B4FF4357202FB0033E1
:10AC5000D3F8D0320A219847EEE7214B4FF43572F2
:10AC600002FB0033D3F8D03209219847E4E7F9B268
:10AC700000F0F8FF00232B6001242EE02B4639461C
:10AC8000FFF74CFF044628E04FF4357300FB03F355
:10AC900003F50A7312490B44136001242C601CE075
:10ACA000FFB200223946FFF7FFFE044610B9002329
:10ACB0002B6012E00A4B4FF4357202FB063888F81D
:10ACC0002872002207213046FFF766FED8F8D032FE
:10ACD000072130469847EAE700242046BDE8F08186
:10ACE0004032002010B582B0044609482FF072FCB3
:10ACF000A388E288019200936388627821780548EE
:10AD00002FF068FC04482FF065FC02B010BD00BFB6
:10AD10004428040854280408F82704082DE9F843B7
:10AD200005460E4617469846544B4FF4357202FBC3
:10AD30000033DB69002B4AD049781A79914201D05F
:10AD4000002470E0B288042A0DD0052A22D04C4895
:10AD50002FF040FC4B482FF09FFC4B482FF03AFC63
:10AD60004FF0FF3386E09B683B60444B4FF43572F5
:10AD700002FB0033DB699A681378517803EB0123F7
:10AD8000917803EB0143D27803EB0263C8F80030FB
:10AD900000236FE0DB68728853F822303B60374B4A
:10ADA0004FF4357202FB0033DB69DB68728853F8BD
:10ADB00022201378517803EB0123917803EB0143B0
:10ADC000D27803EB0263C8F80030002352E02B4B2B
:10ADD0004FF4357202FB00331B6A002B46D04978D2
:10ADE0009A79914201D000241DE0B288072A0CD143
:10ADF0001B683B60214B4FF4357202FB00331B6A2A
:10AE00009B88C8F80030002334E01D482FF0E2FB97
:10AE10001C482FF041FC1C482FF0DCFB4FF0FF33A7
:10AE200028E00134E4B2154B4FF4357202FB0533D0
:10AE300093F86C32A3421BD94FF0B50C0CFB054CB8
:10AE40000CF18A0C0D4B03EB8C035B68002BE8D0F4
:10AE5000D3F80890B9F1000FE3D043463A463146A3
:10AE60002846C84703460028DBD103E00024DAE780
:10AE70004FF0FF331846BDE8F88300BF4032002092
:10AE800000280408B4280408F827040808B59446E4
:10AE90001A494FF4357303FB00118A6862448A60D3
:10AEA000CB68A3EB0C03CB60D3B9144B4FF43572D2
:10AEB00002FB00331B7DBBB9104B4FF4357202FB14
:10AEC0000033DB887BB1134600FB03F30B4AD356F8
:10AED000002B08DA00231A46194601F07FF902E038
:10AEE000802101F0ABF808BD044B02FB00330022C7
:10AEF0001A751346802101F0A1F8F4E740320020D2
:10AF000008B5897800F072FFB0FA80F0400908BDFA
:10AF10002DE9F04F83B0814688469346224B4FF48B
:10AF2000357202FB00339C6900252E460095FF27F1
:10AF3000BA4601950BE094F803A0A778B84515D060
:10AF400023781C4423781D44AE4200D816BB2378D6
:10AF500003B36378042BEED0052B0BD0022BEFD17B
:10AF6000A678E37846EA03260025E9E7D345E7D14A
:10AF70000194E5E74745E3D1DA4505D02146484647
:10AF8000FFF7BEFF0090DBE721464846FFF73CFD98
:10AF90000090D5E7019A08214846FFF7FDFC00988C
:10AFA00003B0BDE8F08F00BF403200202DE9F84F1C
:10AFB00005460C4690461F46B1F802A08E88FFF762
:10AFC00085FC8146002852D04FEA1A2BF6B26378EE
:10AFD0000B2B4AD8DFE803F0064949494949104993
:10AFE00049493940D8F8002000231370D8F80020D0
:10AFF000537002233B603AE0BBF1220F20D04FF0A8
:10B00000000934E00132D2B21A4B4FF4357101FB22
:10B01000053393F86C32934214D9B52303FB05230F
:10B020008A33144901EB83035B68002BEAD0197E55
:10B03000B142E7D11A69C8F800205B693B6016E0AD
:10B040000022E1E74FF0000911E0D8F800300022BB
:10B050001A7001233B600AE05FFA8AF23146284603
:10B06000FFF756FF00233B6001E04FF00009484620
:10B07000BDE8F88F403200202DE9F84380460C46A9
:10B0800016461D468988CFB2FFF720FC814658B18D
:10B090006378012B0BD0032B1ED09BBB326813703F
:10B0A0003268537002232B604846BDE8F8836388FA
:10B0B0001BB100232B609946F6E714482FF08AFA5B
:10B0C000394613482FF086FA12482FF083FA394692
:10B0D000404600F06DFFE7E7638823B14FF00009B9
:10B0E00000232B60E0E709482FF074FA39460A483C
:10B0F0002FF070FA07482FF06DFA3946404600F0FD
:10B100001BFFEDE74FF00009CEE700BF0028040861
:10B11000CC280408F8270408E428040810B50C78A3
:10B1200004F00304012C07D0022C0AD074B9FFF7F5
:10B1300067FD70B100200BE0FFF738FF60B1002021
:10B1400006E0FFF799FF50B1002001E04FF0FF301B
:10B1500010BD4FF0FF30FBE74FF0FF30F8E74FF046
:10B16000FF30F5E738B50D460C7804F06004202C6C
:10B170001ED0402C30D0002C42D1FFF7CFFF00284A
:10B1800001DB01203DE06B78062B03D16B88B3F522
:10B19000C06F37D01C482FF01DFA1C482FF07CFAE6
:10B1A0001B482FF017FA2846FFF79CFD002028E0E7
:10B1B000FFF79AFB002801DB012022E012482FF064
:10B1C00009FA14482FF068FA11482FF003FA2846BC
:10B1D000FFF788FD002014E0FFF7A0FD002801DB49
:10B1E00001200EE008482FF0F5F90B482FF054FA33
:10B1F00007482FF0EFF92846FFF774FD002000E024
:10B20000002038BD0020FCE700280408F8280408C6
:10B21000F827040810290408282904084FF4357376
:10B22000194903FB00116AB310B5044694468A68B5
:10B2300062448A60CB68A3EB0C03CB60EBB94FF49C
:10B24000357004FB00F000F128030F4A13448B60B3
:10B2500000F110030830134402442046FFF782FF38
:10B2600030B100231A468021204600F0E7FE08E0B6
:10B270008021204600F060FE03E00021204600F01F
:10B28000ADFF10BD704700BF4032002070B582B0E6
:10B290000446002100F0E6FC164E4FF4357303FB24
:10B2A0000466002586F8285207238DF80030052310
:10B2B0008DF801304023ADF804308DF80350802321
:10B2C0008DF802308DF806506946204600F0E0FC0B
:10B2D0008DF802506946204600F0DAFC2A4601212A
:10B2E0002046FFF759FBD6F8D03201212046984777
:10B2F00002B070BD4032002030B583B004460A462B
:10B300004FF4357300FB03F343481918156852686E
:10B31000C5504A60CB88B3F5007F06D94FF435722B
:10B3200004FB02F28256002A4FDA4FF4357C0CFB04
:10B3300004FC0CF128023848024460448260C36077
:10B34000036100250575019223B1334D15F90C00F9
:10B35000002848DA4FF4357304FB03F310332E4A08
:10B36000134401AA2046FFF7FDFE002841D02A4BD6
:10B370004FF4357202FB0433DA8819698A4228BF18
:10B380000A46DA60B2F5007F38D8234B4FF43571A6
:10B3900001FB043398680199884201D0F5F7A0F8C1
:10B3A0001D4D4FF4357303FB0455EB68AA688021EB
:10B3B000204600F043FEEA882B699A4217D913F021
:10B3C0003F0F14D101222A7511E014482FF002F921
:10B3D00013482FF061F913482FF0FCF88021204624
:10B3E00000F0AAFD03E00021204600F0F7FE03B0C4
:10B3F00030BD8021204600F09FFDF8E707482FF080
:10B40000E9F807482FF048F906482FF0E3F88021C3
:10B41000204600F091FDEAE74032002000280408B1
:10B4200040290408F827040810B501F07F0303EB56
:10B43000430C4FF4357300FB03F303EB8C03034C15
:10B440002344D3F8783203B1984710BD403200202E
:10B4500010B501F07F0303EB430C4FF4357300FB91
:10B4600003F303EB8C03034C2344D3F8A83203B15A
:10B47000984710BD4032002038B50D464FF4357264
:10B480000B4C02FB0044002120462FF055FAA56129
:10B49000002384F86C32802284F87022054AC4F8B4
:10B4A000782284F8A032044BC4F8A83238BD00BF1B
:10B4B000403200208DAE00081DB20008034B4FF44F
:10B4C000357202FB00331962704700BF4032002022
:10B4D000034B4FF4357202FB00335962704700BFD3
:10B4E0004032002010B40B4C4FF4357202FB004286
:10B4F00092F86C320B764FF0B50C0CFB00308A30B2
:10B5000004EB80046160013382F86C325DF8044B17
:10B51000704700BF4032002010B591F800C091F98B
:10B520000030002B16DB0CF07F03164C03EB4302BC
:10B530004FF4357E0EFB00F000EB8202224482F8CD
:10B54000A0C24A6803EB430300EB83000444C4F841
:10B55000A82210BD0CF07F030A4C03EB43024FF40A
:10B56000357E0EFB00F000EB8202224482F870C2AE
:10B570004A6803EB430300EB83000444C4F87822D9
:10B58000E7E700BF4032002070B548B112482FF005
:10B5900021F812482FF080F811482FF01BF8FEE731
:10B5A0000446104B03EBC00359600F4D4FF4357345
:10B5B00003FB0055C5F8D02200F00CFA0646002225
:10B5C0000B212046FFF7E8F9D5F8D0320B212046B1
:10B5D0009847304670BD00BF002804085C29040865
:10B5E000F827040878C500204032002082B00023EC
:10B5F0000193019B01330193104A934216D8104BDB
:10B600005B681A69002AF4DA002201921A6942F092
:10B6100001021A61019A0132019208498A4209D84D
:10B620001A6912F0010FF5D1002001E04FF0FF3050
:10B6300002B070474FF0FF30FAE700BF400D030043
:10B6400078C5002008B5044B5A68D36843F040031E
:10B65000D360FFF7CBFF08BD78C5002082B0002380
:10B6600001930A4B596810230B61019B013301932D
:10B67000074A934205D80B6913F0100FF5D100204B
:10B6800001E04FF0FF3002B0704700BF78C50020E6
:10B69000400D030082B00023019380010A4B5968DA
:10B6A00040F020000861019B01330193074A934257
:10B6B00005D80B6913F0200FF5D1002001E04FF001
:10B6C000FF3002B0704700BF78C50020400D030076
:10B6D00003290FD009212B4B5B68DA6842F007027F
:10B6E000DA60DA6822F47052DA60DA6842EA8122BB
:10B6F000DA607047244B0344244A93422FD9244BE9
:10B700000344244A93422CD9A0F57403A3F51053A3
:10B71000214A934227D9A0F18373A3F5E7431F4A37
:10B72000934222D31E4B03441E4A93421FD91E4B01
:10B7300003441E4A93421CD31D4B03441D4A9342AB
:10B7400019D3A0F1B773A3F558531B4A934214D3EE
:10B750001A4B03441A4A934211D20721BBE70F2127
:10B76000B9E70E21B7E70D21B5E70C21B3E70B21AF
:10B77000B1E70A21AFE70921ADE70821ABE70621D0
:10B78000A9E700BF78C50020405327FFFF340C0015
:10B79000401E1BFF3F420F007F4F120020D61300B8
:10B7A00060B6E5FE5FE3160000D3CEFE40771B00D7
:10B7B000C05BB3FEC091210020753800E05459FEF3
:10B7C000E09C4100094B5B6803F500639B6803F054
:10B7D0000603022B04D0062B04D02BB9002070479F
:10B7E00003207047032070470F20704778C5002062
:10B7F0000B4B5B680022C3F8102BD3F8102B42F4DC
:10B800000022C3F8102BD3F8102B42F01802C3F813
:10B81000102BD3F8102B42F0C042C3F8102B704706
:10B8200078C50020094B5A68D2F81018D2F834387D
:10B8300000F0070C23FA0CF3DB01DBB20B4302EB45
:10B840004012D2F808091840704700BF78C50020A0
:10B8500070B50E46164B5A68546A054678B944EAE4
:10B860000143936213482EF0B5FE23463246294623
:10B8700011482EF0AFFE11482EF0ACFE70BD936A59
:10B8800004EB1344002308E003F1400002EB8000C6
:10B89000416804EB11440133DBB2681E8342F3D3E9
:10B8A00044EA064305F13F0002EB80025360D9E70A
:10B8B00078C50020442804086C290408F8270408E7
:10B8C00000B502F1030E4FEA9E0E4FF0000C0AE0A5
:10B8D000074B5B6803EB003303F5805351F8042BEF
:10B8E0001A600CF1010CF445F2D35DF804FB00BFC3
:10B8F00078C500202DE9F04104462B4B421C110174
:10B9000003EB0212595852688A1A03EB00131F897D
:10B91000974200D317460337BF0813E0224D05EBCB
:10B920000418B2B2D8F80C102046FFF7C9FFD8F8B7
:10B930000C303344C8F80C30631C05EB03156B68FE
:10B9400033446B60194B586800EB441303F51063E4
:10B950009B699BB2BB4212D3134A631C1D0102EBCD
:10B96000031359685359994209D243B15B1A0E4ADD
:10B9700002EB041216899E42D0D31E46CEE70A4A35
:10B98000631C190102EB031352585B689A4209D8F1
:10B9900004F00F040122A240D0F8343823EA020355
:10B9A000C0F83438BDE8F0812035002078C500208B
:10B9B00003318908002207E0054B5B6803F58053DB
:10B9C0001B6840F8043B01328A42F5D3704700BF40
:10B9D00078C500202DE9F047A02200218F482EF0E5
:10B9E000ABFFF6F75BF98E4F7A68936CC3F30129CE
:10B9F000966CC6F38116936CC3F3C10A936CC3F3C0
:10BA0000832808F10108874D28462EF0E3FD86487B
:10BA10002EF042FE854C20462EF0DCFD28462EF00E
:10BA2000D9FD7B68D96B82482EF0D4FD20462EF0DC
:10BA3000D1FD28462EF0CEFD7B68196C7D482EF096
:10BA4000C9FD20462EF0C6FD28462EF0C3FD7B68BA
:10BA5000596C79482EF0BEFD20462EF0BBFD2846DD
:10BA60002EF0B8FD7B68996C74482EF0B3FD20462B
:10BA70002EF0B0FD28462EF0ADFD7B68D96C7048E5
:10BA80002EF0A8FD20462EF0A5FD28462EF0A2FDA2
:10BA90007B68196D6B482EF09DFD20462EF09AFDB7
:10BAA00028462EF097FD53463246494666482EF00A
:10BAB00091FD20462EF08EFD28462EF08BFD7B68F2
:10BAC000DA6C0423120C414660482EF083FD2046B8
:10BAD0002EF080FD28462EF07DFD5D482EF0DCFD29
:10BAE00020462EF077FDB8F1030F09D859482EF003
:10BAF00071FD59482EF0D0FD20462EF06BFDFEE77B
:10BB0000474D6B68D3F8042842F00202C3F80428BA
:10BB10006C68A36823F00103A360204600F078FE60
:10BB2000A063FFF78FFD6868C36823F0C043C3605C
:10BB3000C36843F08043C360002307E003F1400281
:10BB400000EB8202002151600133DBB20E2BF5D9EC
:10BB50000023C0F8003E324B5A68D2F8003823F078
:10BB60000303C2F80038002E3BD12D4B5A68D2F89F
:10BB7000003843F00303C2F80038294C6368002002
:10BB8000C3F81008C3F81408C3F81C0898616FF0D4
:10BB900080425A61314A9A619A6942F010029A6170
:10BBA0004FF480725A621021FFF752FE10210120DB
:10BBB000FFF74EFE10210220FFF74AFE102103205E
:10BBC000FFF746FE6368DB6CB3F1A07F12D2214819
:10BBD0002EF000FD22482EF05FFD14482EF0FAFCF6
:10BBE000FEE70F4B5A68D2F8003843F00103C2F861
:10BBF0000038C2E71020FFF74DFDFFF72FFD084B7F
:10BC00005B689A6842F001029A60D3F8042822F037
:10BC10000202C3F80428BDE8F08700BF20350020E9
:10BC200078C50020442804088C290408F827040853
:10BC3000B4290408C0290408D0290408E02904080C
:10BC4000F0290408002A0408102A0408442A0408D9
:10BC5000A02A040800280408C42A040800303C0074
:10BC6000F82A0408094A5068D0F8003823F4FE6323
:10BC7000C0F800385268D2F80038090101F4FE61BA
:10BC80000B43C2F800380020704700BF78C5002081
:10BC900010B50C468B7813F07C0F39D103F07F0080
:10BCA00013F0800F41D18A88C2F30A02494B03EB9B
:10BCB0000013A3F84820CA7802F0030283F84A2050
:10BCC000454B5B68D3F81C1800F1100E012202FAF4
:10BCD0000EF26FF30F020A43C3F81C2803EB401364
:10BCE000D3F8002B12F4004F71D1D3F8002BA188A8
:10BCF000C1F30A01E078800400F4402001430A43C4
:10BD000042F0805242F40042C3F8002B002047E08A
:10BD100032482EF05FFCA17831482EF05BFC3148B0
:10BD20002EF058FC4FF0FF303AE0002839D12A4B72
:10BD30005B689A6A120CA388C3F30A03B3EB820F01
:10BD400038DC244A02EB00121381E37803F003038A
:10BD50009372214B5A68D2F81C18012383409BB27E
:10BD60000B43C2F81C3802EB4012D2F8003913F42E
:10BD7000004F12D1D2F80039A188C1F30A01E4784A
:10BD8000A40404F44024214341EA80510B4343F0CE
:10BD9000805343F40043C2F80039FFF77BFC0020D6
:10BDA00010BD0D4B5B6800F13F0203EB82035A6844
:10BDB000120CC0E709482EF00DFCA1780A482EF0BD
:10BDC00009FC08482EF006FC6FF00100E8E70020AF
:10BDD000E6E700BF2035002078C5002000280408D1
:10BDE000242B0408F82704083C2B040830B482B044
:10BDF00001F07F030022019211F0800F4DD14D4AD6
:10BE000050685A0100EB4313D3F8000B002819DBEC
:10BE1000484B5C68D4F83C0801F007050121A940B3
:10BE200020EA0140C4F83C08D4F81C0820EA01418B
:10BE3000C4F81C1822440023C2F8003B002002B0C2
:10BE400030BC7047D3F8000B40F00060C3F8000B23
:10BE5000384B5B681344D3F8000B40F08040C3F8C4
:10BE6000000B00230193019B013301934CF25030EE
:10BE7000834208D82F4B5B68134403F530639B68FB
:10BE800013F0020FEFD02B4B5B681344D3F8080B71
:10BE900040F00200C3F8080BBAE7264A50685A017E
:10BEA00000EB4313D3F80009002817DB214B5D6832
:10BEB000D5F83C4801F0070101238B409BB224EAEE
:10BEC0000304C5F83C48D5F81C1821EA0303C5F85B
:10BED0001C382A440023C2F80039AFE7D3F8000920
:10BEE00040F00060C3F80009124B5B681344D3F8BC
:10BEF000000940F08040C3F8000900230193019B32
:10BF0000013301934CF25030834208D8094B5B68EF
:10BF1000134403F510639B6813F0020FEFD0054B39
:10BF20005B681344D3F8080940F00200C3F808091D
:10BF3000BCE700BF78C5002001F07F0311F0800F3F
:10BF40001AD11A4A51685A0101EB4311D1F8000B7A
:10BF5000002806DB2BB1D1F8003B23F08043C1F869
:10BF6000003B124B5B681344D3F8002B42F40012E1
:10BF7000C3F8002B002070470C4A51685A0101EBAE
:10BF80004311D1F80009002806DB2BB1D1F80039A4
:10BF900023F08043C1F80039044B5B681344D3F8A5
:10BFA000002942F40012C3F80029E3E778C5002015
:10BFB00001F07F0311F0800F1FD11E4A5268580113
:10BFC00002EB4312D2F8001B21F40011C2F8001B4F
:10BFD000194A02EB031393F84A30023BDBB2012B00
:10BFE00001D900207047134B5B681844D0F8003B20
:10BFF00043F08053C0F8003BF3E70E4A5268580103
:10C0000002EB4312D2F8001921F40011C2F8001912
:10C01000094A02EB03139B7A023BDBB2012BE0D807
:10C02000044B5B681844D0F8003943F08053C0F8E3
:10C030000039D6E778C5002020350020F0B501F0A2
:10C040007F001546002A61D050B1614A526802EB68
:10C050004012D2F80029C2F30A02002A00F0AF8091
:10C0600015F0030F40F0AE805A4C04EB0012D5607F
:10C07000421C150104EB0212635100245460544A1F
:10C0800055684FEA401C05EB401E0EF5106214691E
:10C090006FF3DC44146114696FF312041461002B14
:10C0A00039D0002843D14B4C04EB001424899C4226
:10C0B00000D22346441C2401464E3351146944F4F3
:10C0C000002414611469C3F3120634431461414A15
:10C0D00002EB0012927A012A3DD03D4A5268944404
:10C0E000DCF8002942F00442CCF80029002B6CD087
:10C0F000374B5B68D3F8342801F00F01012000FAB8
:10C1000001F10A43C3F8342800200FE0002B9BD034
:10C110004FF0FF300AE0136943F400231361DEF8A7
:10C12000003943F00443CEF800390020F0BD294C1B
:10C1300004EB00142689F418013CB4FBF6F41669EC
:10C14000254F07EAC444344314611469C3F312064B
:10C1500034431461BBE7D5F8082812F4807F1ED160
:10C16000DEF8002922F08052CEF80029184A5268E1
:10C170006244D2F8000940F00050C2F80009144AA5
:10C1800052686244D2F8100920F0C040C2F8100989
:10C19000D2F8100940F00050C2F810099DE7DEF80F
:10C1A000002922F00052CEF80029094A5268624460
:10C1B000D2F8000940F08050C2F80009DFE76FF0C4
:10C1C0000200B3E76FF00300B0E70020AEE700BF66
:10C1D00078C50020203500200000F81F70B501F060
:10C1E0007F011446002A54D051B1564A526802EBDE
:10C1F0004112D2F8002BC2F30A02002A00F09C8000
:10C2000014F0030F40F09B804F4800EB0112D46400
:10C210004A1D140100EB0212035100205060494AEC
:10C2200054684FEA411C04EB411E0EF53062106960
:10C230006FF3DC40106110696FF3120010616BB393
:10C2400000293FD1404800EB0110B0F84800984267
:10C2500000D318464B1D1B013B4DE850136943F4B6
:10C26000002313611369C0F3120003431361364BBB
:10C2700003EB011393F84A30012B38D0314B5B6844
:10C280006344D3F8002B42F00442C3F8002B002093
:10C2900070BD002BA8D04FF0FF30F9E7136943F4CD
:10C2A000002313611369284800EB0111B1F848100D
:10C2B0000B431361DEF8003B43F00443CEF8003B30
:10C2C0000020E5E7204800EB0110B0F84850E818DE
:10C2D0000138B0FBF5F015691C4E06EAC040284352
:10C2E00010611069C3F3120303431361BFE7D4F86D
:10C2F000083813F4807F0FD1DEF8003B23F0805321
:10C30000CEF8003B0F4B5B686344D3F8002B42F040
:10C310000052C3F8002BB1E7DEF8003B23F00053D6
:10C32000CEF8003B074B5B686344D3F8002B42F028
:10C330008052C3F8002BA1E76FF00200A8E76FF06E
:10C340000300A5E778C50020203500200000F81F75
:10C350002DE9F843B54B5B685C699A6914405D69E7
:10C3600015F0010540F04582002C00F0428214F0E7
:10C37000100F14D09A6922F010029A611E6A06F01A
:10C380000F0206F4F013B3F5802F16D0B3F5402F4B
:10C3900022D0A64B5A68936943F01003936114F4BA
:10C3A000002F73D0A14B5B68D3F8186803F50063C6
:10C3B000DB691E40360C2F462AE0C6F30A16002E13
:10C3C000E7D09B4F07EB02173146F86CFFF7F0FA06
:10C3D000FB6C3344FB64DCE7C6F30A119448FFF7B7
:10C3E000E7FAD6E71B69C3F31203D21A90497B1D03
:10C3F0004FEA031C01EB03135A60002041F80C00C4
:10C400000146FFF725F818F0080F3AD176080137F2
:10C41000002E3BD016F0010FF8D0844B5B68FAB2C7
:10C4200003EB4212D2F8081BD3F8142801EA0208E1
:10C4300003EB471303F530639A689A6018F0010F15
:10C44000E1D04FB97A1D120179498A58002AC9D121
:10C450000846FFF7CDF9D6E7DFF8D4C17A1D4FEAD9
:10C46000021E0CEB02115CF80E201B69C3F31203D1
:10C47000D21A4A6000204CF80E00F9B2FEF7E8FF2D
:10C48000C1E76B490020FEF737FFBFE714F4802FA8
:10C4900064D0664B5B68D3F8186803F50063DB690A
:10C4A0001E40B6B21DE04846FFF7A2F914E0DFF8DF
:10C4B00080C16A1C4FEA021E0CEB02115CF80E20D0
:10C4C0001B69C3F31203D21A4A6000204CF80E0015
:10C4D00048F08001FEF7A8FF17F0800F3AD17608E8
:10C4E0000135002E3AD016F0010FF8D05FFA85F82A
:10C4F0004046FFF797F907464C4B5B6803EB451343
:10C5000003F510639A689A6010F0010FE4D0002DD3
:10C51000CDD1DFF81C916A1C4FEA021C09EB021115
:10C5200059F80C201B69C3F31203D21A4A60002089
:10C5300049F80C008021FEF777FFB9F806301BB1EF
:10C5400099F90020002AAEDA002BC5D13848FFF750
:10C550004FF9C1E74046FFF7CDF9C0E714F4805F1B
:10C560000ED114F4005F40F0808014F4001F00F03E
:10C57000D6802E4B5B68D3F81C18090C01229AE078
:10C580002A4B5B685A6942F480525A61D3F80428F6
:10C5900022F00102C3F804281020FFF77BF8FFF710
:10C5A0005DF800231DE02148426802EB43124FF082
:10C5B0000061C2F80019426802EB4312C2F8001B86
:10C5C0001A4A526802EB43120020C2F810094FF6D3
:10C5D000FF31C2F80819C2F8100BC2F8081B01336A
:10C5E000DBB2032B26D8002BDDD0104A51685A014C
:10C5F00001EB4311D1F8000900280DDB0020C1F840
:10C6000000090A4949680A44D2F8001B002908DBDE
:10C610000021C2F8001BD3E74FF09040C1F8000999
:10C62000EFE74FF09041C2F8001BC9E778C5002042
:10C6300020350020734B5B68D3F81C2842F00112B0
:10C64000C3F81C280922C3F814280122C3F81028B3
:10C650006D4DA022002128462EF06EF90020FEF735
:10C6600015FE2846FFF7C4F87BE7664D6A685369F4
:10C6700043F400535361654B1E68FFF7A3F801466E
:10C680003046FFF725F86B68D3F8042842F480722F
:10C69000C3F8042869E7D0F8003B23F08053C0F8C2
:10C6A000003B584B5B681D44D5F8003B43F00053FA
:10C6B000C5F8003B0132032A2BD8CB43D34013F0FB
:10C6C000010FF7D1504B03EB021393F84A30012BC3
:10C6D000F0D14C4B5B68550103EB4210D0F8006B76
:10C6E00016F4004FE6D003F500639B6813F4807FD7
:10C6F000D1D0D0F8003B43F08053C0F8003B414B11
:10C700005B682B44D3F8000B20F00050C3F8000BFB
:10C71000D0E73C4B5A68536943F40013536114F457
:10C72000801F49D0374B5B68D3F81C18090C0122D5
:10C730000FE0D0F8003923F08053C0F80039314BB6
:10C740005B681D44D5F8003943F00053C5F8003943
:10C750000132032A2AD8CB43D34013F0010FF7D17B
:10C76000294B03EB02139B7A012BF1D1254B5B681C
:10C77000550103EB4210D0F8006916F4004FE7D0E2
:10C7800003F500639B6813F4807FD2D0D0F80039A2
:10C7900043F08053C0F800391A4B5B682B44D3F840
:10C7A000000920F00050C3F80009D1E7154B5A6882
:10C7B000536943F48013536114F0080F05D0114BF3
:10C7C0005A68536943F00803536114F4006F05D0AD
:10C7D0000C4B5A68536943F400635361002C0ADB25
:10C7E00014F0040F05D0074B5B6859685A680A4378
:10C7F0005A60BDE8F883034B5A68536943F000431D
:10C800005361EDE778C5002020350020300000207E
:10C810004FF40410704700000D4B984204D90D4BA3
:10C8200001225A705A6070470A4B00225A700A4B14
:10C830000344B3FBF0F3022B05D9A2F15532A2FB5E
:10C8400003235B0800E00123024A5360704700BFE6
:10C850007FDE800284C50020FFBC010504280FD0C4
:10C860002FD3F0282FD3F0380F282ED8DFE800F090
:10C870000F152D2D2D2D2D2D2D2D2D2D2D2D251F34
:10C88000134B186808609B888B8006207047332301
:10C890000B7001234B700220704700230B70E123C3
:10C8A0004B70F5238B700523CB7004207047402319
:10C8B0000B7000234B700220704708230B7001207F
:10C8C000704700207047002070470020704700BF6D
:10C8D0005C2B04080378427843EA0223C3EBC303CA
:10C8E000DB00013BFDD100230B700148704700BF06
:10C8F0000100020003783BB1012B09D1437803F01A
:10C900000103054AC2F8883200230B7003487047C0
:10C91000FF230B70FAE700BF0080404201000200D5
:10C9200001234370002303700220704710B50C46AA
:10C930000378427843EA0223827843EA0243C278CA
:10C9400053EA026003D1FF230B70034810BDFFF7C9
:10C9500063FF00232370F8E701000400037803F06D
:10C960000302013204480276C3F3800343760023B6
:10C970000B704FF00110704784C5002030B510F8DF
:10C9800001CB154B83F81AC0002213460CE010F8B7
:10C9900001EB114CA51885F81CE002F1100504EB21
:10C9A0004504A380734401326245F0D3002209E0BC
:10C9B00009488418247F1B1B02F1180400EB440073
:10C9C000838001326245F3D300230B700CF1010028
:10C9D000000440F0010030BD84C500200278084BFF
:10C9E0001A73427890F802C042EA0C221A82C27886
:10C9F000007942EA00225A8200230B7001487047F6
:10CA000084C500200100050010B4831C447801E0B7
:10CA10000533013C64B11A4612F801CB1CF0020F39
:10CA2000F6D01CF0100F01D00533F2E71346F0E703
:10CA300000220A704A70181A000440F002005DF8E3
:10CA4000044B704770B588B001251D4B1D70002444
:10CA5000039404940594069407940194194B1A6B5B
:10CA600042F010021A631A6B02F010020192019A4E
:10CA700002941A6B42F008021A631B6B03F008035E
:10CA80000293029B104E2A464FF4B0613046F6F7EF
:10CA900038FE4FF4C073039304950594069503A9DB
:10CAA0003046F6F731FD4FF480630393112304936E
:10CAB0000595069403A93046F6F726FD08B070BD2B
:10CAC0008C4C0020003802400010024070B588B045
:10CAD000214B02221A7000240394049405940694B6
:10CAE000079401941D4B1A6B42F010021A631A6BE3
:10CAF00002F010020192019A02941A6B42F00802AD
:10CB00001A631B6B03F008030293029B144D01226E
:10CB10004FF4AC512846F6F7F4FD4FF48C530393D1
:10CB2000012604960594069403A92846F6F7ECFC22
:10CB30004FF48063039304960596069403A9284650
:10CB4000F6F7E2FC402303930494059403A90548F7
:10CB5000F6F7DAFC08B070BD8C4C002000380240BB
:10CB600000100240000C024038B50C46037833B187
:10CB70001D46012B04D0022B0BD0002505E001251A
:10CB8000074B01221A70FFF75DFF25704FF001106F
:10CB900038BD034B02221A70FFF798FFF5E700BF7C
:10CBA00084C5002030B587B00024154B1C7001945B
:10CBB0000294039404940594124D01224FF4AC5155
:10CBC0002846F6F79EFD4FF48C530193029403948C
:10CBD00001A92846F6F798FC4FF48063019302946C
:10CBE000039401A92846F6F78FFC40230193029491
:10CBF000039401A90448F6F787FC07B030BD00BFD5
:10CC00008C4C002000100240000C024038B5044655
:10CC10000025034B1D70FFF7C5FF2570012038BDAF
:10CC200084C500202DE9F84F0D46067843788478B6
:10CC3000C27844EA0224027944EA0244427944EA8E
:10CC4000026413F0010706D016F0010F25D03C4A0C
:10CC50000121C2F89C1213F0020806D016F0020F50
:10CC600020D0374A0121C2F8A01213F0040903D0E2
:10CC7000B2083349C1F8B02203F0200A4FFA83FB0F
:10CC8000BBF1000F13DB002C41D02E4B9C4200D98E
:10CC90001C46642304FB03F313E0294A0021C2F875
:10CCA0009C12D8E7264A0021C2F8A012DDE7F3095A
:10CCB000234AC2F8A832002BE5D1F4F72BFEE2E7B5
:10CCC0002BB327B11E4AD2F81C229642F8D1B8F1F4
:10CCD000000F05D01A4AD2F82022B2EB560FEFD13E
:10CCE000B9F1000F05D0164AD2F83022B2EB960FF8
:10CCF000E6D1BAF1000F01D07209E1D1BBF1000F0A
:10CD000005DA0F4AD2F82822B2EBD61FD8D10C4A46
:10CD1000D2F81C32D2F8201243EA4103D2F8301282
:10CD200043EA81030849D1F8181243EAC103D2F853
:10CD3000282243EAC2132B700448BDE8F88F00BFD5
:10CD400000004242C0C62D000080414201000600A2
:10CD500038B50D46014611F8014B0CB94FF48074FB
:10CD6000204602F029FB00232B70E01DC008013093
:10CD7000000440F0010038BD2DE9F0470F460023C4
:10CD800007F8013B054615F8013B4FF00109C8467D
:10CD900022E00734E4084FFA80FABAF1000F24DBEE
:10CDA000224B1A6822F440321A601A6842F4803228
:10CDB0001A60DA6822F44032DA60DA68DA603A46F9
:10CDC000294602F02BFBC6B1BAF1000F25DB254442
:10CDD000444404F1010833465E1E1BB315F8010BF1
:10CDE00010F03F04D5D14024D3E7104B1A6822F449
:10CDF00040321A601A681A60E1E70C4B1A6822F494
:10CE000040321A601A6842F480321A60DA6822F4FA
:10CE10004032DA60DA68DA60D6E708F101082744C0
:10CE2000A144D8E749EA0840BDE8F0870010024075
:10CE30002DE9F0470F46002307F8013B10F8013BAE
:10CE40004FF001094E460EE00734E4083A465146D9
:10CE5000284601F01BFC0AEB04002644013615F0BD
:10CE6000800F0BD1434603F1FF3853B182461AF8C5
:10CE7000015B15F03F04E7D14024E5E72744A144D6
:10CE8000F0E749EA0640BDE8F087000010B50C461F
:10CE9000104B1B78022B05D103780E4AD376927E75
:10CEA000934204D3FF2323704FF0011010BD0E20D6
:10CEB00001F0F6FD01F034FC002323706070C0F334
:10CEC0000723A370C0F30743E370000E20710248EC
:10CED000ECE700BF84C50020050001002DE9F04FFC
:10CEE00087B001F1020B00229A4B1A70861C90F851
:10CEF00001800192009213469246C146029003912E
:10CF000049E10C4605A9284602F0D8FA0346022852
:10CF100019D1611EBCB18F4A1278002AF1D012E0FB
:10CF20000C4605A90E2002F0C9FA0346022808D1D2
:10CF3000611E24B3874A1278002AF1D000220092A1
:10CF400001E000220092012B40F0A4819DF8141012
:10CF50008BF800109DF815108BF801109DF8161035
:10CF60008BF802100BF104009DF817108BF80310DA
:10CF7000009AC2B115F0800F03D1834614E00094EB
:10CF8000E1E7754989688BF80410C1F307208BF835
:10CF90000500C1F307408BF80600090E8BF8071057
:10CFA0000BF1080B00E0834615F0100F5CD096F8EB
:10CFB0000180B37848EA0328F37848EA03483379D4
:10CFC00048EA03680536644B5F8A15F0010F33D0D9
:10CFD0001C8A00E00C460021284602F06FFA034646
:10CFE000022805D1611E1CB15A4A1278002AF1D0DC
:10CFF000012821D0C846D146029F039D41463AE10F
:10D00000144605A9284602F059FA0346022805D11C
:10D01000621E1CB14F4909780029F1D001280ED1B8
:10D020004D4A526905990A40424508D0791E37B1E8
:10D03000484A12781AB90F46474B1C8AE1E746491D
:10D040004C6905992140414505D1012840F04281B4
:10D050000022019296E0C846D146029F039D40F00F
:10D060001003DBB2414606E13B490C8A15F0010F83
:10D0700035D0009A22B13E460022019282E00C4651
:10D080000021284602F01AFA0346022805D1611E43
:10D090001CB1304A1278002AF1D0012840F00281F8
:10D0A00015F0800F04D1009A019200903E4669E08D
:10D0B000294989688BF80010C1F307248BF80140D7
:10D0C000C1F307448BF80240090E8BF80310009A55
:10D0D000019200900BF1040B3E4653E00C4605A96B
:10D0E000284602F0EBF90346022805D1611E1CB167
:10D0F000184A1278002AF1D0012840F0DB8015F0A0
:10D10000800F15D19DF814108BF800109DF81510A4
:10D110008BF801109DF816108BF802109DF817106F
:10D120008BF803100BF1040B3E460022019229E01C
:10D13000094989688BF80010C1F307208BF80100BA
:10D14000C1F307408BF80200090E8BF803100BF1B6
:10D15000040BD7E781C5002084C50020009B7BBB62
:10D160007378B17843EA0123F17843EA01433179D6
:10D1700043EA01630593053615F0200F48D0824934
:10D180004B6101230AF1010A80490978002940F026
:10D19000AB8009F1FF39B9F1000F64D0374617F8B9
:10D1A000015B15F0020FD9D0009A002A3FF4FCAEC3
:10D1B000754B1C8A05F01103012B7FF4B2AEA1E67A
:10D1C000714B1C8A00E00C4605A90E2002F076F98E
:10D1D0000346022805D1611E1CB16C4A1278002A50
:10D1E000F1D001286ED19DF814308BF800309DF8F5
:10D1F00015308BF801309DF816308BF802309DF811
:10D2000017308BF803300BF1040B00230093A7E7D2
:10D210005D4B1C8A00E00C4605A9284602F04EF939
:10D220000346022805D1611E1CB1584A1278002A13
:10D23000F1D0012853D115F0800F01D10190A1E761
:10D24000514989688BF80010C1F307248BF801401D
:10D25000C1F307448BF80240090E8BF803100190CC
:10D260000BF1040B8EE7C846D146029F039D414651
:10D2700001E00536013900293BD0324612F8010B96
:10D2800010F0020FF5D010F0100F01D00536F1E7C5
:10D290001646EFE7C846D146BA46029F039D56465A
:10D2A0004146E8E7C846D146BA46029F039D564626
:10D2B0004146E0E7C846D146BA46029F039D56461E
:10D2C0004146D8E7C846D146BA46029F039D564616
:10D2D0004146D0E74946D146029F039DCBE74946E8
:10D2E000D146029F039DC6E74946D146029F039D52
:10D2F000C1E7012B0AD085F800906B70F61BABEBF1
:10D30000050040EA064007B0BDE8F08F009A2AB356
:10D310001D4B1C8A00E00C4605A90E2002F0CEF839
:10D320000346022805D1611E1CB1184A1278002A52
:10D33000F1D00128DFD19DF814108BF800109DF872
:10D3400015108BF801109DF816108BF802109DF83F
:10D3500017108BF803100BF1040BCCE7019A002A8D
:10D36000C9D0094B1C8A00E00C4600210E2002F0B7
:10D37000A5F803460228BED1611E002CBBD0034A8B
:10D380001278002AF0D0B6E784C5002081C50020BD
:10D390002DE9F04782B08846CF1C544B00221A700A
:10D3A0004478837854EA032400F08B80061DC37808
:10D3B0001D4613F0020F6ED013F0010F42D04C4BFC
:10D3C0001E8A00E00E460021284602F077F8034648
:10D3D000022805D1711E1EB1444A1278002AF1D0EC
:10D3E000012830D000246DE015F0010F27D00E2564
:10D3F00025E00E4601A9284602F060F803460228FF
:10D4000005D1711E1EB1394A1278002AF1D00128C7
:10D4100058D19DF804203A709DF805207A709DF847
:10D420000620BA709DF80720FA7001344A46043786
:10D4300002F1FF39002A45D0B9F1000FD4D02C4BAE
:10D440001E8AD7E7002322460024F1E7144601A9EB
:10D45000284602F033F80346022805D1621E1CB1AB
:10D46000224909780029F1D0012838D109F10109B0
:10D47000544604F1FF3A8CB13378727843EA0223C0
:10D48000B27843EA0243F27843EA02630193043636
:10D49000174B1C8ADBE74FF00009EAE7144B1C8AA4
:10D4A00000E00C4600210E2002F008F80346022896
:10D4B00017D1611EBCB10D4A1278002AF1D04C463A
:10D4C00000E0234688F80040C4F3072488F80140B0
:10D4D00088F80230A7EB080002B0BDE8F0874C46A0
:10D4E000F0E74C46EEE74C46ECE700BF81C5002074
:10D4F00084C5002010B582B00C464378827843EA98
:10D500000223C27843EA0243027943EA02630193A9
:10D5100001A9002001F0D2FF00232370012002B0F6
:10D5200010BD00002DE9F04F87B080460D4601F197
:10D530000209854B00221A70064616F8013B834A01
:10D54000D376927E934280F02982861C477800230E
:10D55000019300939B460290B846039116E10A247A
:10D5600020E10F4605A9284601F0A6FA0346022845
:10D5700019D1791EBFB1744A1278002AF1D012E095
:10D580000F4605A90E2001F097FA0346022808D19C
:10D59000791E27B36C4A1278002AF1D0002200923B
:10D5A00001E000220092012B40F08C819DF81420B4
:10D5B00089F800209DF8152089F801209DF8162093
:10D5C00089F8022009F104019DF8172089F8032049
:10D5D000009AC2B115F0800F03D1894614E000977C
:10D5E000E1E75A4A926889F80420C2F3072189F8D2
:10D5F0000510C2F3074189F80610120E89F80720BA
:10D6000009F1080900E0894615F0100F04D1009ACD
:10D61000002A63D05646B0E096F801A0B3784AEAF3
:10D62000032AF3784AEA034A33794AEA036A053659
:10D63000464B5F8A019BA34202D1444B1C8A05E002
:10D64000204601F02DFA0194F7E70C460021284608
:10D6500001F032FA0346022805D1611E1CB13A4A94
:10D660001278002AF1D0012820D04746DDF8088042
:10D67000039D19E1144605A9284601F01DFA034649
:10D68000022805D1621E1CB12F4909780029F1D06A
:10D6900001280ED12D4A526905990A40524508D0F9
:10D6A000791E37B1284A12781AB90F46274B1C8ABF
:10D6B000E1E7264A526905990A40524506D10128F8
:10D6C0005BD04746DDF80880039DEDE04746DDF876
:10D6D0000880039D40F01000C3B2E5E0019BA34227
:10D6E00002D11A4B1C8A05E0204601F0D9F90194B9
:10D6F000F7E70C460021284601F0DEF90346022830
:10D7000005D1611E1CB1104A1278002AF1D00128FF
:10D7100040F0DE8015F0800F02D1009056462CE0DC
:10D720000A4A926889F80020C2F3072189F801109B
:10D73000C2F3074189F80210120E89F80320009005
:10D7400009F10409564618E081C5002084C500206F
:10D75000009B002B40D17378B27843EA0223F27821
:10D7600043EA0243327943EA02630593053615F032
:10D77000200F62D08B4A536101230BF1010B8A4ABF
:10D780001278002A40F0B58008F1FF38B8F1000F98
:10D7900000F08380B2461AF8015B15F0010F3FF4E8
:10D7A000DEAE0B2415F0020FD2D0009A002A3FF40F
:10D7B0002BAF7C4B1F8A019BA34203D115F0100FA6
:10D7C0003FF4D0AE019B0A2B3FF4DBAE0A2001F000
:10D7D00067F90A230193D4E6019B0A2B02D1714B0E
:10D7E0001F8A06E00A2001F05BF90A230193F6E79D
:10D7F0000F4605A90E2001F05FF90346022805D166
:10D80000791E1FB1684A1278002AF1D0012865D12B
:10D810009DF8143089F800309DF8153089F80130F2
:10D820009DF8163089F802309DF8173089F80330DA
:10D8300009F10409002300938DE7019BA34202D163
:10D84000584B1C8A05E0204601F02AF90194F7E7BD
:10D850000C4605A9284601F02FF90346022805D1F8
:10D86000611E1CB1504A1278002AF1D001283BD128
:10D8700015F0800F81D04B4A926889F80020C2F3DE
:10D88000072189F80110C2F3074189F80210120E2E
:10D8900089F8032009F104096FE74746DDF808809D
:10D8A000039D01E00536013F47B3324612F8011BE4
:10D8B00011F0020FF6D011F0100F01D00536F2E78B
:10D8C0001646F0E74746DDF80880039D5646EBE72D
:10D8D0004746DDF80880039D5646E5E74746DDF8F4
:10D8E0000880039D5646DFE74746DDF80880039D24
:10D8F000DAE74746DDF80880039DD5E7012B0BD01A
:10D9000085F800B06B70A6EB0806A9EB050040EAAD
:10D91000064007B0BDE8F08F019B0A2B04D1009BA5
:10D920004BB3204B1C8A04E00A2001F0B9F8F6E75B
:10D930000C4605A90E2001F0BFF80346022805D1C8
:10D94000611E1CB1184A1278002AF1D00128D7D1E3
:10D950009DF8142089F800209DF8152089F80120F1
:10D960009DF8162089F802209DF8172089F80320D9
:10D9700009F10409C4E70B4B1C8A00E00C460021A6
:10D980000E2001F099F803460228B9D1611E002C3F
:10D99000B6D0054A1278002AF0D0B1E700239B46A2
:10D9A000AEE700BF84C5002081C5002008B5074B45
:10D9B0001B78012B04D0022B05D0FFF725F801E0DE
:10D9C000FFF78CFA08BDFFF7ADFDFBE784C500202B
:10D9D0002DE9F04F83B00F4601F10308654B00229B
:10D9E0001A700378644AD376927E934280F0A980BD
:10D9F0004478837854EA032400F0AF80061D90F841
:10DA000003904D4619F0010F0AD04FF00B0B58460A
:10DA100001F046F819F0020F76D0574B1E8A03E04A
:10DA20004FF00A0BF3E716460021284601F044F8B0
:10DA30000146022805D1721E1EB14E4B1B78002BE9
:10DA4000F1D0012840F08B804FF000092EE0BBF1AF
:10DA50000A0F01D10E252DE00A2001F021F80E2534
:10DA600028E0144601A9284601F026F801460228BC
:10DA700005D1621E1CB13F4B1B78002BF1D0012851
:10DA80006FD19DF8043088F800309DF8053088F893
:10DA900001309DF8063088F802309DF8073088F88C
:10DAA000033009F10109344608F10408661E24B167
:10DAB000002ECCD0304B1C8AD4E74C4643E01C46A9
:10DAC00001A9284600F0F8FF0146022805D1631E8F
:10DAD0001CB1284A1278002AF1D0012843D109F15B
:10DAE0000109544604F1FF3A8CB13378727843EA65
:10DAF0000223B27843EA0243F27843EA02630193D5
:10DB000004361D4B1C8ADBE74FF00009EAE7BBF146
:10DB10000A0F02D1184B1C8A04E00A2000F0C0FF53
:10DB2000F8E7144600210E2000F0C6FF0146022847
:10DB30001BD1621EDCB10F4B1B78002BF1D04C4681
:10DB400001E000210C463C70C4F307247C70B970DE
:10DB5000A8EB070003B0BDE8F08F2146F3E70024EF
:10DB6000F1E74C46EFE74C46EDE74C46EBE74C4619
:10DB7000E9E700BF81C5002084C5002010B5044638
:10DB80000F4B1B78012B07D0022B0ED000230B70FC
:10DB90004B708B70032001E0FFF7FAFBE37813F082
:10DBA000020F05D040F4802010BDFFF711FFF5E70C
:10DBB0006378A27843EA0223013340EA8340F3E723
:10DBC00084C5002038B50D4603780E4AD376927E80
:10DBD000934203D3FF230B70012038BD0446082075
:10DBE00000F05EFF6378A27843EA0223E27843EA1A
:10DBF0000243207943EA006000F03EFE00232B70D0
:10DC0000EAE700BF84C5002008B5094B1B78012B4B
:10DC100005D0022B08D0FF230B70012001E0FFF795
:10DC200069FC40F4A02008BDFFF7CCFFF9E700BF76
:10DC300084C5002010B503460C46027882F08001AE
:10DC40001F2916D9214601F8012B01301D2A53D86E
:10DC5000DFE802F0131B202346494C524F272A527B
:10DC6000525252522E3134373D4043525252525248
:10DC7000523A214600F084F80BE0A11C5878FEF7D8
:10DC8000EDFD607000F1021003E0FEF733FE00F1DD
:10DC9000011010BDFEF768FFF9E70846FEF7B6FF72
:10DCA000F5E7FEF717FEF2E70846FEF739FEEEE766
:10DCB000FEF7B8FFEBE7FEF739FEE8E7FFF748F8B5
:10DCC000E5E7FEF74BFEE2E7FFF756F8DFE7FFF781
:10DCD000AFF8DCE7FEF752FED9E7FFF7D7F8D6E753
:10DCE000FEF77CFED3E7FFF761FED0E7FFF746FFC4
:10DCF000CDE7FFF789FFCAE7FF2323704FF001103C
:10DD0000C7E7F8B503787F2B04D0FFF793FF0546EC
:10DD10002846F8BD0C4604F8023B861C43784B703D
:10DD20004FF0021509E021463046FFF783FF054416
:10DD300006EB104614FA80F43B465F1E002BF2D12E
:10DD4000E6E7000008B50B4B1B781BB1094B01221D
:10DD50001A7008BD084B00221A701A7364211982C8
:10DD60005A825A61012119765A769A760348FEF74B
:10DD700053FDEBE780C5002084C5002040420F0022
:10DD800003780B704FF00110704700003F4B0122E9
:10DD9000C3F8A0220021C3F89C12C3F89C22C3F848
:10DDA0009C12C3F89C22C3F8A012C3F89C12C3F8BB
:10DDB0009C22C3F89C12C3F89C22C3F8B022344BB7
:10DDC000DA7E103203EB42039B8807E02F4A0021E2
:10DDD000C2F89C120121C2F89C12013B002BF5D124
:10DDE0002B4BDA7E13441A7F013A0AE0274BC3F823
:10DDF000B0020021C3F89C120121C3F89C12C84054
:10DE0000013A002AF2D1224BDA7E183203EB4203A8
:10DE10009B8873B31D4AC2F8B0020021C2F89C125D
:10DE20000121C2F89C12C2F8B012013B43B1174A5B
:10DE30000021C2F89C120121C2F89C12013BF5E7B7
:10DE4000124B0122C3F8A0220021C3F89C12C3F890
:10DE50009C220E4B0021C3F89C120122C3F89C2285
:10DE6000C3F8A012C3F89C12C3F89C22C3F8B022D6
:10DE70007047064B0122C3F8A022C3F8B00200216C
:10DE8000C3F89C12C3F89C22E3E700BF00004242A3
:10DE900084C50020F0B47F4B0122C3F8A0220024E7
:10DEA000C3F89C42C3F89C22C3F8A042C3F89C422A
:10DEB000C3F89C22C3F89C42C3F89C22764BDB7EBD
:10DEC00007E0744A0024C2F89C420124C2F89C4234
:10DED000013B002BF5D144086E4AC2F8B04200273E
:10DEE000C2F89C726D4ED6F818C20125C2F89C5239
:10DEF0008408C2F8B042C2F89C72D6F81842C2F840
:10DF00009C5244EA4C0CC408C2F8B042C2F89C725D
:10DF1000D6F81842C2F89C524CEA840CAC451CD08E
:10DF2000C2F8A052C2F89C72C2F89C52594B002110
:10DF3000C3F89C120122C3F89C22C3F8A012C3F8B4
:10DF40009C12C3F89C22C3F8B02210F0800F01D0BD
:10DF5000514B9960504B1B7B95E010F0020F24D180
:10DF600009681F2254E04B4D0022C5F89C224B4A01
:10DF7000D2F818220126C5F89C6243EAC273F34026
:10DF8000013C002CEFD1444CA27EE47E121B012AFE
:10DF900026D0404C0025C4F89C52404DD5F818625C
:10DFA0000125C4F89C52023A09E01F24E9E7394CE4
:10DFB0000025C4F89C520125C4F89C52013A002A5D
:10DFC000F5D1344A0124C2F8A0420025C2F89C527F
:10DFD000C2F89C4243EAC6730029A7D00B60A5E7AC
:10DFE0002C4A0124C2F8A0420025C2F89C522B4DB5
:10DFF000D5F81862C2F89C42ECE7264BC3F8B01281
:10E000000024C3F89C420124C3F89C42E140013A39
:10E01000002AF2D1204A937ED27E9B1A012B1ED079
:10E020001C4AC2F8B0120021C2F89C120121C2F8A9
:10E030009C12023B07E0174A0021C2F89C12012102
:10E04000C2F89C12013B002BF5D1124B0122C3F800
:10E05000A0220021C3F89C12C3F89C2266E70D4B56
:10E060000122C3F8A022C3F8B0120021C3F89C1209
:10E07000C3F89C225AE7074B0021C3F89C120121E8
:10E08000C3F89C1213465A1E002BF4D15FFA8CF091
:10E09000F0BC70470000424284C50020008041422D
:10E0A000804B0122C3F8A0220022C3F89C227E4BA1
:10E0B0005B68013BFDD17B4B0122C3F89C227A4B6C
:10E0C0005B68013BFDD1774B0022C3F89C22764B65
:10E0D0005B68013BFDD1734B0122C3F89C22724B5C
:10E0E0005B68013BFDD16F4B0022C3F8A022C3F84F
:10E0F0009C226D4B5B68013BFDD16A4B0122C3F84A
:10E100009C22694B5B68013BFDD1664B0022C3F842
:10E110009C22654B5B68013BFDD1624B0122C3F839
:10E120009C22614B5B68013BFDD15E4B0122C3F831
:10E13000B0225D4BDA7E103203EB42039A8810E086
:10E14000584B0021C3F89C12574B5B68013BFDD133
:10E15000544B0121C3F89C12534B5B68013BFDD12A
:10E16000013A002AECD1504BDA7E13441A7F013A6F
:10E1700013E04C4BC3F8B0020021C3F89C124A4B89
:10E180005B68013BFDD1474B0121C3F89C12464B14
:10E190005B68013BFDD14008013A002AE9D1424BBE
:10E1A000DA7E183203EB42039A88002A64D03D4B92
:10E1B000C3F8B0020021C3F89C123B4B5B68013BE3
:10E1C000FDD1384B0121C3F89C12374B5B68013BF2
:10E1D000FDD1344B0121C3F8B012013A10E0314BAC
:10E1E0000021C3F89C12304B5B68013BFDD12D4BE5
:10E1F0000121C3F89C122C4B5B68013BFDD1013A15
:10E20000002AECD1274B0122C3F8A0220022C3F838
:10E210009C22254B5B68013BFDD1224B0122C3F8B8
:10E220009C22214B5B68013BFDD11E4B0022C3F8B1
:10E230009C221D4B5B68013BFDD11A4B0122C3F8A8
:10E240009C22194B5B68013BFDD1164B0022C3F8A1
:10E25000A022C3F89C22144B5B68013BFDD1114BFB
:10E260000122C3F89C22104B5B68013BFDD10D4B92
:10E270000122C3F8B02270470A4B0122C3F8A02242
:10E28000C3F8B0020022C3F89C22074B5B68013B35
:10E29000FDD1044B0122C3F89C22034B5B68013B78
:10E2A000FDD1C2E70000424284C5002070B40E4692
:10E2B000A14B0122C3F8A0220022C3F89C229F4B4D
:10E2C0005B68013BFDD19C4B0122C3F89C229B4B18
:10E2D0005B68013BFDD1984B0022C3F8A022C3F834
:10E2E0009C22964B5B68013BFDD1934B0122C3F806
:10E2F0009C22924B5B68013BFDD18F4B0022C3F8FF
:10E300009C228E4B5B68013BFDD18B4B0122C3F8F5
:10E310009C228A4B5B68013BFDD1884BDA7E10E082
:10E32000854B0021C3F89C12844B5B68013BFDD1F7
:10E33000814B0121C3F89C12804B5B68013BFDD1EE
:10E34000013A002AECD143087B4AC2F8B0320023DC
:10E35000C2F89C32794B5B68013BFDD1784BD3F816
:10E36000182203F500430121C3F89C12734B5B682C
:10E37000013BFDD14FEA420C83086F4AC2F8B0322C
:10E380000023C2F89C326D4B5B68013BFDD16C4BA6
:10E39000D3F8182203F500430121C3F89C12674B00
:10E3A0005B68013BFDD14CEA020CC308624AC2F82B
:10E3B000B0320023C2F89C32604B5B68013BFDD158
:10E3C0005F4BD3F818325C4A0121C2F89C125B4AB9
:10E3D0005268013AFDD14CEA830CBCF1010F41D0E7
:10E3E000554B0122C3F8A0220022C3F89C22534BB4
:10E3F0005B68013BFDD1504B0122C3F89C224F4B7F
:10E400005B68013BFDD14C4B0022C3F89C224B4B77
:10E410005B68013BFDD1484B0122C3F89C22474B6E
:10E420005B68013BFDD1444B0022C3F8A022C3F836
:10E430009C22424B5B68013BFDD13F4B0122C3F85C
:10E440009C223E4B5B68013BFDD13B4B0122C3F854
:10E45000B02210F0800F02D0384B00229A60374B68
:10E460001A7B04E110F0020F37D131681F2295E0CA
:10E47000314B0021C3F89C12304B5B68013BFDD14E
:10E480002F4BD3F8181203F500430125C3F89C5213
:10E490002A4B5B68013BFDD142EAC1735A08013C3B
:10E4A000002CE5D1254B997EDB7EC91A012949D084
:10E4B000214BC3F89C42214B5B68013BFDD1204BB3
:10E4C000D3F8184203F500430125C3F89C521B4BB7
:10E4D0005B68013BFDD1023912E01F24E0E7164BD7
:10E4E0000025C3F89C52154B5B68013BFDD1124BD4
:10E4F0000125C3F89C52114B5B68013BFDD10139EA
:10E500000029ECD10C4B0121C3F8A0120021C3F863
:10E510009C120A4B5B68013BFDD1074B0121C3F8FC
:10E520009C12064B5B68013BFDD142EAC472002E8F
:10E530003FF469AF326066E70000424284C50020C4
:10E54000008041424E4B0121C3F8A0120021C3F8C4
:10E550009C124C4B5B68013BFDD14B4BD3F81842EE
:10E5600003F500430121C3F89C12464B5B68013B55
:10E57000FDD1DAE7424BC3F8B0120024C3F89C4245
:10E58000404B5B68013BFDD13D4B0124C3F89C42ED
:10E590003C4B5B68013BFDD14908013A002AE9D1B7
:10E5A000384B9A7EDB7ED21A012A3AD0344BC3F81C
:10E5B000B0120021C3F89C12324B5B68013BFDD1C5
:10E5C0002F4B0121C3F89C122E4B5B68013BFDD100
:10E5D000023A10E02A4B0021C3F89C12294B5B68D9
:10E5E000013BFDD1264B0121C3F89C12254B5B68F2
:10E5F000013BFDD1013A002AECD1214B0122C3F8A5
:10E60000A0220022C3F89C221E4B5B68013BFDD177
:10E610001B4B0122C3F89C221A4B5B68013BFDD1C6
:10E62000F1E6174B0122C3F8A022C3F8B012002272
:10E63000C3F89C22134B5B68013BFDD1104B0122B8
:10E64000C3F89C220F4B5B68013BFDD1DBE60C4B12
:10E650000021C3F89C120B4B5B68013BFDD1084BBA
:10E660000121C3F89C12074B5B68013BFDD11346A7
:10E67000013A002BEBD15FFA8CF070BC704700BF01
:10E680000000424284C5002000804142F0B5864629
:10E690000D46164610F03F0100D140211EF0400FFC
:10E6A00004D01C4B0122C3F8A0222AE0194B0022FF
:10E6B000C3F8A02225E0174BC3F8B0420022C3F8EC
:10E6C0009C22154B5B68013BFDD1144BD3F81822FB
:10E6D00003F500430127C3F89C720F4B5B68013BB5
:10E6E000FDD16408D30143EA5C0C0138013908B15B
:10E6F0000029E0D12CFA00FC1EF0800F01D006F8B2
:10E7000001CB29B115F8014B08204FF0000CEEE7C2
:10E71000F0BD00BF0000424284C50020008041429D
:10E7200010B4524B0122C3F8A0220022C3F89C224D
:10E730004F4B5B68013BFDD14C4B0122C3F89C223F
:10E740004B4B5B68013BFDD1484B0022C3F8A02234
:10E75000C3F89C22464B5B68013BFDD1434B012231
:10E76000C3F89C22424B5B68013BFDD13F4B00222A
:10E77000C3F89C223E4B5B68013BFDD13B4B012221
:10E78000C3F89C223A4B5B68013BFDD1384BD87EE5
:10E7900010E0364B0022C3F89C22354B5B68013BEE
:10E7A000FDD1324B0122C3F89C22314B5B68013B07
:10E7B000FDD101380028ECD11F2117E02B4B00229E
:10E7C000C3F89C222A4B5B68013BFDD1294BD3F84F
:10E7D000182203F500430124C3F89C42244B5B68D4
:10E7E000013BFDD140EAC273580801390029E5D147
:10E7F0001E4B0122C3F8A0220022C3F89C221C4B0E
:10E800005B68013BFDD11B4BD3F8182203F5004395
:10E810000121C3F89C12164B5B68013BFDD140EA15
:10E82000C270124B0022C3F89C22114B5B68013B63
:10E83000FDD10E4B0122C3F89C220D4B5B68013BBE
:10E84000FDD10A4B0022C3F8A022C3F89C22084B3A
:10E850005B68013BFDD1054B0122C3F89C22044BB0
:10E860005B68013BFDD15DF8044B704700004242FC
:10E8700084C5002000804142874B0122C3F8A022BA
:10E880000022C3F89C22854B5B68013BFDD1824B83
:10E890000122C3F89C22814B5B68013BFDD17E4B7A
:10E8A0000022C3F8A022C3F89C227C4B5B68013B8A
:10E8B000FDD1794B0122C3F89C22784B5B68013B68
:10E8C000FDD1754B0022C3F89C22744B5B68013B61
:10E8D000FDD1714B0122C3F89C22704B5B68013B58
:10E8E000FDD16E4BDA7E10E06B4B0021C3F89C1219
:10E8F0006A4B5B68013BFDD1674B0121C3F89C1259
:10E90000664B5B68013BFDD1013A002AECD1624BBA
:10E91000C3F8B022C3F89C22604B5B68013BFDD179
:10E920005D4B0122C3F89C225C4B5B68013BFDD12F
:10E93000594B0022C3F89C22584B5B68013BFDD128
:10E94000554B0122C3F89C22544B5B68013BFDD11F
:10E95000514B0022C3F89C22504B5B68013BFDD118
:10E960004D4B0122C3F89C224C4B5B68013BFDD10F
:10E970001F2213E0484BC3F8B0020021C3F89C12D9
:10E98000464B5B68013BFDD1434B0121C3F89C1210
:10E99000424B5B68013BFDD14008013A002AE9D1B6
:10E9A0003E4B9A7EDB7ED21A012A5FD03A4BC3F8E7
:10E9B000B0020021C3F89C12384B5B68013BFDD1CB
:10E9C000354B0121C3F89C12344B5B68013BFDD1F0
:10E9D000023A8AB1304B0021C3F89C122F4B5B687E
:10E9E000013BFDD12C4B0121C3F89C122B4B5B68E2
:10E9F000013BFDD1013AECE7274B0122C3F8A022ED
:10EA00000022C3F89C22254B5B68013BFDD1224BC1
:10EA10000122C3F89C22214B5B68013BFDD11E4BB8
:10EA20000022C3F89C221D4B5B68013BFDD11A4BB1
:10EA30000122C3F89C22194B5B68013BFDD1164BA8
:10EA40000022C3F8A022C3F89C22144B5B68013B50
:10EA5000FDD1114B0122C3F89C22104B5B68013B96
:10EA6000FDD10D4B0122C3F8B02270470A4B0122A1
:10EA7000C3F8A022C3F8B0020022C3F89C22074BBF
:10EA80005B68013BFDD1044B0122C3F89C22034B80
:10EA90005B68013BFDD1C2E70000424284C5002013
:10EAA00008B5044B5B7813B1FFF770F908BDFFF7A9
:10EAB000F7FAFBE784C5002008B5044B5B7813B177
:10EAC000FFF7E8F908BDFFF7F1FBFBE784C500207D
:10EAD00010B584B00446012001F0BEF9A0B10E4B80
:10EAE0009A6AD96A586A00F0E4FF80B10A480023A4
:10EAF0000293019301220092224650F8141B01F068
:10EB0000BFF830B1002000E0032004B010BD0420A5
:10EB1000FBE70620F9E700BFF80000202DE9F043ED
:10EB200085B007460E46154602E0274426442D1BB5
:10EB3000F5B1124BD3F830804446A84528BF2C4687
:10EB4000D3F8209022463146484600F0B2FF98B1F3
:10EB50000A48002302930193CDF8009043463A46B9
:10EB60000169143001F08CF80028DED10B2000E0A0
:10EB7000002005B0BDE8F0830520FAE7F80000208A
:10EB800000B585B002460848002302930193009324
:10EB9000C168143001F074F818B1002005B05DF8B8
:10EBA00004FB0920FAE700BFF8000020F0B5B24BE3
:10EBB0000122C3F8A0220024C3F89C42C3F89C227F
:10EBC000C3F8A002C3F89C42C3F89C2220FA02F5C5
:10EBD000C3F8A052C3F89C42C3F89C22054486089F
:10EBE000C3F8A062C3F89C42C3F89C223544C6080F
:10EBF000C3F8A062C3F89C42C3F89C223544C3F812
:10EC0000A052C3F89C42C3F89C22C3F8A042C3F8A8
:10EC10009C42C3F89C22C3F8A022C3F89C42C3F8CC
:10EC20009C22A3F10F73A3F57C331A6822F44032BF
:10EC30001A601A681A60914B1B7E07E08E4A002406
:10EC4000C2F89C420124C2F89C42013B002BF5D142
:10EC5000894A0026C2F89C62D2F820420125C2F8F7
:10EC60009C52C2F89C62D2F82072C2F89C5244EACC
:10EC7000470CC2F89C62D2F82042C2F89C524CEA7F
:10EC8000840CAC450BD0BCF1020F00F0A680BCF1A7
:10EC9000040F00F0A280794B1B7E2133FAE010F0C4
:10ECA000020F27D1754B1C7E5AE0734C0022C4F82A
:10ECB0009C22D4F820220126C4F89C629644D207F4
:10ECC00042EA5303013D002DEFD16B4A0024C2F804
:10ECD0009C42D2F820420125C2F89C528EEA040ED2
:10ECE0001EF0010F01D04FF0080C01B10B60634B17
:10ECF0001B7E0AE09E462025E5E75F4A0021C2F818
:10ED00009C120121C2F89C12013B002BF5D103F1AA
:10ED1000804303F504331A6822F440321A601A68FB
:10ED200042F480321A60DA6822F44032DA60DA683B
:10ED3000DA6010F0800F02D0504B00229A604F4BE7
:10ED40001B7B002B42D04C4A0021C2F8A0123BE0B2
:10ED5000494B0022C3F89C220122C3F89C22013CAB
:10ED6000002CF5D1464B1A6822F440321A601A681A
:10ED700042F480321A60DA6822F44032DA60DA68EB
:10ED8000DA600B6820210BE03B4AC2F8A032002574
:10ED9000C2F89C520125C2F89C521C44EB40013938
:10EDA0000029F1D1344BC3F8A0420022C3F89C22C1
:10EDB0000122C3F89C22BCE72F4A0021C2F89C1212
:10EDC0000121C2F89C12013B002BF5D12A4B0122F4
:10EDD000C3F8A0225FFA8CF076E0284B5B7E13B17B
:10EDE00010F0020F0DD1254B1B7E14E0224A0021AA
:10EDF000C2F89C120121C2F89C12013B002BF5D1F4
:10EE0000F1E72123FAE71C4A0021C2F89C120121F4
:10EE1000C2F89C12013B002BF5D103F1804303F5AE
:10EE200004331A6822F440321A601A6842F48032BD
:10EE30001A60DA6822F44032DA60DA68DA600F4B7E
:10EE40005B7E8BB110F0020F0ED10B4B0022C3F88A
:10EE5000A022212343B1084A0021C2F89C120121BB
:10EE6000C2F89C12013BF5E7034B0122C3F8A02234
:10EE70005FFA8CF028E000BF0000424284C5002009
:10EE800000100240114A0021C2F89C120121C2F870
:10EE90009C12013B002BF5D103F1804303F50433B1
:10EEA0001A6822F440321A601A6842F480321A60FA
:10EEB000DA6822F44032DA60DA68DA60034B012261
:10EEC000C3F8A0225FFA8CF0F0BD00BF0000424200
:10EED00070B59E4B0122C3F8A0220022C3F89C22E9
:10EEE0009B4B5B68013BFDD1984B0122C3F89C22F0
:10EEF000974B5B68013BFDD1944BC3F8A002002205
:10EF0000C3F89C22924B5B68013BFDD18F4B0122E1
:10EF1000C3F89C228E4B5B68013BFDD142088B4BB2
:10EF2000C3F8A0220024C3F89C42894B5B68013BD4
:10EF3000FDD1864B0124C3F89C42854B5B68013BA5
:10EF4000FDD102448408814BC3F8A0420025C3F8D8
:10EF50009C527F4B5B68013BFDD17C4B0125C3F884
:10EF60009C527B4B5B68013BFDD12244C408774B2C
:10EF7000C3F8A0420025C3F89C52754B5B68013B67
:10EF8000FDD1724B0125C3F89C52714B5B68013B6C
:10EF9000FDD114446D4AC2F8A0420023C2F89C324D
:10EFA0006B4B5B68013BFDD1684B0122C3F89C228F
:10EFB000674B5B68013BFDD1644B0022C3F8A02284
:10EFC000C3F89C22624B5B68013BFDD15F4B012281
:10EFD000C3F89C225E4B5B68013BFDD15B4B012279
:10EFE000C3F8A0220022C3F89C22594B5B68013B66
:10EFF000FDD1564B0122C3F89C22554B5B68013B67
:10F00000FDD1544B1A6822F440321A601A681A6013
:10F010004F4B1A7E10E04D4B0024C3F89C424C4BE2
:10F020005B68013BFDD1494B0124C3F89C42484B2E
:10F030005B68013BFDD1013A002AECD1434BC3F898
:10F040009C22434B5B68013BFDD1404BD3F820220F
:10F050000124C3F89C423E4B5B68013BFDD13B4B16
:10F060000024C3F89C423A4B5B68013BFDD1374B0F
:10F07000D3F820420125C3F89C52354B5B68013B15
:10F08000FDD142EA440C314B0022C3F89C22304BA4
:10F090005B68013BFDD12D4BD3F820420122C3F820
:10F0A0009C222B4B5A68013AFDD14CEA840CBCF1EE
:10F0B000010F0BD0BCF1020F00F0E880BCF1040F8F
:10F0C00000F0E480224B1A7E213256E110F0020F4C
:10F0D00039D11F4B1C7E81E01C4B0024C3F89C429D
:10F0E0001B4B5B68013BFDD1184BD3F82042012636
:10F0F000C3F89C62164B5B68013BFDD1A644E40754
:10F1000044EA5202013D002DE6D1104B0024C3F821
:10F110009C420F4B5B68013BFDD10C4BD3F8204266
:10F120000125C3F89C520A4B5B68013BFDD18EEA76
:10F13000040E1EF0010F01D04FF0080C01B10A605F
:10F14000034B1A7E19E096462025DCE70000424278
:10F1500084C5002000100240944B0021C3F89C128B
:10F16000934B5B68013BFDD1904B0121C3F89C128E
:10F170008F4B5B68013BFDD1013A002AECD18D4BEE
:10F180001A6822F440321A601A6842F480321A6017
:10F19000DA6822F44032DA60DA68DA6010F0800F60
:10F1A00002D0834B00229A60814B1A7B002A66D0E2
:10F1B0007E4B0021C3F8A0125FE07C4B0022C3F815
:10F1C0009C227B4B5B68013BFDD1784B0122C3F84D
:10F1D0009C22774B5B68013BFDD1013C002CECD1BC
:10F1E000744B1A6822F440321A601A6842F4803272
:10F1F0001A60DA6822F44032DA60DA68DA600A68A3
:10F20000202114E0694BC3F8A0220025C3F89C52CA
:10F21000674B5B68013BFDD1644B0125C3F89C52F1
:10F22000634B5B68013BFDD114445208013900294E
:10F23000E8D15E4BC3F8A0420022C3F89C225C4B8D
:10F240005B68013BFDD1594B0122C3F89C22584B0E
:10F250005B68013BFDD1A1E7544B0021C3F89C1230
:10F26000534B5B68013BFDD1504B0121C3F89C120D
:10F270004F4B5B68013BFDD1013A002AECD14B4B6F
:10F280000122C3F8A0225FFA8CF08DE0484B5B7E30
:10F2900013B110F0020F28D1454B1A7E3AB3434BFD
:10F2A0000021C3F89C12424B5B68013BFDD13F4BF0
:10F2B0000121C3F89C123E4B5B68013BFDD1013A32
:10F2C000ECE73A4B0021C3F89C12394B5B68013BD9
:10F2D000FDD1364B0121C3F89C12354B5B68013BD5
:10F2E000FDD1013A002AECD1D6E72122FAE7314BD1
:10F2F0001A6822F440321A601A6842F480321A60A6
:10F30000DA6822F44032DA60DA68DA60284B5B7E31
:10F31000DBB110F0020F18D1244B0022C3F8A02259
:10F32000212210E0214B0021C3F89C12204B5B6886
:10F33000013BFDD11D4B0121C3F89C121C4B5B68A6
:10F34000013BFDD1013A002AECD1184B0122C3F850
:10F35000A0225FFA8CF027E0144B0021C3F89C1226
:10F36000134B5B68013BFDD1104B0121C3F89C128C
:10F370000F4B5B68013BFDD1013A002AECD10D4BEC
:10F380001A6822F440321A601A6842F480321A6015
:10F39000DA6822F44032DA60DA68DA60034B01227C
:10F3A000C3F8A0225FFA8CF070BD00BF000042429B
:10F3B00084C500200010024000B50022944617E0EA
:10F3C000144B0020C3F8A002124B0020C3F89C028B
:10F3D000114B5B68013BFDD10E4B0120C3F89C0231
:10F3E0000D4B5B68013BFDD14FEA5C0C013A704666
:10F3F00000F1FF3E58B112B911F801CB08221CF000
:10F40000010FDDD0034B0120C3F8A002DCE75DF85B
:10F4100004FB00BF0000424284C5002010B58C46AA
:10F42000964610F03F0200D1402210F0800F1ED10E
:10F430003AE0204B0021C3F89C121F4B5B68013B54
:10F44000FDD11C4BD3F820120124C3F89C421A4B67
:10F450005B68013BFDD1CB0143EA5C0C0138013A0A
:10F4600008B1002AE5D12CFA00FC0EF801CB02B35A
:10F4700008204FF0000CF3E70E4BC3F8A012002455
:10F48000C3F89C420C4B5B68013BFDD1094B012446
:10F49000C3F89C42084B5B68013BFDD14908013829
:10F4A000013A08B1002AE7D11AB11CF8011B082063
:10F4B000F7E710BD0000424284C5002008B5044BA8
:10F4C0005B7813B1FFF772FB08BDFFF701FDFBE7A7
:10F4D00084C5002070B588B001251D4B1D70002427
:10F4E000039404940594069407940194194B1A6BA1
:10F4F00042F010021A631A6B02F010020192019A94
:10F5000002941A6B42F008021A631B6B03F00803A3
:10F510000293029B104E2A464FF4B0613046F4F736
:10F52000F0F84FF4C073039304950594069503A96E
:10F530003046F3F7E9FF4FF48063039311230493FC
:10F540000595069403A93046F3F7DEFF08B070BDB9
:10F550008C4C0020003802400010024030B587B0CB
:10F560000024154B1C700194029403940494059498
:10F57000124D01224FF4AC512846F4F7C2F84FF473
:10F580008C5301930294039401A92846F3F7BCFF1E
:10F590004FF4806301930294039401A92846F3F782
:10F5A000B3FF402301930294039401A90448F3F7A5
:10F5B000ABFF07B030BD00BF8C4C002000100240F4
:10F5C000000C024000B583B08DF80400000A8DF8ED
:10F5D000050001A91020FFF7EFFE012003B05DF840
:10F5E00004FB00B583B0002307E003F108026A447E
:10F5F000FF2102F8081C0133DBB2072BF5D969465D
:10F600003320FFF7D9FE012003B05DF804FB7047FB
:10F610000020704710B50446FFF7FAFF08B904F060
:10F620007F4010BD002307E04FEAC30C21FA0CFC19
:10F6300000F803C00133DBB29342F5D3704770B5D5
:10F6400006460D4600200446632C08D8294630465D
:10F65000FFF734FF022802D10134E4B2F4E770BDB1
:10F6600010B582B00C46042201460DEB0200FFF7F4
:10F67000D9FF01A90520FFF7E2FF012802D00020F1
:10F6800002B010BD69460F20FFF7D9FF012801D055
:10F690000020F5E769460E20FFF7D1FF0023236025
:10F6A0009DF803301B0623609DF8022043EA0243C5
:10F6B00023609DF8012043EA022323609DF8002087
:10F6C00013432360012814BF00200120D8E710B5A0
:10F6D00082B00C46042201460DEB0200FFF7A2FFA8
:10F6E00001A90520FFF7ABFF012802D0002002B0DE
:10F6F00010BD042221460DEB0200FFF793FF01A984
:10F700000D20FFF79CFF012801D00020EFE700212A
:10F710000E20FFF794FF012814BF00200120E6E728
:10F7200008B5FEF70FFBFFF7D5FE012008BD08B5B1
:10F73000FFF714FF012008BD10B582B00C4600F0A1
:10F740000C0001A940F00200FFF779FF00232360BD
:10F750009DF807301B0623609DF8062043EA02430C
:10F7600023609DF8052043EA022323609DF80420CE
:10F7700013432360012814BF0020012002B010BDF4
:10F7800070B582B004460D46082803D10F4B1B68A4
:10F790008B4218D004F00C06042229460DEB02001F
:10F7A000FFF740FF01A93046FFF749FF012805D0C8
:10F7B000012814BF0020012002B070BD082CF7D131
:10F7C000024B1D60F4E70120F6E700BFC8C500202A
:10F7D00008B51E210020FFF7D3FF00B1012008BDAE
:10F7E00030B583B004460D46FFF714FF04F0F00176
:10F7F00001430820FFF7C4FFB8B12CB9114B5B6877
:10F80000AB421DD00F4B5D6004F00C0444F00104CA
:10F81000042229460DEB0200FFF704FF01A9204650
:10F82000FFF70DFF012802D0002003B030BD0021FA
:10F830000E20FFF704FF012814BF00200120F4E789
:10F840000120F2E7C8C500200AB90020704770B552
:10F8500082B005460C4696081A490020FFF7C0FF03
:10F8600008B902B070BD042229460DEB0200FFF773
:10F87000D9FE01A90520FFF7E2FE012801D00020F2
:10F88000EFE700210F20FFF7DAFE012815D1002550
:10F89000731EAB4208D921460F20FFF7D0FE012886
:10F8A0000DD104340135F3E721460E20FFF7C7FEE2
:10F8B000012814BF00200120D3E70020D1E7002059
:10F8C000CFE700BF520000230AB90020704770B58F
:10F8D00082B005460C46960815490020FFF780FFC8
:10F8E00008B902B070BD042229460DEB0200FFF7F3
:10F8F00099FE01A90520FFF7A2FE012814D10025D9
:10F90000B54208D221460D20FFF799FE01280DD1FE
:10F9100004340135F4E700210E20FFF790FE0128A2
:10F9200014BF00200120DCE70020DAE70020D8E740
:10F930005200002338B504460D4607490020FFF762
:10F940004FFF00B938BD29462046FFF789FE002841
:10F95000F8D00120F6E700BF5200002310B582B0B6
:10F96000FAF76EFB044609E04FF0E0234FF08052B7
:10F97000C3F8042DBFF34F8FBFF36F8FFAF760FB0F
:10F98000001B42F20F7398420BD801A90748FFF7FA
:10F99000D1FF034630B1019B13F4003FE4D00123B3
:10F9A00000E00023184602B010BD00BFF0ED00E0FB
:10F9B00038B504460D4607490020FFF711FF00B98E
:10F9C00038BD29462046FFF782FE0028F8D00120E6
:10F9D000F6E700BF5200002330B583B004460D4661
:10F9E0000A490020FFF7FCFE08B903B030BD01A9A9
:10F9F0002046FFF735FE0028F7D0E00000F01800A1
:10FA0000019BC3402B700120EFE700BF5000002393
:10FA100038B504460D4609490020FFF7E1FE00B95C
:10FA200038BDE10001F0180105FA01F12046FFF7A9
:10FA30004EFE0028F4D00120F2E700BF5000002362
:10FA4000F8B504460E46154602E001340136013D84
:10FA5000B5B114F0030F13D031462046FFF7BCFFB9
:10FA600003460028F1D11846F8BD3A4631462046F3
:10FA7000FFF7EAFE03460028F5D03C443E44ED1B68
:10FA8000032D08D9C4F30907C7F58067BD42ECD23E
:10FA900025F00307E9E755B131462046FFF79CFF03
:10FAA00003460028DFD001340136013DF3E701238E
:10FAB000D9E7F8B504460E46154602E00134013692
:10FAC000013DB5B114F0030F13D031782046FFF794
:10FAD0009FFF03460028F1D11846F8BD3A4631464B
:10FAE0002046FFF7F1FE03460028F5D03C443E4493
:10FAF000ED1B032D08D9C4F30907C7F58067BD4284
:10FB0000ECD225F00307E9E755B131782046FFF73D
:10FB10007FFF03460028DFD001340136013DF3E7C3
:10FB20000123D9E738B50D4601461048FFF740FFDD
:10FB30000346B8B10024632C0BDC29460C48FFF7C0
:10FB4000F9FE034670B12B6813F4803F01D10134F4
:10FB5000F1E7642C08D029460648FFF7EBFE034680
:10FB600000B10123184638BD0023FBE7F4ED00E0A7
:10FB7000F0ED00E0F8ED00E010B582B00446019130
:10FB80001148FFF715FF034610B9184602B010BD23
:10FB900044F480310D48FFF70BFF03460028F4D0F2
:10FBA0000024632C0CDC01A90948FFF7C3FE0346BF
:10FBB0000028EAD0019B13F4803F03D10134F0E721
:10FBC0000023E2E70123E0E7F8ED00E0F4ED00E0D8
:10FBD000F0ED00E030B583B0054600210820FFF7C6
:10FBE000CFFD034628B30024032C08D855F8241071
:10FBF0002046FFF7C1FF0346D8B10134F4E7696A34
:10FC00000920FFF7B9FF034698B10D2400E0013445
:10FC10000F2C08D855F824102046FFF7ADFF0346F7
:10FC20000028F4D105E0296C1020FFF7A5FF03465A
:10FC300010B9184603B030BD0E490F48FFF7B8FEA3
:10FC400003460028F5D00D490B48FFF7B1FE0346E7
:10FC50000028EED001A90420FFF76EFD034600281E
:10FC6000E7D0019B13F0A00F01D10123E1E70023AE
:10FC7000DFE700BF0B005FA0F0ED00E009005FA030
:10FC80002DE9F04192B004460F4615461E469DF8F8
:10FC900068804422002101A82AF04EFE01950296B8
:10FCA000189B0393199B049363680A93A3680E93AC
:10FCB00023680F9310974FF08073119301A8FFF7FB
:10FCC00089FF10B912B0BDE8F081FFF747FE0028A8
:10FCD000F8D001A90020FFF725FF0028F2D00B493A
:10FCE0000B48FFF765FE0028ECD0B8F1010F03D0F8
:10FCF000019B4BB90120E5E73544019BAB4201D1A3
:10FD00004046DFE70020DDE70020DBE703005FA0DF
:10FD1000F0ED00E030B583B0044600258DF80450C6
:10FD200001A90820FFF748FB69462846FFF704FDB4
:10FD3000012810D19DF803209DF802301B0443EAEE
:10FD400002639DF8012043EA02239DF8002013433B
:10FD5000236003B030BD0020FBE700B583B0002373
:10FD60000193FFF73EFC10B903B05DF804FB4EF2BF
:10FD70009E70FFF727FC0028F6D0FFF732FC002822
:10FD8000F2D001A8FFF7C6FF0028EDD00120EBE775
:10FD900070B582B0002501952D4B4FF0FF321A60EF
:10FDA0005A60042426E001210020FFF7E9FC01202D
:10FDB000FFF72DFC0220FAF759FA0020FFF727FC85
:10FDC0000220FAF753FA002516E00125642E0CD024
:10FDD0005DB920490420FFF7D3FC30B10021082091
:10FDE000FFF7CEFC08B101202FE0013C64B20125F1
:10FDF000002C29DD002DD6D1FFF792FCFFF7ADFFD7
:10FE00000028F2D0FFF7E4FC0028EED00021082003
:10FE1000FFF7B6FC0028E8D04FF0A0410420FFF720
:10FE2000AFFC0028E1D00026632ECFDC01A904201E
:10FE3000FFF782FC0028C8D0019B03F02043B3F1F8
:10FE4000204FC3D00136EFE7002002B070BD00BFE5
:10FE5000C8C50020000F005030B583B0062800F060
:10FE6000B0800446FFF75CFC072C05D8DFE804F0FF
:10FE7000061B0B6D7593A9B40020A7E00120FFF7C6
:10FE8000C6FB0120A2E00120FFF7C1FB0220FAF728
:10FE9000EDF90020FFF7BBFB0220FAF7E7F9FFF7C7
:10FEA00046FC012092E002254E494F48FFF780FDB5
:10FEB00088B9013D6DB2002D40F388800120FFF725
:10FEC000A6FB0220FAF7D2F90020FFF7A0FB0220E0
:10FED000FAF7CCF9E8E70025B5F57A7F0ED201A94B
:10FEE0004148FFF727FD48B1019B13F4003F05D1BE
:10FEF00040F2E7339D4271D00135EDE701213B48E7
:10FF0000FFF756FD002861D001A93948FFF712FD1F
:10FF100008B900205AE0019B03F4E063354A1168F8
:10FF2000194341F0BF6141F400313148FFF740FD12
:10FF30000028EED00220FAF799F900212B48FFF7AC
:10FF400037FD002842D0204640E02B492648FFF7E5
:10FF50002FFD00283AD0012038E0FFF7FEFE08B957
:10FF6000002033E0FFF734FC0028F9D000210820FE
:10FF7000FFF706FC0028F3D04FF0A0410420FFF764
:10FF8000FFFB0028ECD01D491748FFF711FD0028A2
:10FF9000E6D001201AE0FFF7FBFE08B9002015E0CB
:10FFA00010491148FFF704FD0028F7D001A90E48B9
:10FFB000FFF7C0FCA0B1019B13F4003FF6D0012075
:10FFC00004E00D490848FFF7F3FC08B903B030BD61
:10FFD000FFF7ADFB0120F9E70120F7E70020F5E787
:10FFE0000120F3E703005FA0F0ED00E0FCED00E08E
:10FFF0000CED00E05000002000005FA001005FA0B9
:020000040801F1
:1000000010B5002004F058F8094C2060102104F0CD
:100010005FF8206829F026F90446064929F01EFBFE
:1000200000231C220449204601F01CF910BD00BF2A
:10003000D8C60020642B04089507010838B50020B5
:1000400004F03AF8334D2860102104F041F8286894
:1000500023F0DCFB304C206042F2D17105F0E4F873
:1000600042F2D171206805F0F6F80021206805F011
:10007000A3F86FF06001206805F0B5F80921206849
:1000800005F07EF92549206824F0A8F800222449CB
:10009000206808F02AFD286821F052FC214C2060DD
:1000A000642105F0C1F83221206805F0D4F8002160
:1000B000206805F081F80C21206805F094F80921EA
:1000C000206805F05DF94FF48061206804F090FA33
:1000D0001021206803F0FCFF206823F097FB124DED
:1000E000286042F2D17105F09FF842F2D171286880
:1000F00005F0B1F80921286805F042F90B49286894
:1001000024F06CF800231A460949206801F0AAF887
:1001100038BD00BF34C7002030C70020682B04085A
:100120000CA104082CC7002028C700207C2B040841
:100130006D0601082DE9F041002003F0BDFFDD4C04
:100140002060102103F0C4FF206803F0B5FFDA4DF2
:10015000286042F2640105F067F842F20F01286856
:1001600005F079F80221286805F00AF910212868BD
:1001700003F0AEFF002241F63661286808F0A0FCCB
:100180000022FF21286808F0A2FC286823F03EFB2B
:10019000CA4D286042F2D17105F046F842F2D171A1
:1001A000286805F058F80921286805F0E9F8C449DD
:1001B000286824F013F8206821F0C2FBC14F386092
:1001C000552105F031F83221386805F044F86FF018
:1001D0004701386804F0F0FF6FF03D01386805F022
:1001E00002F80921386805F0CBF84FF480613868CF
:1001F00004F0FEF91021386803F06AFF386823F034
:1002000005FBB14D286042F2D17105F00DF842F2C4
:10021000D171286805F01FF80921286805F0B0F8A9
:10022000AA49286823F0DAFF206821F089FBA84E4C
:100230003060552104F0F8FF3221306805F00BF8EA
:100240006FF04701306804F0B7FF0321306804F015
:10025000CAFF0921306805F093F84FF480613068D7
:1002600004F0C6F91021306803F032FF306823F043
:10027000CDFA984D286042F2D17104F0D5FF42F2D8
:10028000D171286804F0E7FF0921286805F078F8A3
:100290009149286823F0A2FF206821F051FB8F4D7F
:1002A0002860552104F0C0FF3221286804F0D3FFF4
:1002B0006FF04701286804F07FFF4021286804F0B0
:1002C00092FF0921286805F05BF84FF480612868E7
:1002D00004F08EF91021286803F0FAFE286823F054
:1002E00095FADFF80C82C8F8000042F2D17104F0F0
:1002F0009BFF42F2D171D8F8000004F0ACFF092155
:10030000D8F8000005F03CF87549D8F8000023F053
:1003100065FF206803F0D0FEDFF8D881C8F8000040
:10032000852104F081FF3221D8F8000004F093FF0A
:100330002C21D8F8000004F03FFF6FF03C01D8F802
:10034000000004F050FF0921D8F8000005F018F86B
:100350001021D8F8000003F0BBFED8F8000023F00D
:1003600055FADFF89481C8F8000042F2D17104F028
:100370005BFF42F2D171D8F8000004F06CFF092154
:10038000D8F8000004F0FCFF5649D8F8000023F02C
:1003900025FF206803F090FEDFF86081C8F80000B8
:1003A000852104F041FF3221D8F8000004F053FF0A
:1003B0002C21D8F8000004F0FFFE0221D8F800003C
:1003C00004F011FF0921D8F8000004F0D9FF102132
:1003D000D8F8000003F07CFED8F8000023F016FAED
:1003E000DFF81C81C8F8000042F2D17104F01CFF54
:1003F00042F2D171D8F8000004F02DFF0921D8F89D
:10040000000004F0BDFF3849D8F8000023F0E6FEF4
:10041000206803F051FEDFF8EC80C8F800004E21A0
:1004200004F002FF1D21D8F8000004F014FF42215F
:10043000D8F8000004F0C0FE3621D8F8000004F01F
:10044000D2FE0921D8F8000004F09AFF1021D8F854
:10045000000003F03DFED8F8000023F0D7F9DFF8E4
:10046000A880C8F8000042F2D17104F0DDFE42F22B
:10047000D171D8F8000004F0EEFE0921D8F8000090
:1004800004F07EFF1949D8F8000023F0A7FE206889
:1004900023F0BCF9DFF87480C8F8000042F2D17193
:1004A00004F0C2FE42F2D171D8F8000004F0D3FE8D
:1004B0002EE000BF24C7002020C700201CC700205A
:1004C000682B040818C7002014C70020842B0408D8
:1004D00010C700200CC700208C2B040808C7002080
:1004E0007C2B0408902B04089C2B0408D04904089A
:1004F00004C7002000C70020FCC60020F8C600206A
:10050000F4C60020F0C60020ECC60020E8C600209B
:100510000021D8F8000004F04FFE3721D8F8000081
:1005200004F061FE0921D8F8000004F029FF4549D4
:10053000D8F8000023F052FE206823F067F9DFF8B6
:100540002081C8F8000042F2D17104F06DFE42F241
:10055000D171D8F8000004F07EFE2A21D8F80000FE
:1005600004F02AFE5221D8F8000004F03CFE0921D4
:10057000D8F8000004F004FF3349D8F8000023F055
:100580002DFE206821F03EF9DFF8D880C8F8000081
:100590000022192121F042F900221146D8F800006A
:1005A00021F082F9D221D8F8000004F03DFE172195
:1005B000D8F8000004F04FFE6FF00301D8F80000F7
:1005C00004F0FAFD7221D8F8000004F00CFE0921B5
:1005D000D8F8000004F0D4FED8F8000023F016F993
:1005E000DFF88480C8F8000042F2D17104F01CFEEC
:1005F00042F2D171D8F8000004F02DFE0921D8F89C
:10060000000004F0BDFE1149D8F8000023F0E6FD1B
:1006100000231A460E49386800F024FE00231A46CB
:100620000C49306800F01EFE00231A460A4928686B
:1006300000F018FE00231A460849206800F012FE58
:10064000BDE8F081A82B0408B02B0408C02B0408D7
:10065000E106010819070108510701089D06010874
:10066000E4C60020E0C60020DCC6002000B583B050
:1006700000F0DCFD072802D003B05DF804FB054B59
:10068000009300234FF4FA720921034800F040F967
:10069000F2E700BF3501010824C7002000B583B090
:1006A00000F0C4FD0C2802D003B05DF804FB01F09B
:1006B00025FE01F0B2FE0128F6D101F01FFE01F087
:1006C000E0FE054B009300234FF4FA720921034822
:1006D00000F01EF9E8E700BF3D00010834C7002024
:1006E00000B583B000F0A2FD072802D003B05DF88A
:1006F00004FB064B01221A70054B009300234FF4B4
:10070000FA720921034800F003F9EFE7D0C6002090
:1007100001000108D8C6002000B583B000F086FDB6
:10072000072802D003B05DF804FB064B02221A70C2
:10073000054B009300234FF4FA720921034800F09F
:10074000E7F8EFE7D0C6002001000108D8C6002076
:1007500000B583B000F06AFD072802D003B05DF851
:1007600004FB00231A46194606480068F8F762FEA3
:10077000054B0093054B7E22054904201CF0A4FC88
:10078000ECE700BF884C0020102C0408F45E04083D
:10079000C42B040870B584B0054600F047FD04463C
:1007A000284600F03FFD1C2C01D004B070BD05466A
:1007B00028F052FF0446284628F04CFF05462E4BF1
:1007C000009300234FF4FA7209212C4800F0A0F89E
:1007D000029501942A4B00932A4B8D222A4904202A
:1007E0001CF072FC294B1B78012B1ED0022BDCD194
:1007F000264B00221A70264920462AF0D1F9254EB0
:1008000000952346244A4FF48071304629F04CFF6E
:10081000224C4FF48072314620462AF08DF9214651
:100820001F4B186823F0DAFCBFE7184B00221A7040
:10083000174920462AF0B4F9164E00952346164A69
:100840004FF48071304629F02FFF164C4FF4807220
:10085000314620462AF070F90194134B0093094B5E
:100860009522094904201CF02FFC21460F4B1868E3
:1008700023F0B4FC99E700BF3501010824C700202C
:10088000202C0408D85E0408C42B0408D0C600201D
:10089000282C0408D0C500202C2C04082C01002092
:1008A000F4C600202C020020342C0408FCC60020D2
:1008B00030B583B01BF07EF8044605201BF0C0FF66
:1008C000054600201BF0BCFF02460E4B00930023A0
:1008D0002946204616F090FF0146204600F0B8F960
:1008E000FFF7ACFBFFF726FCFFF78AFB002003F0C5
:1008F000E3FB054B1860054B186800F055FB03B08F
:1009000030BD00BFC46B0408D4C6002034C700202B
:10091000F0B583B004460D4616461F4603684BB13A
:10092000002300933B4632462946206800F0D0F968
:1009300003B0F0BD089B9847F2E7000010B582B005
:1009400004460D4B1B7823B920461BF078F802B003
:1009500010BDB1F90000B1F902C0B1F904E0B1F97C
:10096000063000929BB21FFA8EF21FFA8CF180B211
:10097000F2F753F9E8E700BF5400002008B5F2F79A
:10098000E3F908BD38B5FFF7F9FF0C4D4FF41663D6
:100990000B4A0C4928461AF01BFF0B4C20461AF054
:1009A000EDFEF02323804FF48C736380074B63616B
:1009B000E56020461AF01AFF38BD00BF08ED0020A0
:1009C00088C7002048DA002038C700203D09010808
:1009D00008B5F1F759FF08B9002008BDF1F754FF39
:1009E000FF28F9D00120F8E738B505460C46F1F7A5
:1009F00021FF054B1A682A805A6822805A681968B4
:100A0000024829F0E7FD38BD846000204C2C040822
:100A100010B50C46FFF7DCFF48B90023A373074B62
:100A2000B3F900302380064B1B88638010BD044956
:100A30000248FFF7D9FF0123A373F0E726ED00205A
:100A400024ED002010B5074C20461BF010F80123C0
:100A50002370054B636020461BF01EF8034B1860A3
:100A600010BD00BF28ED0020110A010848ED00204C
:100A70000A38C0B204288CBF00200120704708B596
:100A80000022C9B208F03FF808BD08B509B204F069
:100A9000AAFB08BD08B509B204F08EFB08BD38B545
:100AA0000546006808F050F8044600222721006936
:100AB00000F08EFB00222821606900F089FB60694C
:100AC00020B194F8283013F0020F10D10022626197
:100AD00094F8283062F3000384F82830A261602182
:100AE000286807F06FFD206905F08DF838BD08F023
:100AF0001DF9EBE770B5044608F026F808B3054683
:100B0000066926B100222521304600F061FB2B69E1
:100B100023B100222621204600F05AFB2C6100233D
:100B2000AB6124B11A462721204600F051FB2B6906
:100B300023B100222821304600F04AFB204605F070
:100B400062F870BD10B582B0044610B1206902B0E1
:100B500010BD1AF02FFF04460028F7D1044B009374
:100B6000044B3622044902201CF0AEFA2046EEE780
:100B7000B02C0408845F0408582C040808B51AF047
:100B800019FFFFF7DFFF08BD38B50546006807F01D
:100B9000DBFF0446FFF7F2FF606128682061002256
:100BA000262100F015FB38BD10B582B0044610B107
:100BB000606902B010BD1AF0FDFE04460028F7D1AE
:100BC000044B0093044B4722044902201CF07CFA9A
:100BD0002046EEE7E02C04086C5F0408582C04085B
:100BE00010B582B0044610B1E06902B010BD1AF031
:100BF000E1FE04460028F7D1044B0093044B602229
:100C0000044902201CF060FA2046EEE7142D040887
:100C1000545F0408582C040810B582B0044610B183
:100C2000206A02B010BD1AF0C5FE04460028F7D1B4
:100C3000044B0093044B7122044902201CF044FA37
:100C40002046EEE7502D04083C5F0408582C0408A9
:100C500030B583B00C46054628B1AC606B6A032BF7
:100C60000FD003B030BD1AF0A5FE05460028F4D120
:100C70000F4B00930F4B80220F4902201CF024FAE7
:100C8000EFE7EB68186807F0A8FF0028E9D1EB68E8
:100C9000586807F0A2FF0028E3D1EB68986807F0D6
:100CA0009CFF0028DDD1EB68186809F05BFBD8E7F2
:100CB0008C2D0408285F0408582C040808B5034646
:100CC00008B1986808BD1AF075FE0346F9E7000000
:100CD0002DE9F047A2B00546884691461E469DF88C
:100CE000A8A007F031FF0446FFF748FF854200F057
:100CF000A1800746A069A84200F09C80A8B100210D
:100D00001BF088F800221146A06904F083FA002243
:100D10006021A06907F056FC94F8283013F0020F08
:100D200064D1A7693846FFF7E5FEA561606920B187
:100D300094F8283013F0020F5CD14046FFF798FE7C
:100D400094F8283060F3000384F82830DBB26AF3AB
:100D5000410384F82830002128461BF05BF8FFF798
:100D60000DFF00211BF056F800221146284604F022
:100D700051FAFFF703FF0022114604F04BFA00225C
:100D80006021284607F01EFCFFF7F8FE00226021D4
:100D900007F018FCB9F1000F00D186B311A81BF0C1
:100DA0001FF811957B4B13937B4B1493CDF87090E8
:100DB00076421D9668461BF013F823690093CDF820
:100DC0002C900C96B8F10E0F29D8DFE818F022000D
:100DD000360040004B005500600072008400960011
:100DE000A800B000B800C300CD00D800384607F016
:100DF0009DFF96E707F09AFF002363619DE7284671
:100E0000FFF778FEBAF1000F14D0384607F08EFFD6
:100E100010E0624B1293002319931A931B93002244
:100E20002521384600F0D4F911A81BF025F86846B2
:100E30001BF022F822B0BDE8F087584B12932046F1
:100E40001AF0BEFD19901A9000231B93E7E7534B4D
:100E5000129320461AF0B4FD404219901A900023D4
:100E60001B93DCE74E4B129320461AF0C1FD1990FC
:100E70001A9000231B93D2E7494B129320461AF095
:100E8000B7FD404219901A9000231B93C7E7434EC9
:100E9000129620461AF094FD19901A9000251B9581
:100EA000019620461AF08CFD4042089509950A905B
:100EB000B5E73A4E129620461AF082FD404219904C
:100EC0001A9000251B95019620461AF079FD089589
:100ED00009950A90A3E7324E129620461AF088FD33
:100EE00019901A9000251B95019620461AF080FD56
:100EF0004042089509950A9091E7294E129620469E
:100F00001AF076FD404219901A9000251B95019623
:100F100020461AF06DFD089509950A907FE7214B50
:100F20001293002319931A93FF231B9377E71D4B0A
:100F30000193FF230893099300230A936FE7174B4C
:100F4000019320461AF03CFD404200230893099388
:100F50000A9064E7114B019320461AF031FD0023FB
:100F6000089309930A905AE70D4B019320461AF013
:100F70003FFD40420023089309930A904FE7084B36
:100F8000019320461AF034FD0023089309930A9038
:100F900045E700BF890B01089F0A0108950A01086F
:100FA0008B0A01087F0A010800B583B00021009177
:100FB0000B460A46FFF78CFE03B05DF804FB000009
:100FC00000B583B0034640B1D3F854010028D4BF24
:100FD0000020012003B05DF804FB1AF0EBFC03468F
:100FE0000028F1D1054B0093054B4FF4DF72054902
:100FF00002201CF069F80020ECE700BF8C2D0408EB
:10100000085F0408582C0408806858B1837E03F0F8
:101010003F038B4205D9C06801EB410100EB810021
:101020007047002070470000037E13F0040F1ED1AC
:1010300010B50446037A233B012B01D8012010BDD3
:101040004FF48041406803F09AF80028F7D0237AE3
:10105000113BDBB21B2B94BF0021012149B9064A89
:1010600022FA03F313F0010FE9D00846E7E7002066
:1010700070470846E3E700BFFF270F0B10B50C468B
:1010800008B1006803E04B68186800E0006810B120
:101090000369002BFAD060B1036963B10023E360F8
:1010A000036921469847237E13F0010F05D10120E3
:1010B00010BD0120FCE70120FAE70020F8E7F8B5B1
:1010C000064601F01BF958B1006883680BB1317A0C
:1010D0009847337E13F0020774D113F0010F5BD1F0
:1010E00000217068FFF790FF0446002511E0636857
:1010F000F360236830469847337E13F0020763D1CC
:1011000013F0010F48D1013529467068FFF77CFFC5
:1011100004467CB12368002BF5D0237A94F908208B
:10112000002AF0DA802BE2D023F08003327A934257
:10113000E9D1DCE731460020FFF7A0FF074620B1E8
:1011400000217068FFF760FF0446002511E0636826
:10115000F360236830469847337E13F002021BD1B8
:1011600013F0010F32D1013529467068FFF74CFFAB
:1011700004467CB1012F0DD12368002BF3D0227AD5
:1011800094F90830002BEEDB002AE0D0337A9A4243
:10119000E9D1DCE7012F01D03846F8BD73685B6800
:1011A000002BF9D03046FFF73FFF0028F4D07368DA
:1011B0005B6873603046FFF782FF07460128EBD07B
:1011C0000027E9E70127E7E70127E5E71746E3E717
:1011D00018B310B588B0019002908DF80C10002360
:1011E000049305929DF81C2063F300028DF81C20E7
:1011F000D2B263F382028DF81C20D2B263F34102B3
:101200008DF81C20064C2368069301A82060FFF788
:1012100056FF069B236008B010BD0120704700BF39
:101220004CED00200068704740687047007A00F07D
:101230007F00704700697047C0687047084B1B68A3
:1012400004E01A7E42F001021A765B6933B15A68F3
:101250008242F6D01A688242F7D1F2E7704700BFA7
:101260004CED00202DE9F04184B004460F461646AF
:101270001D4603F005FAA1688B7E03F03F020132A0
:1012800062F305038B76D4F8088098F81A1001F001
:101290003F0101EB41018900D8F80C001CF0B0F8C7
:1012A000C8F80C00A368DA6852B39B7E03F03F03D2
:1012B00003EB43039B000C3BD750A368DA68997E8D
:1012C00001F03F0101EB41039B000C3B13441E72F4
:1012D000A268D368927E02F03F0202EB42029200C3
:1012E0000C3A13445D60A368D8689B7E03F03F030B
:1012F00003EB43039B000C3B184404B0BDE8F081B2
:10130000064B0293064B0193064B0093064BA62215
:10131000064903201BF0D8FEFEE700BFFC2D0408A1
:101320000C2E0408302E0408E05F0408A42D0408E5
:1013300000B583B0037A013BDBB20F2B04D8FFF773
:1013400079FF03B05DF804FB054B0093054B4FF4A8
:101350008D72054902201BF0B7FE0020F1E700BFA7
:10136000502E0408CC5F0408A42D040800B583B0F7
:10137000027AA2F11403DBB2022B05D9182A03D09A
:10138000172A01D0192A04D1FFF754FF03B05DF8E2
:1013900004FB054B0093054B4FF49B72044902205C
:1013A0001BF092FE0020F1E7502E0408B45F040801
:1013B000A42D040810B582B0037A132B0AD10C4671
:1013C000FFF738FFB0F90030A342B8BF23460380CF
:1013D00002B010BD044B0093044B40F26512044967
:1013E00002201BF071FEF3E7502E0408985F0408FA
:1013F000A42D0408F8B5054600201AF095FB044614
:101400000026374605E02646274620461AF08CFB84
:1014100004465CB1204600F077FF636DAB42F4D127
:1014200002280ED00428EED02646EEE70FB138464B
:10143000F8BD0EB13746FAE700201AF075FB0746F3
:10144000F5E72746F3E72DE9F047037F13F0010F97
:101450006ED106468A469146C5684FF001080027BE
:10146000E5B1012357B32BB129463046C84705469D
:10147000874268D0002DF3D0286802F08CFE10F06F
:10148000800FEDD12C681CB30121204602F077FEBD
:10149000C0B9204607F04CFB0446F4E7337F13F055
:1014A000080F01D1002F48D1B8F1000F42D03046CB
:1014B000D04705464FF000084346D3E7002D3FD004
:1014C0002F46D0E70121204602F059FE0028C7D15F
:1014D000F368AB423AD08BB11C683046FFF78AFF05
:1014E00002460F212046FFF773FE012802D04FF07D
:1014F00000081FE0F368186804F085FBF5602C68AD
:101500003046FFF777FF02460E212046FFF760FEC8
:10151000012802D04FF000080CE0F368186804F0CE
:1015200072FB3369ABB1304698474FF0010801E0D8
:101530004FF000084046BDE8F0874FF00008F9E79B
:101540004FF00008F6E74FF00008F3E74FF000080F
:10155000F0E74FF00108EDE708B5202101481BF046
:10156000B5FC08BD50F10020014B1868704700BF62
:1015700050ED002010B50446054A0649FFF763FF09
:1015800063691BB110B901212046984710BD00BF07
:1015900069CF020859CF020810B50446054A06492A
:1015A000FFF751FF63691BB110B90021204698472E
:1015B00010BD00BF71CF020861CF020838B50446E4
:1015C000037FC3F3C00543F008030377DBB213F0D6
:1015D000040F06D1FFF7CEFF237F65F3C303237704
:1015E00038BDFFF7D9FFF7E770B5064602F0DBFD1F
:1015F000002849D00546C36813B11B68B34213D015
:10160000EB6813B11B68B34230D028461BF0A4FC32
:101610000446002C38D02368B3422AD021462846FD
:101620001BF0A2FC0446F4E7037F13F0010F03D084
:10163000037F23F00103037728461BF08DFCEB6842
:10164000834203D02846FFF7B9FFD9E728461BF0AD
:1016500087FCEB688342F5D11C682846FFF7CAFE79
:1016600002460F212046FFF7B3FDC9E70023EB60D8
:10167000CBE7214628461BF0B1FC20461BF0A4FE18
:10168000B3680BB100229A6070BD0000002847D0FB
:1016900070B584B00C4605460846FFF7A5FF2846FE
:1016A0001BF05AFC014639B10B68A3421ED02846F4
:1016B0001BF05AFC0146F6E7204602F074FD30B1FB
:1016C000A3689B681BB1DB681B68A34210D0A368AA
:1016D0008BB1A3689D6028461BF01FFC064670B1C5
:1016E000046028461BF038FC864215D004B070BD5B
:1016F000FFF764FFEBE7204602F0C2FFE9E7094B82
:101700000293094B0193094B0093094B8F2209491E
:1017100003201BF0D9FCFEE72846FFF74FFFE5E763
:10172000704700BFFC2D0408E02E0408302E04088A
:10173000F45F0408782E040818B1C06808B1006886
:101740007047704710B582B00191FFF7F5FF68B19F
:101750000446802102F021FD10B1012002B010BD2D
:1017600001AA0D212046FFF733FDF7E70120F5E739
:10177000F8B170B50446037FC3F340038B4213D026
:10178000037F61F341030377FFF7D6FF054658B1A6
:10179000E3681E682046FFF72DFE02460E21304604
:1017A000FFF716FD012800D070BD284604F02BFA83
:1017B000FAE77047002845D0F8B5054602F0F3FC7B
:1017C000064618B1037F13F0010F00D0F8BD0021C9
:1017D000FFF7CEFF30461BF0BFFB0446002CF5D0D0
:1017E0002368AB4205D0214630461BF0BDFB0446C2
:1017F000F4E7F36883B11F68AF420DD03046FFF7BE
:10180000F9FD02460F213846FFF7E2FC0128DDD141
:10181000F368186804F0F7F9F46033690BB13046E7
:101820009847F3681C683046FFF7E4FD02460E2136
:101830002046FFF7CDFC0128C8D1F368186804F0F2
:10184000E2F9C3E7704718B1007FC0F3400070476A
:101850000020704708B51BF019FC08BD437913F050
:10186000020F1DD000238362C3620363427963F3D6
:10187000000242718364C3648383C38390F844206D
:1018800063F3030280F8442003844384A0F84030CB
:10189000A0F84230427963F341024271014A136079
:1018A000704700BF54ED0020407810F0020F02D0C6
:1018B000024B00221A60C0F34000704754ED002034
:1018C00038B5044604213E4B186802F058FC50B36A
:1018D000236B3B4A1068834225D002F064FC054626
:1018E000206B08B102F05FFCA8421DD000283FD059
:1018F000236B5BB100284AD0324A12681021184687
:10190000FFF766FC2046FFF7CFFF60B9002D4AD0F5
:101910002B4B1868FFF74EFF2046FFF7C5FF10B9A5
:10192000274B1B68236338BD4DB1254B1868FFF763
:1019300041FF2046FFF7B8FF0028F1D0F3E7206B06
:1019400048B1204B1A680F21FFF742FC2046FFF7F1
:10195000ABFF0028E7D11B4B1A680E21184B186803
:10196000FFF736FC2046FFF79FFF0028D8D0DAE7C4
:10197000236B002BBCD0134A12680F211846FFF7C7
:1019800027FC2046FFF790FF0028BFD0CBE70D4A89
:1019900012680F211846FFF71BFC2046FFF784FF53
:1019A0000028B3D0BFE7074B1A680E21044B186814
:1019B000FFF70EFC2046FFF777FF0028B0D0B2E714
:1019C00054ED002058ED0020C36A03B1704770B594
:1019D000054690F8413013F0010F61D1446A03E0ED
:1019E000204607F0A5F8044634B14FF400412046E4
:1019F00002F0C5FB0028F3D1002C51D0B5F914300A
:101A000083EAE371A1EBE37189B2334A126810688B
:101A1000807E81420AD2B5F916100029B8BF49422A
:101A200089B2884202D90021A987E987A98F11FAD2
:101A300083F31BB2AB87E98FE88A014409B2E987D7
:101A400083EAE370A0EBE37080B2166896F81BC0DF
:101A5000604507D881EAE17EAEEBE17E1FFA8EFE9B
:101A6000F4451DD295F841C04CF0010C85F841C0F9
:101A700081EAE17CACEBE17C1FFA8CFC604518D973
:101A8000002B0EDD95F84030022161F3071385F835
:101A900040300C212046FFF79BFB2846FFF704FF50
:101AA00070BD95F84030012161F3071385F840308F
:101AB000EFE7002907DD95F84030082161F30713AF
:101AC00085F84030E5E795F84030042161F30713CD
:101AD00085F84030DDE700BF58ED00202DE9F041EA
:101AE00082B00546437813F0080F20D1686A484B4E
:101AF0001860EF6A002800F08180464B1A680821C0
:101B0000FFF766FB2846FFF7CFFE00287DD11FB305
:101B100000236B626B64AB64002F76D01E46ADF879
:101B20000430ADF806303C464FF480783AE0394B4B
:101B30001A680321406AFFF74BFB2846FFF7B4FE03
:101B4000002862D100236B62AB626B64AB646A787D
:101B500063F3C3026A70C9E76B7813F0010F0BD10E
:101B60002C4B1A6804212A4B1868FFF731FB2846D2
:101B7000FFF79AFE002848D1264B1A680721244B0C
:101B80001868FFF725FB2846FFF78EFE0028BFD018
:101B90003BE01B1213FB08F30FFA83F8204606F014
:101BA000C7FF04468CB16E220021204606F078FA69
:101BB00016FA80F006B26D220021204606F070FA77
:101BC00003B2002BE5DAFF33E3E716B9B8F5807FFF
:101BD00014D0764236B24FF4803494FBF8F424B239
:101BE00001AB2246314605F11C001AF01BFD01AB8A
:101BF0002246314605F120001AF014FD2FB1284687
:101C000001F0B8FC2846FFF74FFE02B0BDE8F081B6
:101C100054ED002058ED0020F8B504460D468B7BAE
:101C2000012B2DD0637913F0080F0AD0637923F0CC
:101C3000080363710023A364627963F30002627195
:101C40002372666DDEB13046FFF776FD994B186062
:101C5000A8B1802102F0A1FA0746E1686B68E36051
:101C6000227AAB7B2372012B0FD02FB9012B6BD0C3
:101C700013B9012A00F0E7808E4B00221A60F8BDEC
:101C8000437913F0080FCDD0F9E7002AEDD119F010
:101C90008BFFA0646968092910D00B291BD0002F85
:101CA000EAD10A2924D01B2938D03046FFF74AFD53
:101CB000201DFFF7F9FD0028DED0E0E700213046C7
:101CC000FFF756FD3046FFF755FC201DFFF7ECFDF2
:101CD0000028D1D0D3E700213046FFF749FD304638
:101CE000FFF75AFC201DFFF7DFFD0028C4D0C6E730
:101CF0003046FFF727FD04342046FFF7D5FD0028C6
:101D0000BDD16D4B1A6801216A4B1868FFF760FA64
:101D10002046FFF7C9FD0028AED0B0E73046FFF7F8
:101D200011FD04342046FFF7BFFD0028A7D1624B08
:101D30001A6820215F4B1868FFF74AFA2046FFF720
:101D4000B3FD002898D09AE7012A91D16B680A2B3D
:101D500022D0637913F0010F2BD0637913F0010FB8
:101D60008AD0E06C19F024FF2368DB8B984283D97A
:101D700019F01AFFE06469680A293AD0092946D0A7
:101D80000B2952D03046FFF7DDFC201DFFF78CFDFC
:101D900000283FF471AF72E7474B1A680221454BA8
:101DA0001868FFF715FA201DFFF77EFD0028D0D038
:101DB00065E7A06C19F0FCFE23689B8B9842CCD998
:101DC000637943F0010363716B680A2B7FF454AFAE
:101DD00019F0EAFEE064384B1A680521354B1868A3
:101DE000FFF7F6F9201DFFF75FFD00283FF444AF31
:101DF00045E7314B1A6806212E4B1868FFF7E8F9C2
:101E0000201DFFF751FD00283FF436AF37E70021D2
:101E10003046FFF7ADFC3046FFF7ACFB201DFFF767
:101E200043FD00283FF428AF29E700213046FFF7A3
:101E30009FFC3046FFF7B0FB201DFFF735FD002863
:101E40003FF41AAF1BE769600A2906D00022A2649A
:101E5000637962F3000363710EE7174B1A68082178
:101E6000144B1868FFF7B4F9251D2846FFF71CFD31
:101E700000287FF404AF637913F0010F0CD10E4BEF
:101E80001A6804210B4B1868FFF7A2F92846FFF7E0
:101E90000BFD00287FF4F3AE074B1A680721054BB2
:101EA0001868FFF795F92846FFF7FEFC0028CDD00B
:101EB000E5E600BF54ED002058ED0020F8B50446DB
:101EC0000D468B7B012B37D0637913F0080F0AD0B6
:101ED000637923F0080363710023A364627963F3D9
:101EE000000262712372277AAB7B23726B68E36016
:101EF000666D06B33046FFF71FFC884B1860D0B103
:101F0000AB7B0BB10023AB813046FFF715FC834B55
:101F1000186080B1AB7B012B13D0012B74D013B9A7
:101F2000012F00F0F1807D4B00221A60B5F90C30D2
:101F3000002B40F08581F8BD437913F0080FC3D022
:101F4000F9E7002FE9D119F02FFEA0646968A1F12B
:101F50000A03112B4FD8DFE803F0094E4E4E4E4EC8
:101F60004E4E4E322D4E4E4E4E4E4E376B4B1868E7
:101F700002F071FCA0B101231F463046FFF763FC5D
:101F800008B9002FCFD1664B1A680121634B18683E
:101F9000FFF71EF9201DFFF787FC0028C3D0CAE712
:101FA00010215E4B186802F0EAF808B90023E3E755
:101FB0000123E1E7B5F90C30013BAB81B3E7B5F99B
:101FC0000C300133AB81AEE71B213046FFF7BAFB83
:101FD000271D3846FFF768FC0028ACD1504B1A6823
:101FE00020214E4B1868FFF7F3F83846FFF75CFCEA
:101FF000002898D09FE73046FFF7A4FB201DFFF78D
:1020000053FC00288FD096E7012F88D1637913F015
:10201000010F1AD0637913F0010F84D0E06C19F02E
:10202000C7FD2368DB8B98427FF67DAF19F0BCFDBE
:10203000E06469680A294AD0142956D0132959D175
:10204000B5F90C300133AB816DE7A06C19F0B0FD30
:1020500023689B8B9842DDD9637943F00103637158
:1020600019F0A2FDE0646B680A2B04D0637943F099
:102070000103637157E7294B186802F0ECFB28B99C
:102080001021264B186802F07AF898B13046FFF715
:10209000E1FB0128EAD93046FFF7D5FB80F00101CA
:1020A000C9B23046FFF764FB20211C4B186802F0D0
:1020B0005AF8DBE71A4B1A680521184B1868FFF726
:1020C00087F8201DFFF7F0FB0028CFD033E7144B33
:1020D0001A680621114B1868FFF77AF8201DFFF7E0
:1020E000E3FB00283FF41FAF25E7B5F90C30013BB7
:1020F000AB8118E73046FFF725FB201DFFF7D4FB27
:1021000000283FF410AF16E76B680A2B0AD00022B4
:10211000A264637962F30003637104E754ED002065
:1021200058ED002002F097FB38B30123002B36D185
:10213000704B1A680821704B1868FFF749F8271D83
:102140003846FFF7B1FB00287FF4F5AE637913F052
:10215000010F1CD03846FFF7A7FB00287FF4EBAE39
:10216000644B1A680721644B1868FFF731F838464A
:10217000FFF79AFB0028CAD0DDE610215E4B1868F5
:1021800001F0FDFF08B90023D0E70123CEE7594B4A
:102190001A680421584B1868FFF71AF8DAE7304636
:1021A000FFF751FB002841D0637913F0010F04D0F1
:1021B0003046FFF74FFB012832D84E4B1A680821F2
:1021C0004D4B1868FFF704F8271D3846FFF76CFBE6
:1021D00000287FF4B0AE474B1A680421464B1868BC
:1021E000FEF7F6FF3846FFF75FFB00287FF4A3AE4B
:1021F000404B1A680721404B1868FEF7E9FF384644
:10220000FFF752FB00287FF496AE0A213046FFF715
:1022100099FA3846FFF748FB00283FF478AF8AE682
:102220002021354B186801F09EFF70E7637913F0A9
:10223000010F7FF46CAF01213046FFF799FA66E792
:102240003046FFF700FB58B3B5F90C30002B14DB18
:10225000002B7FF770AE0027B5F90C30BB427FF73B
:102260006AAE13213046FFF76DFA201DFFF71CFB05
:1022700000287FF460AE0137EEE70027B5F90C3097
:102280005B42BB427FF757AE14213046FFF75AFA44
:10229000201DFFF709FB00287FF44DAE0137EDE765
:1022A000B5F90C30002B13DB002B7FF744AE002771
:1022B000B5F90C30BB427FF73EAE3046FFF75AF916
:1022C000201DFFF7F1FA00287FF435AE0137EFE764
:1022D0000027B5F90C305B42BB427FF72CAE30468D
:1022E000FFF75AF9201DFFF7DFFA00287FF423AE2D
:1022F0000137EEE758ED002054ED0020014B18683F
:10230000704700BF58ED002010B10368187870477F
:102310000020704710B50C4648B30246437943F09D
:1023200002034371284B1B68834206D013681B7855
:10233000013BDBB2012B04D910BD244B00211960F5
:10234000F4E734B1536BA3420ED0936AA34204D195
:1023500001E0002353630023936214B1D36AA342C4
:10236000EAD10023D362E7E700235363EDE70020BF
:1023700019F0DAFB06E00023436383620023C362A3
:1023800019F0D2FBD8B1437943F0020343710368DB
:102390001B78013BDBB2012BF2D8002CEBD0436B56
:1023A000A34206D0836AA34206D0C36AA342E7D100
:1023B000E4E700234363F5E700238362F5E7034B7B
:1023C00000221A60B8E700BF58ED002054ED00204D
:1023D00010B50446437923F00103437119F0E4FB7F
:1023E000E06419F0E1FBA06410BD034650B102683F
:1023F0001278012A0AD0032A08D04FF6FF730B8007
:102400004B80704700230B804B807047B3F9082046
:102410000A80B3F90A304B80704790F844000009F5
:102420007047034650B102681278012A01D0032A8E
:1024300006D193F8440000F00F0070470020704769
:1024400000207047034638B102681278012A01D093
:10245000032A02D1186B7047704700207047002391
:102460000B804B80034658B102681278012A01D0D4
:10247000032A05D1B3F918200A80B3F91A304B802A
:10248000704718B1437943F0080343717047000067
:10249000014B1868704700BF54ED002070B582B042
:1024A00005460C46012101F06AFE78BB20680190C8
:1024B0000123002201A9284603F044FA01A9284675
:1024C00003F021FE0646002201A905F1140019F0CF
:1024D0004DFE28B94FF40021284601F050FE88B186
:1024E000284606F07AFB441E00E0013C002C09DB84
:1024F000AB681B6801A953F82400FFF7CFFF002841
:10250000F3D001E026B1284602B070BD0020FBE701
:102510000020F9E770B50446406A9D4B1860637867
:1025200013F0080F40F08B809A4B1B681B681D69E5
:10253000002800F08580E36A002B00F0B180606A1B
:10254000934B1B6898424ED0B4F90430A381B4F980
:102550000630E38148B18F4B1A680321FEF738FE3D
:102560002046FFF7A1F9002869D1894B1B686362F7
:10257000A362002B37D019F017FB6064637823F057
:102580000103637000232383638394F8402063F383
:10259000030284F84020D2B263F3071284F840208B
:1025A00094F8412063F3000284F84120A387E38775
:1025B000A382E382774B1A680121754B1868FEF7F6
:1025C00007FE2046FFF770F9002838D1714B1868D4
:1025D000437913F0080F32D10430FFF771F9204628
:1025E000FFF762F958BBA188A389C91A09B2A18271
:1025F000E288E389D21A12B2E282B4F91C300B44A9
:1026000003EBD3735B10A383B4F91E30134403EBC5
:10261000D3735B10E383E36923625D4B186870B189
:102620005C4B1A680221FEF7D3FD2046FFF73CF908
:1026300028B9584B1B685B7913F0080F57D070BD51
:102640002846FEF7E9FA261D3146FFF727FF504BD3
:10265000186098B14E4B1B68CBB1A36A002B3FF4B6
:102660006EAF0023A383E383204600F083FF204660
:10267000FFF71AF900283FF462AFE0E72846FEF7BB
:10268000AFFA3146FFF70AFF414B1860E2E72846F0
:10269000FEF758FA3146FFF701FF3D4B1860DCE7C3
:1026A0004FF4005101F06BFD00287FF448AF28463D
:1026B000FEF7B2FA261D3146FFF7F0FE344B1860E4
:1026C00060B1334B1B68002BC7D12846FEF73AFA9E
:1026D0003146FFF7E3FE2E4B1860BEE72846FEF7B3
:1026E0007FFA3146FFF7DAFE294B1860E9E720460A
:1026F00000F071FE2046FFF7D7F800289FD1204652
:10270000FFF762F92046FFF7CFF8002897D1E36A78
:10271000F3B1E36A002B92D1637813F0010F8ED0EE
:10272000A06C19F045FA1B4B1A681368DB8B9842B2
:1027300085D90621164B1868FEF74AFD2046FFF79B
:10274000B3F800287FF47BAF19F02EFAA06476E787
:10275000637813F0010FDCD1606C19F029FA0D4B8E
:102760001A6813689B8B9842D3D90521084B1868C7
:10277000FEF72EFD2046FFF797F800287FF45FAFA5
:10278000637843F00103637019F00EFAA064C0E7A8
:1027900054ED002058ED002070B582B004460D467F
:1027A00003681A69B1F900308382B1F90210C1825D
:1027B0001068037C03F03003202B01D0302B0CD1A8
:1027C000038828881B1A9BB2013B2B8013685B8807
:1027D00089B25B1A9BB2013B6B8013681B7C03F0D0
:1027E0003003102B01D0302B0AD1B5F90210B5F906
:1027F00000306B8013685B885B1A9BB2013B2B80B7
:10280000B5F90030002B2DDBB5F90060236818699D
:1028100019F0D6F8864230DAB5F90230002B39DBF0
:10282000B5F902602368186919F0E2F886423CDACB
:10283000206D18B122692B689A4243D1B5F9003056
:102840002381B5F9023063812379012B41D0201D0A
:10285000FFF744F9B4F908302382B4F90A306382EF
:1028600002B070BD01931D4B00931D4B4FF4B3722A
:102870001C4902201AF028FCC6E7B5F90030019384
:10288000194B0093164B40F26912164902201AF0B8
:102890001BFCC1E70193154B0093114B4FF4B6722B
:1028A000104902201AF010FCBAE7B5F90230019382
:1028B0000F4B00930A4B40F26F120A4902201AF0A4
:1028C00003FCB5E7B5F90220B5F9001002F0A2FC4F
:1028D000B4E7201DFFF71EFEBCE700BF702F040801
:1028E0001C600408F02E0408942F0408BC2F040870
:1028F000E02F04082DE9F04182B0836D33B3044624
:102900000D468A6803EB820133F92270B1F9028027
:10291000AB7B012B24D0261D3046FEF7C5FF90B9B6
:102920002781A4F80A80AB7B012B25D03046FFF726
:10293000D5F83046FEF7B8FF28B9B4F9083023823D
:10294000B4F90A30638202B0BDE8F0810C4B009309
:102950000C4B40F203320C4902201AF0B5FBF2E7AF
:10296000B0F91030BB4203D1B0F912304345D2D098
:10297000201DFFF7B3F8CEE73046FFF7CBFDD8E7D1
:102980000830040808600408F02E0408C068364BBC
:10299000186003681B69002B64D030B585B0FEF762
:1029A0005DFF314B1B685A7912F0040F03D11B688D
:1029B0001B695B69D3B105B030BD13681C6919F0A0
:1029C000F3F8C4F8640128E0BDF90C202AB31C69AF
:1029D00019F0EAF8C4F864011FE06946FFF7DCFE6D
:1029E000214B1868FEF73AFF002D35D01E4C694682
:1029F000206819F0A7F89DF80F502068FEF72EFF09
:102A00001A4B00221A6022689DF80E301371012BB8
:102A1000D3D013681A78042AD6D0134B18680368E9
:102A20001B78013B032BDBD801A252F823F000BF37
:102A3000DB290108412A0108512A0108492A010815
:102A40006946FFF7E9F8CBE76946FFF737FAC7E7CA
:102A50006946FFF74FFFC3E70023034A1360034AA9
:102A60001360A8E7704700BF58ED002054ED002028
:102A700000B502B39446B0F91AE0B2F900207244EE
:102A8000B0F936309A4206DA9BB21FFA8EFEA3EBFB
:102A90000E03ACF80030B0F91AE0BCF90020724423
:102AA000B0F93A309A4206DD9BB21FFA8EFEA3EBD4
:102AB0000E03ACF80030E9B1B0F918C0B1F900204C
:102AC0006244B0F934309A4205DA9BB21FFA8CFCAA
:102AD000A3EB0C030B80B0F918C0B1F900206244DD
:102AE000B0F938309A4205DD9BB21FFA8CFCA3EB9B
:102AF0000C030B805DF804FB10B5B0F91E40FFF726
:102B0000FDFB03685A7E00200CE0204400B2C2F1B5
:102B1000640303FB04F4054B83FB0413E417C4EBC9
:102B2000631424B2002CF0D110BD00BF1F85EB51FF
:102B300010B5B0F91C40FFF7E1FB03685A7E002096
:102B40000CE0204400B2C2F1640303FB04F4054B23
:102B500083FB0413E417C4EB631424B2002CF0D1FC
:102B600010BD00BF1F85EB512DE9F04F87B0064621
:102B700088460192994603F0EBFD18B9002007B092
:102B8000BDE8F08F824610220021304605F088FA19
:102B9000029003B2059311220021304605F080FA1D
:102BA000049003B20393304606F017F8074600245A
:102BB00041F6FF7B26E0B5F91A30718B049A891A29
:102BC00009B241E0EB8A6A8BD21A92B20132C2F3A7
:102BD000C03101FA82F203EB62031BB2F08A029A5F
:102BE0008118728B121A92B2013212B20598121A1F
:102BF0000398121A02EBD272521012FA81F109B242
:102C000022E00134BC4237D2B3681B6853F8245029
:102C10001E49284601F0B9FA0028F2D14FF480513C
:102C2000284601F0ACFA0028EBD0BAF1020FC2D06E
:102C3000BAF1030FC6D0BAF1010FE2D1B5F91630DF
:102C4000F18A029A114409B24B449AB21BB243452D
:102C5000D7DB01988342D4DC521A12B282EAE271C5
:102C6000A1EBE27189B28BEAEB73A3EBEB739BB23E
:102C70009942C6D29346C4E741F6FF739B4503D001
:102C8000CBF1000000B27AE7002078E701000400F1
:102C90002DE9F04F87B0064688460192994603F029
:102CA0004FFD18B9002007B0BDE8F08F8246122210
:102CB0000021304605F0F4F9029003B20593132287
:102CC0000021304605F0ECF9049003B2039330463E
:102CD00005F083FF0746002441F6FF7B26E0B5F9A7
:102CE0001830318B049A891A09B241E0AB8A2A8BD9
:102CF000D21A92B20132C2F3C03101FA82F203EB6E
:102D000062031BB2B08A029A8118328B121A92B2F5
:102D1000013212B20598121A0398121A02EBD272FB
:102D2000521012FA81F109B222E00134BC4237D2CA
:102D3000B3681B6853F824501E49284601F025FA51
:102D40000028F2D14FF48051284601F018FA0028EB
:102D5000EBD0BAF1020FC2D0BAF1030FC6D0BAF16C
:102D6000010FE2D1B5F91430B18A029A114409B2C7
:102D70004B449AB21BB24345D7DB01988342D4DC63
:102D8000521A12B282EAE271A1EBE27189B28BEAC5
:102D9000EB73A3EBEB739BB29942C6D29346C4E7A5
:102DA00041F6FF739B4503D0CBF1000000B27AE7F8
:102DB000002078E70100040070B582B00446C56ABF
:102DC0008021284601F0DBF910BB644941F6FF730E
:102DD00000930A4604F1340019F03BF9B4F9343099
:102DE00013B94EF20103A386B4F9383013B941F692
:102DF000FF732387B4F9363013B94EF20103E3862B
:102E0000B4F93A3013B941F6FF73638702B070BD6D
:102E1000284603F09DFC022831D0032841D0012828
:102E20005DD1E98A0131002341F6FF7209B22846DB
:102E3000FFF79AFEE086EA8A013A002312B2474978
:102E40002846FFF791FE6087284603F079FC0228A8
:102E50004CD003285CD0012878D1002341F6FF72C2
:102E6000B5F914102846FFF713FFA0860023B5F923
:102E700014203A492846FFF70BFF2087AEE70023CE
:102E800041F6FF72B5F91A102846FFF76DFEE0868D
:102E90000023B5F91A2031492846FFF765FE6087FF
:102EA000D2E7EE8A6B8B9B1B9BB20133C3F3C0321C
:102EB00002FA83F306EB6306B6B2711C002341F6F7
:102EC000FF7209B22846FFF74FFEE086721E00230C
:102ED00012B222492846FFF747FE6087B4E74EF258
:102EE0000103E38641F6FF736387ADE7002341F6F4
:102EF000FF72B5F918102846FFF7CAFEA086002316
:102F0000B5F9182015492846FFF7C2FE208765E766
:102F1000AE8A2B8B9B1B9BB20133C3F3C03202FAE8
:102F200083F306EB6306B6B2711C002341F6FF7211
:102F300009B22846FFF7ACFEA086721E002312B22B
:102F400006492846FFF7A4FE208747E74EF2010313
:102F5000A38641F6FF73238740E700BF01E0FFFF30
:102F60002DE9F04F8BB08346FFF7C8F9036893F85B
:102F700018800FFA88F9DBF82440BBF81830BBF84A
:102F800014201344ABF81830BBF81A30BBF81620E5
:102F90001344ABF81A304FF0000ACDF804A0CDF876
:102FA0001CA0CDF814A007E16E220021304605F0E8
:102FB00077F817FA80F007B26D220021304605F04D
:102FC0006FF800B200FB05F52D12304605F0B0FD9C
:102FD0000646002EE8D1DBF81830099317B9B5F58D
:102FE000807F09D0794208AB4FF4803292FBF5F232
:102FF00009B209A819F016FBBDF92420002AB8BFB0
:10300000524292B2BDF92630002BB8BF5B429BB250
:103010009A422BD84FF0010A1021204601F0AFF858
:1030200060BB4FF48071204601F0A9F808B9019BFC
:1030300043B94FF40071204601F0A1F8C8B9BAF1C4
:10304000000F16D0059A6AB19BF84030079961F3DA
:1030500003038BF84030CBF82C200023ABF818305A
:10306000ABF81A3005980BB0BDE8F08F012301933F
:10307000D2E7204605F05CFD04469DE0204603F0C3
:1030800057FB10F0010F30D0019E10F0020F2ED030
:10309000019B039310F0040F2CD0574610F0080F3B
:1030A0002AD0CDF810A0204603F06AFB0546204642
:1030B00003F06EFB0690204603F0C2FB0290204610
:1030C00003F030FC002D1ADD1FB1BDF926304B4551
:1030D00019DA049BD3B1BDF92620C8F100039A4246
:1030E00014DC05940C23079310E00026CDE70023A1
:1030F0000393CFE70027D1E700230493D3E7069B90
:10310000002BE1DC02E005940C230793029B002BCB
:1031100010DD1EB1BDF924304B450EDA039B7BB1A7
:10312000BDF92420C8F100039A4209DC0594032369
:10313000079305E00028ECDC02E0059403230793E5
:10314000002D45DD069B002B44DD029B002B44DD5A
:10315000002844DD1EB1BDF924304B4542DA039B03
:103160002BB1BDF92420C8F100039A423ADD1FB10A
:10317000BDF926304B4535DA049B2BB1BDF926202D
:10318000C8F100039A422DDD4FF48071204600F013
:10319000F6FF18B9019B002B7FF454AF4FF4007178
:1031A000204600F0ECFF18B9BAF1000F7FF44AAFE7
:1031B000204605F0BDFC0446002C3FF443AF002739
:1031C000ADF82070ADF8227026464FF4807500E708
:1031D0000027B7E700230493B7E70026B8E70023EA
:1031E0000393B7E7019B3BB103229BF8403062F3A6
:1031F00003038BF8403025E70C22F6E72DE9F84F62
:1032000005460C4617461E469DF828A0202100F0D2
:10321000B6FF002800F0CE80BAF1030F29D028466F
:1032200003F096FA8046FFF733F98146BAF1030FAF
:1032300024D010220021284604F032FF82460FFAE3
:1032400080FB11220021284604F02AFF01B2B8F1C8
:10325000020F7DD0B8F1030F55D0B8F1010F71D036
:1032600000221346002E79DB002FC0F28D8020460D
:10327000A6E0284603F064FA8046D4E71222002133
:10328000284604F00DFF82460FFA80FB132200212E
:10329000284604F005FF01B2B8F1020F2DD0B8F1B5
:1032A000030F05D0B8F1010F21D000221346D9E752
:1032B0002B8BAA8A9B1A9BB201331BB2A3EB0B0385
:1032C0005B1A03EBD3730AEB630312FA83F31BB2AB
:1032D000B9F81810B9F81420891A89B20131C1F36C
:1032E000C03000FA81F102EB610212B2BAE7AB8A98
:1032F00053441BB2B9F91420B4E72B8B1B1A1BB231
:10330000B9F91820AEE76B8BEA8A9B1A9BB201339E
:103310001BB2A3EB0B035B1A03EBD3730AEB630340
:1033200012FA83F31BB2B9F81A10B9F81620891AE9
:1033300089B20131C1F3C03000FA81F102EB6102C0
:1033400012B28FE7EB8A53441BB2B9F9162089E712
:103350006B8B1B1A1BB2B9F91A2083E7B8F1000F67
:1033600001D0934231DB002C09DB002C01DDA01CD5
:1033700004B22346002C05DB43F38F0020E0A01E9F
:1033800004B2F2E7E31CF7E7B8F1000F01D0934273
:103390001DDC002C09DB002C01DDA01C04B223463F
:1033A000002C05DB43F38F000AE0A01E04B2F2E715
:1033B000E31CF7E7E64205D43B1B002B09DB204664
:1033C000BDE8F88F764234B2F6E72046F8E72046AB
:1033D000F6E73846F4E74369002B00F0CA802DE990
:1033E000F04184B00646C76A27B13C464FF4807866
:1033F00000251BE0FFF7B4FD0746002800F09B8086
:103400003046FFF7D9FC002209213846FDF7E0FEDF
:10341000737813F0020FE8D08DE01B1213FB08F352
:103420000FFA83F8204605F083FB04468CB16E2228
:103430000021204604F034FE15FA80F005B26D221A
:103440000021204604F02CFE03B2002BE5DAFF3306
:10345000E3E715B9B8F5807F10D069424FF48032A8
:1034600092FBF8F20023ADF80830ADF80A3002AB59
:1034700012B209B206F1140019F0D4F80023ADF825
:103480000E30ADF80C3096F8403003F00F03032BEC
:1034900054D0384603F074F90446384603F078F9FE
:1034A00003460C2200922246B6F916103846FFF762
:1034B000A5FEADF80C00384603F03AF910F0010F04
:1034C00006D1BDF90E30002B02DD0023ADF80E3021
:1034D00010F0020F03D1BDF90E30002B41DB10F0CC
:1034E000040F06D1BDF90C30002B02DD0023ADF82E
:1034F0000C3010F0080F03D1BDF90C30002B34DB79
:1035000003AA0DF10E013046FFF7B2FABDF90C2007
:10351000BDF90E10384603F08FFA737813F0020FDE
:1035200009D1338BBDF80E2013443383738BBDF860
:103530000C201344738304B0BDE8F081384603F0D7
:10354000F1F90446384603F07BF902460323009361
:103550002346B6F914103846FFF750FEADF80E00BA
:10356000A9E70023ADF80E30B9E70023ADF80C3021
:10357000C6E770472DE9F04385B0C56A2DB1044612
:1035800090F8403013F00F0F02D105B0BDE8F08382
:10359000FEF7B4FE0646036893F8199040212846CA
:1035A00000F0EDFD10B90023E383A383284603F068
:1035B000C7F88046284603F0CBF8074694F8403019
:1035C00003F00F030C2B1DD0032B64D0E369002BF9
:1035D000DBD1002F00F0AA80B8F1000F00F0C68008
:1035E00032460A212846FDF7F3FD637813F0020FF7
:1035F000CBD194F8403023F00F0384F840300023FF
:10360000E362C2E70023A38320BBB4F91E30C9F1F3
:10361000640909FB03F3654A82FB0312DB17C3EB62
:103620006213E383284603F0B3F88146284603F08B
:10363000A7F802460C2300934B46B4F91E10284607
:10364000FFF7DCFD0246E08300231946284603F01D
:1036500035FABBE72046FFF74FFAADF80E004FF002
:103660000009A4F81E900DF10E0249462046FFF70E
:10367000FFF9BDF90E3041F6FF724D492846FFF7BC
:1036800073FABDF80E30C218012312B2494628461B
:1036900003F014FA9AE70023E383B8F1000F24D172
:1036A000B4F91C30C9F1640909FB03F33F4A82FBFA
:1036B0000312DB17C3EB6213A383284603F0C0F8A1
:1036C0008146284603F02EF90346032200924A461B
:1036D000B4F91C102846FFF791FD0146A083002392
:1036E0001A46284603F0EAF970E72046FFF720FA69
:1036F000ADF80E004FF00009A4F81C904A460DF1F9
:103700000E012046FFF7B4F9BDF90E3041F6FF7205
:1037100027492846FFF7BCFABDF80E30C11801232F
:103720004A4609B2284603F0C9F94FE7284603F094
:1037300027F80746284603F02BF8002F0ADD00285B
:10374000BFF64AAF4242012312B20021284603F0DD
:10375000B5F941E700287FF73FAF002FEFDA0123EB
:103760003A460021284603F0A9F935E7284603F038
:1037700067F80746284603F0D5F8002F0ADD002831
:10378000BFF62EAF41420123002209B2284603F0C2
:1037900095F925E700287FF723AF002FEFDA012303
:1037A00000223946284603F089F919E71F85EB51B5
:1037B00001E0FFFF0246E0B1032907D00C291AD12E
:1037C000B0F926301268517E00200FE0B0F92430A5
:1037D000F8E7184400B2C1F1640202FB03F3074AA0
:1037E00082FB03C2DB17C3EB62131BB2002BF0D1C9
:1037F0007047002070470020704700BF1F85EB51C5
:1038000038B505460C46084609F068F921224FF400
:103810008031284604F044FCC0B2E07002283BD856
:1038200031224FF48031284604F03AFCC0B284F8CB
:103830002200022838D845224FF48031284604F06F
:103840002FFCC0B284F83600022843D84FF48031F0
:10385000284605F0CBF8FC280DD8E37800FB03F3ED
:103860001B12E370DBB200FB03F3C3F3072384F8FE
:10387000223084F83630E3782BB994F8223013B92B
:1038800094F8360038B10B224FF48031284604F00A
:1038900007FC2080012038BD20224FF480312846CB
:1038A00004F0FEFBA080BBE732224FF480312846B3
:1038B00004F0F6FB00B22084002803DC002384F827
:1038C0002230B8E730224FF48031284604F0E8FB7C
:1038D000E083B0E740224FF48031284604F0E0FB5B
:1038E00000B2E085002803DC002384F83630ADE721
:1038F00043224FF48031284604F0D2FBA0864422B4
:103900004FF48031284604F0CBFBA0859EE70000F1
:1039100070B5A4B004460D4620AA22A903F0E2FB2C
:1039200022A818F0A9FB18B920A818F0A5FB28B107
:1039300012A92046FFF764FF012801D024B070BD12
:103940002946684601F063FB1B4B01930223029357
:1039500012AB04934FF480330D9322A818F08CFB24
:10396000B8B920A818F088FB0028E7D020AE03964D
:103970006A461A212046FDF72BFC0396324612A90F
:10398000284609F0EDF86A461B212046FDF720FC89
:10399000D4E722AE03966A461A212046FDF718FCAA
:1039A000324612A9284609F0DBF86A461B21204658
:1039B000FDF70EFCD5E700BF546004082DE9F04187
:1039C000A2B00646FDF732FC05463046FDF72AFC5C
:1039D0000446122D07D0152D6AD0182D00F0008155
:1039E00022B0BDE8F0813046FDF724FC054603789F
:1039F000022BF5D017220021204604F051FB10B114
:103A000002232B70ECE70B220021204604F048FB38
:103A100007B269220021204604F042FB06466A22D2
:103A20000021204604F03CFBB4F91410ADF840101E
:103A3000B4F91630ADF84230B4F918C0ADF844C04E
:103A4000B4F91A20ADF8462089B2B6B2891BADF898
:103A5000401016FA8CFCADF844C09BB280B21B1A21
:103A6000ADF8423010FA82F2ADF846203A4610A97D
:103A7000686818F061FC10B901232B70B0E72122AF
:103A80000021204604F00CFBC0B2FC2802D8012320
:103A90002B70A5E760220021204604F001FBC3B291
:103AA000FC2B02D900232B709AE701232B7097E798
:103AB0003046FDF75BFC064602A809F00FF83422F9
:103AC0000021204604F0ECFA28B19DF82B3043F099
:103AD00001038DF82B3002AF3A460021204600F05A
:103AE00091FF69220021204604F0DAFA05466A2295
:103AF0000021204604F0D4FAB4F91420ADF80020D7
:103B0000B4F91630ADF80230B4F918C0ADF804C0FD
:103B1000B4F91A10ADF8061092B2ADB2521BADF85E
:103B2000002015FA8CFCADF804C09BB280B21B1AC1
:103B3000ADF8023010FA81F1ADF80610314610A848
:103B400001F065FA674B1193002512951497CDF893
:103B50004CD01D9510AA1A212046FDF739FB1722DB
:103B60002946204604F09CFA20B1BDF908309BB9E3
:103B70002B4600E00023069F1D460BB10023069351
:103B80006A4602A9304608F0EBFF3DB910AA1B2196
:103B90002046FDF71DFB23E70123ECE7182019F071
:103BA0005DFC05460023BDF9082004F1140108F06E
:103BB000CFFE04F59071284608F06AFC002FE5D08E
:103BC00000238DF80B308DF82A308DF832308DF8C7
:103BD0003E3006976A4602A9304608F0C1FFD5E795
:103BE0003046FDF7C3FB054601462046FFF790FE31
:103BF00017220021204604F053FA002864D1342211
:103C00000021204604F04CFA00283FF4E9AE0DF103
:103C10000808404608F062FF00268DF80B608DF81A
:103C200022608DF832608DF83E6042463146204673
:103C300000F0E8FE69223146204604F031FA0746DA
:103C40006A223146204604F02BFAB4F91420ADF86C
:103C50000020B4F91630ADF80230B4F918C0ADF850
:103C600004C0B4F91A10ADF8061092B2BFB2D21B5C
:103C7000ADF8002017FA8CFCADF804C09BB280B2FE
:103C80001B1AADF8023010FA81F1ADF80610294682
:103C900010A801F0BCF9134B119301231293CDF836
:103CA0005080CDF84CD01D9610AA1A212046FDF761
:103CB0008FFA6A464146284608F052FF10AA1B2197
:103CC0002046FDF785FA8BE604F5907008F048FC75
:103CD0000646002893D008F05DFC304619F058FCE9
:103CE0008DE700BF546004082DE9F0410C464D6893
:103CF00025B3284602F0A4FD0646284602F040FD02
:103D00000746B5F8168010220021284604F0C8F9AD
:103D100018FA80F39BB2DB1B9AB2E382531E6383D3
:103D2000AF8A12220021284604F0BAF917FA80F36C
:103D30009BB2981B83B2A082013B23830223E361E1
:103D400041F20203E3612DB143F20203E36143F266
:103D50000233E361E36943F00402E26143F01402D9
:103D6000E26143F03402E26143F07402E26143F441
:103D7000076242F00402E26125B143F4084343F0D4
:103D80007403E361BDE8F08138B584461446838846
:103D90004FF6FF72934219D0C07948B3012842D937
:103DA000DCF80050864605EB800C002326E012F478
:103DB000004F4DD112F4804F04D1DEF8043023605F
:103DC000012015E01AF01CFB2060F9E700239CF8A5
:103DD00007209A420BD9DCF8000000EBC30E30F844
:103DE0003320C2F30D008142E1D00133EFE7002020
:103DF00038BD1AF005FB206011E001339E4510D953
:103E00003CF81320C2F30D008142F6D112F4004FAA
:103E100020D112F4804FECD155F8233023600120DB
:103E2000E6E70020E4E7C3F30D00814201D0002063
:103E3000DEE713F4004F0FD113F4804F04D1DCF808
:103E4000003023600120D3E71AF0DAFA2060F9E7A6
:103E50000220CDE70220CBE70220C9E72DE9F04F91
:103E60008FB00591078C8F4208D004460D4601841F
:103E70000A46394603F048FF064610B90FB0BDE8C0
:103E8000F08F4FF4207019F0E9FA83464FF4207157
:103E900019F082FC4FF00009CA460797089627469A
:103EA0004C46A94654E00134A74218D904EB8405D6
:103EB0000BEB85056E68304603F024FF0290304618
:103EC00004F056F82A89D8F8003033F809309A42BD
:103ED000E9D18245E7D1039B029A9342E3D8049D3E
:103EE000A7420CD00135D8F800304FEA450933F825
:103EF00015303BB31F2F1FD800240495D4E7D8F802
:103F00000C1007EB87000BEB80032BF82010D8F880
:103F100010105980D8F80810D960D8F8001031F87E
:103F200009101981D8F804101961069A5168C1F373
:103F3000170159600137D5E7BA46099C0A9FDDF899
:103F40002C9004E0BA46099C0A9FDDF82C900134BD
:103F50007B8CC3F30513A3425CD9BAF11F0F2FD892
:103F6000D7F80C80E60008EBC405686820F07F40B5
:103F700003F0C8FE0390FB683344586820F07F408C
:103F800003F0F6FF0290039B33EA0903DFD1EB79DC
:103F900013F0020FDBD10DAA672158F80600FFF7D6
:103FA000F3FE0128D3D1DDF834800026099406956C
:103FB00035460A975746DDF808A0CDF82C9092E7D1
:103FC000089E3C46079F0025B846DDF814900EE099
:103FD00005EB85070BEB8707786803F0C9FF0146FF
:103FE00000974B464246204604F0D0F80135AA45DA
:103FF000EED8584619F0CCFA012E13D0032E15D066
:10400000022E7FF43BAF204601F0FDFD204601F07B
:104010000DF833E7089E3C46079F0025B846DDF8BB
:104020001490E4E7204601F0EEFD27E74FF6FF721B
:104030004FF47021204604F081F91FE700B583B0EA
:10404000174B1B7813BB19F093F91AF0D3FD18F036
:1040500069FD17F0ABFEFDF77FFA06F095F903F066
:1040600021FE4FF4B4710F4818F030FF5C210E4868
:1040700018F02CFF05F0FEFB09F0B0FB11F07EF903
:10408000074B01221A7003B05DF804FB074B009345
:10409000074B66220749022019F016F8F3E700BF24
:1040A00060ED002080F1002074F1002074300408DD
:1040B0004C6004081C30040810B50146034800F0A9
:1040C00041FB044600F0EDFB204610BD546004089F
:1040D00070B584B004460D4601F0DEF8064615F0D2
:1040E000100F15D1E36923EA0503E36115F0010F11
:1040F0001CD1204601F0D0F8B04202D115F0C07FAB
:1041000004D0204604F014FD01F0E0F804B070BDC6
:1041100002AA6946204602F0E5FF6946204601F002
:104120004AFD02A9204601F046FDDBE7204601F0EA
:104130006AFD204601F0B0F80028DAD0204604F0ED
:10414000F7FC01F0C3F8204601F0C0F8D1E708B54C
:10415000038C43EA010231EA030300D108BD114692
:10416000FFF77CFEFAE708B5028CCB431BB202EAEC
:1041700003019A4300D108BDFFF770FEFBE7C36956
:1041800099430CBF012000207047C3690B4214BF44
:10419000012000207047008C7047038C0B4214BF35
:1041A000012000207047806800B180687047F0B53A
:1041B00085B00E460846FDF739F804463046FDF74F
:1041C00033F80546631E292B2ED8DFE813F02A00AA
:1041D0002D0054002D002D002D002D002F00640116
:1041E00068012D002D00670033017F012D002D0097
:1041F000D801D0012D00D8012D002D00D8012D00AF
:104200002D002D002D002D002D002D002D002D0046
:10421000A3012D00C7012D002D002D002D008301CD
:1042200058002021FFF793FF05B0F0BD2021FFF7D4
:104230009AFF3046FDF77CF8FEF704F90028F3D129
:1042400008212846FFF79BFF0028EDD02846FFF7FE
:10425000A2FF10F0010F09D101212846FFF777FFD7
:1042600000221C212846FCF7B3FFDDE70121284688
:10427000FFF779FFF4E72021FFF775FFD4E704F09B
:10428000ACFC0646002406E0AB681B6853F824002B
:1042900001F01CF80134B442F6D3C5E70821FFF75A
:1042A0006EFFF0B94FF401612846FFF768FF002860
:1042B000BAD0284600F0CFFA0028B5D1284602F03F
:1042C000BFFA0746284602F02DFB04463046FCF7AD
:1042D000B1FF0378113B032BA6D8DFE803F0331FAF
:1042E00047793046FCF7A6FF0478A4F11103032BAD
:1042F00007D8DFE803F0020E020E01212846FFF77F
:1043000026FF0A2C90D000221C212846FCF760FFD3
:104310008AE701212846FFF726FFF2E7284602F048
:1043200027FA84B2284601F097F80246002807DBF6
:1043300004EBA201002209B2284602F0E1FC73E777
:10434000C21CF5E7284602F013FA84B2284601F0B1
:1043500083F80246002807DBA4EBA201002209B281
:10436000284602F0CDFC5FE7C21CF5E7284602F0C4
:10437000DFF910F0030F15D0002F01DC002C11DD48
:10438000284602F0EDF984B2284601F05EF80246B4
:1043900000281BDB04EBA201002209B2284602F030
:1043A0009BFC41E7284602F0E3F984B2284601F07D
:1043B00053F80246002807DB04EBA201002209B2F1
:1043C000284602F09DFC2FE7C21CF5E7C21CE1E77E
:1043D000284602F0ADF910F0030F15D0002F01DCD4
:1043E000002C11DD284602F0BBF984B2284601F00A
:1043F0002CF8024600281BDBA4EBA201002209B224
:10440000284602F069FC0FE7284602F0B1F984B2B1
:10441000284601F021F80246002807DBA4EBA201A0
:10442000002209B2284602F06BFCFDE6C21CF5E74B
:10443000C21CE1E74FF48061FFF7A1FEB0B9284646
:10444000FFF7B1FEFDF7FFF90446FDF757FF90B106
:10445000FDF75AFF022812D0042812D0022194B18D
:1044600041F008012846FFF772FEDDE601212846EB
:1044700002F018FEE3E73046FCF75AFFE8E70621B2
:10448000EDE70621EBE72846FFF761FE0821284605
:10449000FFF769FEC8E64021FFF759FEC4E6402158
:1044A000FFF761FE284602F03BF902287FF4BCAE1C
:1044B00002AA6946284602F015FE6946284601F020
:1044C0007AFB02A9284601F076FBADE60E21FFF744
:1044D0004AFEA9E60922002103F0E2FDC4B20A2245
:1044E0000021284603F0DCFD80B200B914B1284653
:1044F00000F0ECFE284604F070FB0646002406E0BF
:10450000AB681B6853F8240000F0E0FE0134B442AD
:10451000F6D389E60122002103F0C2FD07B204228E
:104520000021284603F0BCFD06B2092200212846DE
:1045300003F0B6FDC4B20A220021284603F0B0FD04
:1045400080B238B934B942F2D1739F4202D09E4250
:104550007FF46AAE284600F0B9FE65E690F8223096
:1045600043F0020380F8223000F0B0FE5CE6002148
:1045700000F0E1FC01463046FCF71CFF54E63046F3
:10458000FFF71CFA50E6000010B50C460846FCF791
:1045900055FE002003F08EFB144A0021204604F053
:1045A00005F9012003F086FB0021204617F032FCBC
:1045B0002046FFF7F8FD10B12046FDF715F8A36877
:1045C0009BB1186820B118F0FFFEA36800221A60A2
:1045D000A368D86820B118F0F7FEA3680022DA605B
:1045E000A06818F0F1FE0023A36010BDFFFF0F00CC
:1045F000F0B585B004460D4600F04EFE064615F0B7
:1046000001072AD1E3692B43E3618FB102212046E0
:10461000FFF7C3FD60B12046FFF7C5FD074638B17F
:10462000FCF7A8FF3846FDF787F808B101F0EBFA70
:10463000204600F031FEB04202D115F0C07F07D015
:10464000204604F075FA00F041FE204600F03EFEE0
:1046500015F0100F05D105B0F0BD204601F0D3FADA
:10466000D0E702AA6946204602F03CFD6946204692
:1046700001F0A1FA02A9204601F09DFAEBE7000043
:10468000836803B1704710B584B00446124A1368BA
:10469000013313601C2018F079FEA06070B11C215A
:1046A00019F07AF8A268537E43F00F035376A2689C
:1046B000137E43F00303137604B010BD074B02933F
:1046C000074B0193074B0093074B4FF4B772074911
:1046D000032018F0F9FCFEE75CED0020FC2D040837
:1046E0008C300408302E0408306004081C300408A4
:1046F00028B10068884214BF0020012070470020C4
:10470000704738B5044605682B6813B10360FFF79E
:10471000F8FF25606B6813B121462846984738BDDD
:1047200000E0006820B18269054B1340002BF8D0EF
:1047300018B18069C0F30F1070470020704700BFA8
:10474000F0FF0F00F0B583B005460C46FFF7E8FF19
:10475000064618F01BFE0746F0B1314619F01CF86A
:104760003D607C60DCB1A368002B50D0A5682B684D
:10477000002B50D06B6801336B60A56869688900B5
:10478000286818F03DFE2860A3681A685B6803F18A
:104790008043013B42F82370384603B0F0BD17F068
:1047A00009F90446F0B1C06848B3616A0131616239
:1047B000890018F025FEE060636A03F18043013B45
:1047C00040F823700024BC82FC82204617F0F8F8E1
:1047D00080B201383883204617F00AF980B20138D8
:1047E0007883D9E7114B0093114B3A2211490220EB
:1047F00018F06AFC384618F0E7FD2746CCE704209D
:1048000018F0C4FDE060076001236362DAE7204628
:10481000FFF736FFAAE7042018F0B8FD2860A36868
:104820001B681F60A36801225A60B5E700310408C5
:1048300070600408A430040810B50446006883685A
:104840000BB12146984723681B681BB123602046A3
:10485000FFF7F2FF10BD036800E01B681BB11A7E72
:1048600012F0030FF9D03BB1187E00F003000128CD
:1048700014BF00200120704700207047036800E04B
:104880001B681BB11A7E12F00C0FF9D03BB1187ED9
:1048900000F00C00042814BF002001207047002005
:1048A000704738B5044600F011FD002003F002FA0D
:1048B000204605F057FD2046FFF723FF012003F0B7
:1048C000F9F94FF6FF724FF47021204603F036FDE0
:1048D000204600F0E9FFFCF747FE20B105462046E0
:1048E000FFF7CCFF88B9204604F022F9054658B1FD
:1048F00022462221FCF76CFC224623212846FCF7A5
:1049000067FC204601F07FF938BD21462846FCF7B8
:10491000BDFEE8E738B504460D46202203F0C0FB93
:1049200002462946204603F0EBFC38BD38B5044664
:104930000D46222203F0B4FB02462946204603F02E
:10494000DFFC38BD38B504460D46302203F0A8FB25
:1049500002462946204603F0D3FC38BD38B504464C
:104960000D46362203F09CFB02462946204603F002
:10497000C7FC38BD38B504460D46552203F090FB00
:1049800002462946204603F0BBFC38BD38B5044634
:104990000D462A2203F084FB02462946204603F0F6
:1049A000AFFC38BD38B504460D46442203F078FB11
:1049B00002462946204603F0A3FC38BD38B504461C
:1049C0000D46472203F06CFB02462946204603F0C1
:1049D00097FC38BD38B504460D464D2203F060FB08
:1049E00002462946204603F08BFC38BD38B5044604
:1049F0000D46522203F054FB02462946204603F09E
:104A00007FFC38BDF8B507460D46144603F0EEFFAF
:104A100006468DB1022809D80023E370A37684F8F6
:104A2000223084F82A3084F83630F8BD68222946CE
:104A3000384603F035FBA0700B222946384603F0B8
:104A40002FFB2080E378002B44D1322229463846C0
:104A500003F026FB00B2208420B194F82230002B12
:104A600040F0848035222946384603F019FB00B215
:104A7000E08420B194F82A30002B40F09380A37E8C
:104A8000002B40F0A68094F83630002B40F0DA80FE
:104A9000FC2ECAD8E37806FB03F31B12E370A37E57
:104AA00006FB03F31B12A37694F8223006FB03F3F4
:104AB0001B1284F8223094F82A3006FB03F31B12F1
:104AC00084F82A3094F8363003FB06F6361284F860
:104AD0003660AAE721222946384603F0E1FAC0B23F
:104AE000E0700228B1D929463846FFF713FFA080AD
:104AF00026222946384603F0D3FA014618B1437AF4
:104B000013F0070F16D123222946384603F0C8FABE
:104B1000E37B60F30203E373DBB213F0070F0ED104
:104B200027222946384603F0BBFAE37B60F3C5032E
:104B3000E3738AE70A22A01D18F072FD85E7294673
:104B40003846FFF7E7FEE08029463846FFF7EEFEDD
:104B5000608124222946384603F0A2FA20722522D9
:104B60002946384603F09CFA2073D9E731222946BA
:104B7000384603F095FAC0B284F8220002287FF686
:104B800071AF33222946384603F08AFA94F823306D
:104B900060F3450384F8233029463846FFF7D2FEF8
:104BA000E0835FE737222946384603F079FAC0B23E
:104BB00084F82A0002287FF662AF38222946384658
:104BC00003F06EFA208529463846FFF7C7FEA08419
:104BD00055E728222946384603F062FA206100286A
:104BE0003FF451AF29222946384603F059FAC0B2A2
:104BF000A07602287FF647AF206905F0B5FE0228AF
:104C000014D029463846FFF7C1FE20832B222946BF
:104C1000384603F045FAE0762C222946384603F060
:104C20003FFA003818BF012020772CE75722294689
:104C3000384603F035FA606129463846FFF79AFE98
:104C4000208320E740222946384603F029FA00B2A3
:104C5000E08500283FF41CAF94F83630022B7FF635
:104C600017AF45222946384603F01AFAC0B284F835
:104C7000360002287FF60CAF41222946384603F061
:104C80000FFA208642222946384603F009FA608648
:104C900043222946384603F003FAA08629463846BF
:104CA000FFF780FEA085F3E670B506460D46144674
:104CB000562203F0F5F9C3B2A376022B00D870BDDB
:104CC0002946304603F092FE022831D9FC2804D848
:104CD000A37E03FB00F00012A076A37E022BEED988
:104CE00029463046FFF746FEA08158222946304625
:104CF00003F0D6F9A08259222946304603F0D0F9B4
:104D000060825A222946304603F0CAF9A37F60F335
:104D10000203A3777DB957222946304603F0C0F934
:104D200020605B222946304603F0BAF92077C6E7B7
:104D30000023A376C3E768222946304603F0B0F982
:104D4000A37F60F3C503A377E5E770B505460E467C
:104D50001446462203F0A4F9C3B2E372022B00D832
:104D600070BD3146284603F041FE022838D9FC28A0
:104D700004D8E37A03FB00F00012E072E37A022B1E
:104D8000EED9002323804FF4807363802B8BAA8A93
:104D90009B1A9BB20133C3F3C03202FA83F35B1058
:104DA000A3806B8BEA8A9B1A9BB20133C3F3C03298
:104DB00002FA83F35B10E38048223146284603F071
:104DC0006FF9C0B2A07270B9002EC9D06822314606
:104DD000284603F065F9237B60F303032373BFE7E1
:104DE0000023E372BCE731462846FFF7E7FD208148
:104DF000EAE770B506460D4614464E2203F050F918
:104E0000C3B22372022B00D870BD2946304603F08E
:104E1000EDFD02283BD9FC2804D8237A03FB00F0DF
:104E200000122072237A022BEED9492229463046FD
:104E300003F036F900B260800028E5D029463046FC
:104E4000FFF7C8FD20804A222946304603F028F9A2
:104E500000B2A080F0B94C222946304603F020F978
:104E6000003818BF0120637A60F382036372DBB2FB
:104E700060F3C3036372002DC6D068222946304612
:104E800003F00EF9637A60F301036372BCE7002359
:104E90002372B9E74B222946304603F001F9E0803E
:104EA000D9E770B506460D461446502203F0F8F8CF
:104EB00000B2608000B970BD53222946304603F02D
:104EC000EFF8C3B22373022BF5D92946304603F01D
:104ED0008DFD02282CD9FC2804D8237B03FB00F08D
:104EE00000122073237B022BE5D929463046FFF7B9
:104EF0007DFD208054222946304603F0D1F8A06081
:104F000051222946304603F0CBF8003818BF012063
:104F1000637B60F382036373002DCCD06822294643
:104F2000304603F0BDF8637B60F301036373C2E7AF
:104F300000232373BFE7F8B505460E46402203F071
:104F4000AFF804B2E4B935223146284603F0A8F898
:104F500007B2002F47D169223146284603F0A0F856
:104F600007B26A223146284603F09AF800B2B842E6
:104F7000B8BF3846002801DD204404B22046F8BD01
:104F800045223146284603F08BF8C0B2022801D8EA
:104F90000024D8E704EBD4777F100137BFB2432257
:104FA0003146284603F07CF817FA80F4A4B2412277
:104FB0003146284603F074F807B2422231462846AB
:104FC00003F06EF803B2002BB8BF5B429BB2002F18
:104FD000B8BF7F42BFB2BB422CBFE418E41924B271
:104FE00024EAE474AFE737223146284603F058F844
:104FF000C0B20228AFD938223146284603F050F813
:1050000007FA80F0A042B8BF204604B2A3E738B543
:1050100004460D46482118F0BFFB256038BD836863
:1050200013B1B3F9160070470020704730B583B054
:105030000446FFF7F4FF05460023ADF806300DF1F6
:10504000060213212046FCF7C3F8BDF90630AB4237
:105050000AD1A36863B1BDF80620DA82BDF9063033
:10506000AB4211D103B030BD204600F0CCFDF0E7DB
:10507000BDF90630002BF1D02046FFF701FBA368F5
:10508000BDF80620DA82E9E7204600F0BCFDE9E73A
:10509000836813B1987E8009704700207047000034
:1050A0002DE9F04383B004460F4690466E2200215E
:1050B00002F0F6FF06460FFA80F96D220021204625
:1050C00002F0EEFF05B2B9F1000F02D1B5F5807F15
:1050D00037D06F220021204602F0E2FFADF8040035
:1050E00070220021204602F0DBFF03B2ADF806304B
:1050F000BDF9042002F4C041B1F5005F24D003F4EF
:10510000C042B2F5005F3AD0A38ABDF80420134430
:10511000ADF80430E38ABDF806201344ADF806303C
:10512000B8F1000F07D076420FFA86F94FF48033BA
:1051300093FBF5F31DB201AB2A464946384617F0FA
:1051400071FA03B0BDE8F08322F4C042B2F5FA6F01
:10515000D5DCB2F57A7F01DDC2F57A72218BA08AA7
:10516000091A89B2013109B201FB02F2114981FB2E
:105170000201D217C2EB6112ADF80420BFE723F49D
:10518000C043B3F5FA6FBFDCB3F57A7F01DDC3F539
:105190007A73628BE18A521A92B2013212B202FB26
:1051A00003F3044A82FB0312DB17C3EB6213ADF86F
:1051B0000630A9E71F85EB5130B583B005460C4694
:1051C000002301AA072102F07BFD012807D020B9A6
:1051D00000222146284603F057FC03B030BD019B56
:1051E000A342F5D1F3E730B583B005460C46002362
:1051F00001AA082102F064FD012807D020B900228D
:105200002146284603F047FC03B030BD019BA34272
:10521000F5D1F3E738B504461546FFF7CDFF29462B
:105220002046FFF7E0FF38BD30B583B005460C4699
:10523000002301AA012102F043FD012807D020B973
:1052400000222146284603F00AFC03B030BD019B32
:10525000A342F5D1F3E730B583B005460C460023F1
:1052600001AA042102F02CFD012807D020B9002258
:105270002146284603F001FC03B030BD019BA34248
:10528000F5D1F3E738B504461546FFF7CDFF2946BB
:105290002046FFF7E0FF38BD38B504460A49FEF75F
:1052A00074FF10B10025284638BD0546204603F09E
:1052B0003FFC0028F7D00A22002102F0F1FE80B264
:1052C0000028F0D00125EEE70100060008B590F8AF
:1052D000222042F0010280F8222003F02DFC90F8F9
:1052E000222042F0040280F8222003F02DFC4068C6
:1052F00008B119F06AFC08BD10B50446002289B255
:1053000003F008FC2046FFF7E1FF10BD70B584B044
:1053100005460C46134A136801331360124ED90038
:10532000306818F06DF8306070B103460D4A1068AF
:1053300000F10052013A43F832500B4B1B6803EB6B
:10534000C2035C6004B070BD084B0293084B01932C
:10535000084B0093084B40F247120849032017F00E
:10536000B3FEFEE764ED002034F10020FC2D0408BC
:1053700098310408302E0408886004083C31040881
:1053800008B5002203F08EFB08BD70B50446154633
:105390001E46002203F086FB324629462046FFF7D0
:1053A00039FF70BDB0F914300B80B0F916304B8066
:1053B000B0F918308B80B0F91A30CB80704738B50F
:1053C000044603F0B5FBD0B10546A48A838AE41AEB
:1053D000A4B201F0C5F914FA80F4A4B2122200219B
:1053E000284602F05DFE80B2241AA4B232220021C7
:1053F000284602F055FE80B2201A00B238BDB4F93A
:105400001400FBE738B5044603F092FBD0B1054623
:10541000E48AC38AE41AA4B201F0AAF914FA80F467
:10542000A4B210220021284602F03AFE80B2241ACB
:10543000A4B232220021284602F032FE80B2201AA5
:1054400000B238BDB4F91600FBE7038B828A981AC4
:1054500080B2013000B27047438BC28A981A80B282
:10546000013000B27047F8B505461222002102F063
:1054700017FE074613220021284602F011FE0646B9
:1054800032220021284602F00BFE04462846FFF790
:10549000DCFF83B2DB1B9BB29B1B9BB26400A4B2FC
:1054A000181B00B2F8BDF8B505461022002102F025
:1054B000F7FD074611220021284602F0F1FD0646BD
:1054C00032220021284602F0EBFD04462846FFF771
:1054D000C3FF83B2DB1B9BB29B1B9BB26400A4B2D5
:1054E000181B00B2F8BD70B506460C4632220021EA
:1054F00002F0D6FD054621463046FFF753FF6942CC
:1055000009B20A46204616F0C5FD12220021304697
:1055100002F0C6FD238813FA80F0208013220021B8
:10552000304602F0BDFDA38880B21B1AA380102272
:105530000021304602F0B4FD638813FA80F06080E9
:1055400011220021304602F0ABFDE38880B21B1A25
:10555000E38070BD00B583B00023ADF804304EF297
:105560000103ADF8063001AA2C21FBF731FEBDF98D
:10557000040003B05DF804FB2DE9F04F83B005464D
:105580000022114601F0A8FB32220021284602F039
:1055900087FD044613220021284602F081FDA4B2B3
:1055A00014FA80F01FFA80FA03B20193122200214C
:1055B000284602F075FD14FA80F01FFA80FB03B252
:1055C00000932846FFF7C6FF1BFA80F81AFA88F8FE
:1055D0000FFA88F8284603F000FB07461622002140
:1055E000284602F05DFDC0B2012851D00024DFF84A
:1055F000749171E009220021304602F051FDC0B2E1
:1056000008282ED840F24913C34013F0010F28D0C8
:10561000B5F91830B6F914209B1A01334B45B8BFC1
:105620004B460FFA83F90134BC4235D2AB681B6894
:1056300053F824604A493046FEF7A7FD0028F2D10E
:105640003046FFF729FE0028D4D0B5F91830B6F956
:1056500014209B1A01334B45B8BF4B460FFA83F910
:10566000E1E707220021304602F01AFD00B20028CF
:10567000D9D1338BB28A9B1A9BB201339AB201996A
:1056800001FA83F39945CEDC52440FFA82F9CAE756
:105690000024DFF8D090C7E7324B99455CD0CB446B
:1056A0000FFA8BFA52E009220021304602F0F8FC92
:1056B000C0B207282DD89323C34013F0010F28D080
:1056C000B6F91830B5F914209B1A01334B45B8BF11
:1056D0004B460FFA83F90134BC4231D2AB681B68E8
:1056E00053F824601E493046FEF74FFD0028F2D1E2
:1056F0003046FFF7D1FD0028D5D0B6F91830B5F9FE
:1057000014209B1A01334B45B8BF4B460FFA83F95F
:10571000E1E708220021304602F0C2FC00B2002876
:10572000D9D1338BB28A9B1A9BB201339AB20099BA
:1057300001FA83F39945CEDC5A440FFA82F9CAE79D
:10574000084B994508D0CA440FFA8AFA054B9A4586
:1057500002D0D045B8BFD046404603B0BDE8F08F78
:105760000100040001E0FFFF00B583B04EF2010329
:10577000ADF804300023ADF8063001AA2C21FBF768
:1057800027FDBDF9060003B05DF804FB2DE9F04FDD
:1057900083B006460022114601F0B2FA32220021FF
:1057A000304602F07DFC044610220021304602F013
:1057B00077FCA4B214FA80F01FFA80FB03B20193C5
:1057C00011220021304602F06BFC14FA80FA1FFA15
:1057D0008AFA3046FFF7C8FF1BFA80F91AFA89F9EE
:1057E0000FFA89F9304603F0F8F907460024DFF88C
:1057F000B48013E009220021284602F051FCC0B217
:10580000032828D8B5F91A30B6F916209B1A0133A7
:105810004345B8BF43460FFA83F80134BC4231D246
:10582000B3681B6853F824501D492846FEF7ADFCA9
:105830000028F2D12846FFF72FFD0028DAD0B5F96D
:105840001A30B6F916209B1A01334345B8BF4346B8
:105850000FFA83F8E1E708220021284602F020FC35
:1058600000B20028D9D16B8BEA8A9B1A9BB2013314
:105870009AB2019901FA83F39845CEDC5A440FFAA3
:1058800082F8CAE7074B984505D0C2440FFA8AFA56
:10589000D145B8BFD146484603B0BDE8F08F00BF40
:1058A0000100040001E0FFFF38B504460122002199
:1058B00002F0F6FB05B204220021204602F0F0FBC4
:1058C00042F2D1739D4202D000B2984204D12046E8
:1058D000FFF7FCFC012038BD0020FCE72DE9F04774
:1058E00080468A4691461F4603F077F90646002413
:1058F00000E00134B44223D2D8F808301D6855F8CE
:10590000245037B14FF480212846FEF738FC002898
:10591000EFD1AB8A1FFA8AF21344AB82E98A1FFAED
:1059200089F31944E982298B0A442A836A8B134438
:105930006B8300234A4651462846FFF7CFFFD8E73E
:10594000BDE8F08780B32DE9F0410F4615461C46AF
:105950008046FFF79DFB06469CB11DB9022E0AD07A
:10596000BDE8F081404603F0E3F823462A46394675
:10597000FFF7E8FFF2E7224639464046FFF790FB83
:10598000EEE702280AD0002DEAD0404603F0D0F816
:1059900023462A463946FFF7D5FFE1E72246394636
:1059A0004046FFF77DFBEEE77047F0B585B0054652
:1059B0000C4616461F46B1F90010ADF80010B4F9B8
:1059C00002E0ADF802E0ADF80410B4F90610ADF84D
:1059D0000610B4F904C0ADF808C0ADF80AE0ADF89F
:1059E0000CC0ADF80E106946FFF7ACFF3B463246DF
:1059F00001A92846FFF7A6FF3B46324602A92846E2
:105A0000FFF7A0FF3B46324603A92846FFF79AFF5F
:105A1000BDF90C30BDF908501946AB42A8BF294664
:105A2000BDF90420BDF9000016468242A8BF064613
:105A3000B142A8BF31462180AB42B8BF2B4682425B
:105A4000B8BF02469342B8BF1346A380BDF90E30DB
:105A5000BDF90A501946AB42A8BF2946BDF9062038
:105A6000BDF9020016468242A8BF0646B142A8BF51
:105A700031466180AB42B8BF2B468242B8BF024676
:105A80009342B8BF1346E38005221146204616F024
:105A900001FB05B0F0BD2DE9F04182B004460E4691
:105AA0000121FEF76CFB20B10027384602B0BDE8AB
:105AB000F0810746204603F03FF8054603F044F81E
:105AC0008046FBF73FF885420ED04046FBF76CF866
:105AD000854209D04046FBF783F8854204D0404612
:105AE000FBF79AF88542E0D14FF400212046FEF7FB
:105AF0004CFB48BB2046FFF792FAB4F91420ADF8EE
:105B00000020B4F91630ADF80230B4F91850ADF8F1
:105B10000450B4F91A10ADF8061092B280B2121AFD
:105B2000ADF800209BB21B1AADF8023010FA85F5D3
:105B3000ADF8045010FA81F1ADF806106A4631460E
:105B4000304616F0C5FA50B10023012231462046F6
:105B5000FFF72BFF204602F0EBFF044605E0074667
:105B6000A3E7204602F0E4FF044614B301212046D7
:105B7000FEF705FB002898D14FF400212046FEF7E0
:105B800004FB0028EDD16D4604F1140393E80300F3
:105B900085E803000023012229462046FFF705FF80
:105BA0002A463146304616F093FA0028D9D10746E6
:105BB0007BE7012779E730B583B005460C4602F054
:105BC000C3FFFBF7FDF908B903B030BDB4F90030ED
:105BD000ADF80030B4F90230ADF80230B4F9043059
:105BE000ADF80430B4F90630ADF806306946284601
:105BF000FFF751FF0028E7D0284602F0A5FF6946CD
:105C000004F05EFAE0E710B582B00446FFF707FA49
:105C1000B4F91420ADF80020B4F91630ADF8023014
:105C2000B4F918C0ADF804C0B4F91A10ADF80610F4
:105C300092B280B2121AADF800209BB21B1AADF8D6
:105C4000023010FA8CFCADF804C010FA81F1ADF806
:105C5000061069462046FFF7AEFF02B010BD2DE9E1
:105C6000F04F87B004460D46164647686FB31222C0
:105C70000021384602F014FA82460FFA80FB102207
:105C80000021384602F00CFA81460FFA80F84FF4F2
:105C900080212046FEF773FA00283ED0BB8A534489
:105CA00015FA83F31DB2B7F81680C84416FA88F8BF
:105CB0000FFA88F832220021384602F0F1F980B25A
:105CC00005442DB200EB080216B2A38AED1A1FFAA2
:105CD00085F82DB2ADF81450E38AF21A1FFA82F952
:105CE00016B2ADF816600DB9002E5AD02046FFF757
:105CF0008AFF03A92046FFF755FB2FB301A93846B9
:105D0000FFF7F1FB002201A903A816F015FB82465C
:105D1000E0B9384601F0E8FD18E0B7F914309B44CB
:105D2000384600F01DFDABEB000BAB440FFA8BF5D2
:105D3000B7F916309844384600F01AFDA8EB000871
:105D4000B0440FFA88F8B5E74FF0000AA38A43443D
:105D5000A382E38A4B44E382238B9844A4F81880FF
:105D6000638B9944A4F81A900023324629462046B2
:105D7000FFF7B4FD27B1224622213846FBF728FA67
:105D80002046FFF740FF67B1002201A904F114008B
:105D900016F0D2FABAF1000F00D110B1384601F076
:105DA000A3FD07B0BDE8F08F2DE9F04F85B00446A4
:105DB000FFF772FA10B105B0BDE8F08F204602F08F
:105DC000B7FE074607220021204602F069F9814606
:105DD00005B208220021204602F062F9804606B290
:105DE000002F4ED03846FFF73EFB00903846FFF7B5
:105DF0005AFB019009F4C049B9F5005F47D008F497
:105E0000C048B8F5005F57D06B220021204602F051
:105E100047F981460FFA80FB6C220021204602F0F0
:105E20003FF980460FFA80FA2046FFF70EFB0290FA
:105E30002046FFF711FB039009F4C049B9F5005F54
:105E40004FD008F4C048B8F5005F60D05D441FFA39
:105E500085F82DB256441FFA86F936B20922002180
:105E6000204602F01DF910F0FF0066D001286CD02A
:105E7000023807287DD8DFE800F07082969DB0894F
:105E8000BDD0324629462046FFF7E9FE93E725F4C8
:105E9000C043B3F5FA6FB2DCB3F57A7F01DDC3F529
:105EA0007A73009A02FB03F3684A82FB0312DB1742
:105EB000C3EB62131DB2A2E726F4C043B3F5FA6F39
:105EC000A2DCB3F57A7F01DDC3F57A73019A02FB98
:105ED00003F35E4A82FB0312DB17C3EB62131EB2AD
:105EE00092E72BF4C043B3F5FA6FAADCB3F57A7FDF
:105EF00001DDC3F57A73029A02FB03F3534A82FB76
:105F00000312DB17C3EB62130FFA83FB99E72AF442
:105F1000C043B3F5FA6F99DCB3F57A7F01DDC3F5C1
:105F20007A73039A02FB03F3484A82FB0312DB17DE
:105F3000C3EB62130FFA83FA88E716220021384672
:105F400002F0AEF8C0B2012805D0324629462046FC
:105F5000FFF785FE2FE703208AE7009B03EBD3734F
:105F6000029A02EBD2756D10C5EB630518FA85F540
:105F70002DB2324629462046FFF771FE1BE7009BF3
:105F8000029A9D1A18FA85F52DB2F2E7019B03EBF0
:105F9000D373039A02EBD2767610C6EB630619FA36
:105FA00086F636B2E5E7019B039A9E1A19FA86F641
:105FB00036B2DEE7009B03EBD373029A02EBD27595
:105FC0006D10C5EB630518FA85F52DB2019B039A98
:105FD0009E1A19FA86F636B2CBE7009B029A9D1AF2
:105FE00018FA85F52DB2019B039A9E1A19FA86F6C6
:105FF00036B2BEE7009B029A9D1A18FA85F52DB2BB
:10600000019B03EBD373039A02EBD2767610C6EBB7
:10601000630619FA86F636B2ABE7009B03EBD37240
:10602000029B03EBD3735B10C3EB620318FA83F399
:106030001DB2019B03EBD372039B03EBD3735B1085
:10604000C3EB620319FA83F31EB292E71F85EB518B
:1060500010B582B00446FEF7E2FFB4F91420ADF8A3
:106060000020B4F91630ADF80230B4F918C0ADF81C
:1060700004C0B4F91A10ADF8061092B280B2121A28
:10608000ADF800209BB21B1AADF8023010FA8CFC60
:10609000ADF804C010FA81F1ADF80610694620464B
:1060A000FFF7F9FC02B010BD38B505460C46FEF707
:1060B000E7FAAB689C8238BD10B5B0F914200A80AD
:1060C000B0F916304B80B0F918E0A1F804E0B0F94F
:1060D0001AC0A1F806C08468A4B192B2A48A121BA7
:1060E0000A808268928A12FA8EFEA1F804E09BB2BE
:1060F0008268928A9B1A4B8083689B8A13FA8CFC75
:10610000A1F806C010BD70B584B006460C46022149
:10611000FEF735F8054610B9284604B070BD802159
:106120003046FEF73AF808B10025F5E702A93046F7
:10613000FFF7C2FF0022214602A816F017F8054615
:106140000028E9D04FF480313046FEF718F80028D7
:10615000E2D0009401238DF804306A4611213046C4
:10616000FBF736F89DF80450D6E7000000B58446EA
:10617000084601F4C041B1F5005F0CD002F4C04103
:10618000B1F5005F1BD06245A8BF62469042B8BF20
:1061900010465DF804FB20F4C041B1F5FA6FEDDC68
:1061A000B1F57A7F01DDC1F57A7103FB01F10E488B
:1061B00080FB01E0C917C1EB601108B2DEE722F4F1
:1061C000C041B1F5FA6FDEDCB1F57A7F01DDC1F5D2
:1061D0007A7101FB03F3044A82FB0312DB17C3EB62
:1061E00062131AB2CFE700BF1F85EB5100B584469A
:1061F000084601F4C041B1F5005F0CD002F4C04183
:10620000B1F5005F1BD06245A8BF62469042B8BF9F
:1062100010465DF804FB20F4C041B1F5FA6FEDDCE7
:10622000B1F57A7F01DDC1F57A7103FB01F10E480A
:1062300080FB01E0C917C1EB601108B2DEE722F470
:10624000C041B1F5FA6FDEDCB1F57A7F01DDC1F551
:106250007A7101FB03F3044A82FB0312DB17C3EBE1
:1062600062131AB2CFE700BF1F85EB5190F82330BD
:1062700003F00C030C2B00F098812DE9F04F87B050
:10628000044602F055FC0546002800F090812046A7
:1062900000F0D6FA009094F8233013F0080F78D06D
:1062A0002046FFF7D2F806464FF00009204600F0DE
:1062B00067FA074694F8233013F0040F00F0E780E4
:1062C0002046FFF7C9F880464FF0000AB9F1000FE9
:1062D00002D1BAF1000F05D000233A4600992046BA
:1062E00000F022FD2046FFF7B0F8B04205D120466D
:1062F000FFF7B2F8404500F05C812046FFF783FCD1
:1063000004A92046FFF74EF802A92846FFF7EBF84C
:10631000002202A904A816F00FF80746002800F092
:106320003A81E08A404480B201386083162200211D
:10633000204601F0B5FEC0B2012800F03081A38AEA
:1063400033449BB2013B238304AA29212046FAF758
:106350003FFF224622212846FAF73AFF2046FFF760
:1063600052FC94F8223043F0020384F822300022D9
:1063700002A904F1140015F0DFFF07B910B1284697
:1063800001F0B2FA2046FEF751FE012007B0BDE849
:10639000F08F01220021204601F082FE06B242F277
:1063A000D1794E4514BF4FF000094FF0010900F4B8
:1063B000C040B0F5005F36D04FF000082846FFF728
:1063C00052F8074642F2D1739E4237D0B8F1000F1F
:1063D00015D095F8233013F0080F34D026F4C042BE
:1063E00012B2B2F57A7F01DDC2F57A7207FB02F2D2
:1063F000714B83FB0213D617C6EB631636B202222B
:106400000021204601F04CFE0FFA80F80322002103
:10641000204601F045FE3B4602B241463046FFF7BA
:10642000A5FE064642E726F4C043B3F5FA6F02DD47
:106430004FF00008C2E74FF00108BFE72046FFF722
:106440009BF80646DBE701220021284601F028FEE2
:1064500000B242F2D1739842C0D1322200212046CC
:1064600001F01EFE06460FFA80F812220021204697
:1064700001F016FE16FA80F6B6B21322002120466D
:1064800001F00EFE08FA80F31E4436B2B7E704228C
:106490000021204601F004FE0FFA80F842F2D17A82
:1064A000D04514BF4FF0000A4FF0010A00F4C0407D
:1064B000B0F5005F39D04FF0000B2846FEF7F3FF30
:1064C000019042F2D17398453AD0BBF1000F18D039
:1064D00095F8233013F0040F37D028F4C0431BB2D3
:1064E000B3F57A7F01DDC3F57A73019A02FB03F3FA
:1064F000314A82FB03124FEAE378C8EB62180FFAC5
:1065000088F805220021204601F0CAFD0FFA80FB21
:1065100006220021204601F0C3FD019B02B259462C
:106520004046FFF763FE8046D0E628F4C043B3F54B
:10653000FA6F02DD4FF0000BBFE74FF0010BBCE735
:106540002046FFF723F98046DBE704220021284696
:1065500001F0A6FD00B242F2D1739842BDD13222C1
:106560000021204601F09CFD80460FFA80FB10229E
:106570000021204601F094FD18FA80F31FFA83F8F9
:1065800011220021204601F08BFD0BFA80F3984484
:106590000FFA88F8B5E7284601F0A6F9C1E6238B83
:1065A0009B1B9BB20133A382CEE6002070470020E4
:1065B000ECE60020EAE600BF1F85EB5170B504460B
:1065C00002F00BFB06460025B54207D2A3681B6804
:1065D00053F82500FFF7F2FF0135F5E794F8223074
:1065E00013F0010F05D194F8223013F0020F27D1D8
:1065F00070BD94F8223023F0010384F82230204645
:10660000FFF734FE2046FFF7CFFB002EEBD00A2227
:106610000021204601F044FD80B20028E3D00E4B5B
:106620001B688342DFD300F1005001380B4B1B681D
:1066300003EBC00253F83030516820469847D2E748
:1066400094F8223023F0020384F8223000212046FF
:1066500001F06DF9CCE700BF64ED002034F10020BB
:106660000E4B1B7803B1704710B50C4B01221A700A
:1066700002F062FA044608E094F8223023F00403A2
:1066800084F822302046FFF799FF94F8223013F067
:10669000040FF1D1014B00221A7010BD61ED0020F2
:1066A00008B500220A210068FAF792FD08BD38B546
:1066B00004460D46FDF7E4FFA268137E03F00303D2
:1066C000AB4206D0137E65F3010313762046FFF735
:1066D0009AFA38BD38B505460C46FDF7D1FFAA68D1
:1066E000537E03F00F03A34203D0537E64F30303EE
:1066F000537638BD38B505460C46FDF7C1FFAB688B
:106700001A7E64F383021A7638BD38B505460C4606
:10671000FDF7B6FFAB681A7E64F305121A7638BD32
:1067200083681BB1187E00F0030070470320704798
:1067300083681BB1587E00F00F0070470F20704730
:1067400083681BB1187EC0F381007047002070473A
:1067500083681BB1187EC0F301107047002070479A
:1067600083681BB1188A404200B27047002070470E
:1067700083681BB1588A404200B2704700207047BE
:1067800083681BB1588A404200B2704700207047AE
:106790002DE9F843064602F020FA80460024264FF1
:1067A00005E0B5F91A309F42B8BF1F460134444591
:1067B0000AD2B3681B6853F8245020492846FDF7D5
:1067C000E4FC0028EDD0F1E710220021304601F072
:1067D00067FC044611220021304601F061FC81462D
:1067E00032220021304601F05BFC0546124B9F42ED
:1067F00005D0738BA9EB030303443B441FB230461F
:10680000FEF7B2FF80466D00ADB23046FEF724FEC3
:1068100080B2241A19FA84F415FA84F418FA84F46C
:10682000A4B23046FFF7A4FF80B2201A00B2B842EB
:10683000B8BF3846BDE8F88301E0FFFF010004005F
:106840002DE9F84F04461622002101F029FCC0B2C0
:10685000012807D0A368002B5DD0188A404200B2FF
:10686000BDE8F88F13220021204601F019FC0746ED
:1068700012220021204601F013FC8346322200211F
:10688000204601F00DFC8246204602F0A6F9814622
:1068900041F6FF78002505E0B6F914309845A8BF09
:1068A000984601354D450AD2A3681B6853F8256008
:1068B0001A493046FDF769FC0028EDD0F1E741F6B2
:1068C000FF73984525D0A58A5D441AFA85F5ADB2C7
:1068D000A5EB08052DB22046FEF73CFE80464FEAA8
:1068E0004A0A1FFA8AFA2046FEF7AFFD80B23E1A26
:1068F0001BFA86F61AFA86F618FA86F6B6B220461B
:10690000FFF72EFF16FA80F000B2A842B8BF284663
:10691000A6E7034DDFE70020A2E700BF0100040067
:1069200001E0FFFF2DE9F84305461622002101F0A2
:10693000B7FBC0B2012805D1AB68002B53D0B3F927
:1069400010004EE0284602F048F980460024274F08
:1069500005E0B6F918309F42B8BF1F4601344445E0
:106960000AD2AB681B6853F8246021493046FDF712
:106970000CFC0028EDD0F1E713220021284601F09D
:106980008FFB044612220021284601F089FB814634
:1069900032220021284601F083FB0646134B9F421A
:1069A00004D02B8BE31A03443B441FB22846FEF766
:1069B000D1FD80467600B6B22846FEF746FD80B28D
:1069C000241A19FA84F416FA84F418FA84F4A4B296
:1069D0002846FFF7C5FE80B2201A00B2B842B8BF01
:1069E0003846BDE8F8830020FBE700BF01E0FFFF69
:1069F0000100040038B505460C460D4915F09AFA19
:106A000068B1836A5B421BB223800A49284615F0AD
:106A100091FA48B1806A404200B2608038BD284691
:106A2000FFF79EFE0346EFE72846FFF7A1FEF4E7D7
:106A3000A16A0108876A010870B5044615460E462A
:106A400001B9F2B12046FDF71BFEA268138A334458
:106A50001382A268538A2B44538201232A4631466B
:106A60002046FEF73BFF00220B212046FAF7B0FB41
:106A70000546012801D0284670BD2046FFF7C3F81F
:106A8000F9E70125F7E738B504460D46FFF770FE34
:106A900015FA80F212B200212046FFF7CDFF38BD73
:106AA00038B504460D46FFF75BFE15FA80F100226B
:106AB00009B22046FFF7C0FF38BD0000F0B593B023
:106AC000044615460E4601B982B1012B10D03F494C
:106AD000204615F09FF93E49204615F09BF900220B
:106AE00009212046FAF774FB012862D013B0F0BDEB
:106AF000204602F029F8074601A815F071F9019423
:106B0000344B049396B9002DF0D0384614F070FF42
:106B10002A46002140F35D0015F026FAC7282FD938
:106B2000B0F5C87F2DD94FF4C8702AE0384614F06C
:106B300047FF3246002140F35D0015F015FAC728E3
:106B400005D9B0F5C87F03D94FF4C87000E0C8205C
:106B50000C902046FFF704FE4342301A09930A9333
:106B60000B901B4B02931C4B089301AA0921204652
:106B7000FAF72EFB0128B9D101A815F07DF9C2E77B
:106B8000C8200C902046FFF7F3FD4342281A0993D2
:106B90000A930B900D4B02930F4B089301AA092106
:106BA0002046FAF715FB0128A0D101A815F064F9D9
:106BB0009CE72A4631462046FFF73EFF012895D143
:106BC00000220A212046FAF703FB8FE7876A0108B3
:106BD000A16A0108A166010887BF02082DE9F047F4
:106BE000054614461E46884601B97AB32846FFF783
:106BF00037FD2846FFF7B4FD1FFA80F91FFA88F821
:106C0000A8EB09080FFA88F816220021284601F09F
:106C100047FAC0B2012830D0B8F1000F18DD4FF0AC
:106C200000082846FFF7A4FD87B2A4B2E41B24B2F3
:106C3000002C3BDD002409EB080109B23A1912B21D
:106C400001B91AB133462846FFF738FFBDE8F0878F
:106C5000E7DA2846FFF7F4FD87B22846FFF762FE21
:106C600017FA80F31BB2002B05DB5A429045D8DAA5
:106C70000FFA82F8D5E70023F7E7B8F1000F12DB2F
:106C8000CFDD2846FFF7DCFD87B22846FFF74AFE36
:106C900017FA80F000B2002803DB4045C1DA8046D5
:106CA000BFE70020F9E74FF00008BAE7C3DA28464B
:106CB000FFF766FD1FFA80FA2846FFF769FD1AFA0A
:106CC00080F000B2002804DB43429C42B3DA1CB2DD
:106CD000B1E70020F8E7000070B504460E461546FF
:106CE000064915F097F82046FFF73AFD811B2B4621
:106CF000002209B22046FFF771FF70BDA16A0108AA
:106D000070B504460E461546064915F083F8204630
:106D1000FFF72EFD821B2B4612B200212046FFF703
:106D20005DFF70BD876A010870B5054616461C46B2
:106D30001A46FFF7D1FF224631462846FFF7E0FF0B
:106D400070BD00002DE9F04F89B081460D460491D9
:106D500017460293084601F0EBFE04461021FDF7AA
:106D60000EFA002800F0FD802046FFF7E1FC0190BC
:106D70002046FFF7EDFC0590002800F0F58005F1B6
:106D8000140B32220021204601F08AF9804610229D
:106D90000021204601F084F91FFA88F818FA80F6DD
:106DA000B6B211220021204601F07AF918FA80FAD1
:106DB0001FFA8AFAE58A3544ADB2BBF80230ED1A03
:106DC000ADB27B88ED1A2DB2BBF80620618BAAEB21
:106DD00001010A4413449AB207921BB2039320465E
:106DE000FEF73AFB83B29B1B9BB2A3EB0A031AB2DA
:106DF0000692002DC0F2C580039B002BC0F2B68026
:106E00000025059B022B00F0CC80032B00F0D780DF
:106E1000012B0BD1E38A33449BB2BBF80220ADB205
:106E20002A4492B29B1A15FA83F31DB22046FFF74B
:106E300087FC834610B1049B03F114091222002140
:106E4000204601F02DF918FA80FA1FFA8AFA132267
:106E50000021204601F024F918FA80F81FFA88F87A
:106E6000A68A5644B6B2B9F80030F61AB6B23B88D4
:106E7000F61A36B2B9F80420218BA8EB01010A44B6
:106E800013449AB21BB2002EC0F2BA80002BC0F29B
:106E9000B58000262046FEF7D8FA83B2A3EB0A039A
:106EA0009BB2A3EB08031BB2BBF1020F00F0BF8043
:106EB000BBF1030F00F0C980BBF1010F0BD1A38A16
:106EC00053449BB2B9F80020B6B2324492B29B1A36
:106ED00016FA83F31EB27149204614F09BFF8046D8
:106EE0006F49204614F096FFB8F1000F00D130B181
:106EF00000220A212046FAF76BF9012831D1019BC3
:106F000013F0010F02D1002EC0F2C080019B13F0DC
:106F1000020F02D1002E00DD0026019B13F0040FAA
:106F200002D1002DC0F2B480019B13F0080F02D1F2
:106F3000002D00DD00253B88029A002A00F0AA807F
:106F4000B2B213443B807B88029A002A00F0A480EE
:106F5000AAB213447B80029B2A4631462046FFF7A3
:106F6000ADFD09B0BDE8F08FCB460AE7002D08DD86
:106F70002046FFF705FC401B0028BFF642AF002566
:106F80003FE7039B002B01DC00253AE7079B5B42B0
:106F90001DB22046FFF7FCFBE8427FF532AF00252B
:106FA0002FE7638BA3EB0A039BB2BBF80620ADB2BD
:106FB0002A4492B29B1A15FA83F31DB236E7E38A8C
:106FC0001E44069B03EBD3735B1013FA86F6B6B22E
:106FD000BBF80630BBF802209B1A9BB20133C3F307
:106FE000C03101FA83F302EB6302ADB215FA82F20B
:106FF00092B2B61A15FA86F635B217E7002E03DC00
:10700000002B0ADC002645E72046FFF719FC801B11
:107010000028BFF63FAF00263CE7524216B220469A
:10702000FFF780FCF0427FF535AF002632E7238B77
:10703000A3EB08039BB2B9F80420B6B2324492B273
:107040009B1A16FA83F31EB245E7A28A924403EB19
:10705000D3735B1013FA8AFA1FFA8AFAB9F804306C
:10706000B9F800209B1A9BB20133C3F3C03101FA77
:1070700083F302EB6302B6B216FA82F292B2AAEB83
:10708000020A16FA8AFA0FFA8AF624E700263DE782
:10709000002549E7002254E700225AE7876A0108E1
:1070A000A16A010870B582B005460E46FFF7D8FA0E
:1070B0000023ADF80430ADF80630284601F038FD65
:1070C000044629460AE0334601AA05F11400FFF7F9
:1070D00039FE204601F02CFD21460446002CF2D159
:1070E00002B070BD2DE9F04F95B004460F4616462C
:1070F0004FF0FF3500952B4600221146384614F01C
:10710000A8FF00952B4600221146304614F0A1FF3F
:1071100010212046FDF733F8039020B12046FFF7F9
:10712000FFFA814610B915B0BDE8F08F002014F0C9
:10713000FBFC0546B9F1020F0CD14DB12846FBF717
:1071400081F9844204D0284614F0EEFC0546F4E7A9
:10715000002DE8D02046FFF713FB80462046FFF7BE
:1071600017FB04902046FFF76BFB05902046FFF7C6
:10717000D9FB06902046FFF7DBFA824610F00C0F91
:1071800021D0B9F1010F00F02781B9F1030F05D02B
:10719000B9F1020F0ED04FF0000B16E0B8F1000F5E
:1071A00002DDDDF80CB010E0049B002BF0DDDDF813
:1071B0000CB00AE02846FBF734F90C2800F00F81E8
:1071C0004FF0000B01E04FF0000B1AF0030F0AD054
:1071D000B9F1010F0CD0B9F1030F00F00381B9F13F
:1071E000020F00F00881BBF1000F9CD00023039335
:1071F00016224FF48031204600F052FFC3B20A93AA
:1072000010224FF48031204600F04AFF129003B262
:107210000C9311224FF48031204600F041FF099079
:1072200003B20B9312224FF48031204600F038FF56
:10723000119003B2109313224FF48031204600F0D6
:107240002FFF0D9003B20F9301224FF4803120469F
:1072500000F026FF08900FFA80F92046FEF7FCF8B0
:1072600005462046FEF7F1F80790BBF1000F00F04D
:10727000C980CDF83890039B0BB94FF0000921224B
:107280004FF48031204600F00BFFC0B2012840F2DD
:10729000BC801FFA85FAD044049B13FA88F31FFAC6
:1072A00083F81BB2BBF1000F00F0F880002B00F058
:1072B000F580B4F916207280B4F91A20F2800A9A87
:1072C000012A00F0AD80218B0D9A891A8AB2B18013
:1072D0000899521A92B2013232800C9AAA1A0B996A
:1072E000521ACDF84C90A2EB090202FB05F595FB72
:1072F000F3F52DB2AB46002014F092FB00EB8000BA
:107300004000EF2800F3978001239B4540F3A180C4
:10731000BDF84820AAEB02039BB2BDF824B0A3EB52
:107320000B039BB21FFA89F9A3EB09039BB2A9B225
:107330005B1A98B21BB2A8EB0A080FFA88F8B8F1EA
:10734000000F40F39F80049D05FB03F393FBF8F3CC
:10735000C31AE08A10FA83F312FA83F318B270802A
:1073600011FA83F39BB2013BF380B4F916100C9B26
:107370000B449842C0F23581B6F90610B4F91A20D0
:10738000139BD31A0B981B1A994240F3878092B231
:10739000A2EB0905ADB2A5EB0B052DB2F5800020DF
:1073A00014F03EFB00EB80004300EF2B00F35A810A
:1073B0000123ED1AB6F902309D426FDAF5880020FC
:1073C00014F02EFB00EB80004300EF2B00F35881FC
:1073D0000123ED1A758061E0DDF80CB0F5E6DDF80B
:1073E0000CB0F2E6059B002B3FF702AF069B002B8B
:1073F0003FF7FEAEF3E62846FBF713F803287FF4C9
:10740000F2AEF5E600230E9335E731224FF48031DA
:10741000204600F045FEC0B201283FF63AAF82E6B2
:10742000A28A11990A443280089911FA82F292B222
:10743000013AB28051E7002014F0F2FA00EB80002C
:1074400043005033B64A82FB0312DB17C3EBA2138F
:107450005BE7002014F0E4FA00EB80004300EF2B20
:1074600001DC012554E7002014F0DAFA00EB80007B
:1074700043005033AA4A82FB0312DB17C3EBA2136B
:107480001DB245E7E38A13447380638BA3EB0B03C0
:107490009BB2A3EB09039BB2013BF380BDF81C80B8
:1074A000059B4344069A12FA83F31FFA83F91BB231
:1074B000039A002A3FF437AE002B3FF434AE618BC1
:1074C000099A891A8AB2F9800899521A92B201323D
:1074D0007A80B4F914203A80B4F91820BA80079958
:1074E000109A8A1A0F98121A0E988346121A02FBE3
:1074F00001F595FBF3F52DB22E46002014F090FA1D
:1075000000EB80004000EF2800F3C98001239E4279
:1075100040F3D380BDF84420A8EB02039BB2BDF832
:1075200034609B1B9BB2BDF838A0A3EB0A039BB24F
:10753000ADB25B1B99B21BB2A9EB08090FFA89F92E
:10754000B9F1000F40F3D280069800FB03F393FBE0
:10755000F9F3C91A89B20A9B012B00F0E380A38AD0
:10756000194412FA81F319B2398015FA83F39BB2E8
:10757000013BBB80B4F91400109B03449942C0F254
:107580005D81B7F90410B4F91820A2EB0B030F9832
:107590001B1A99427FF7C7AD94B2A4EB0A04A4B2B8
:1075A000A41B24B2BC80002014F03AFA00EB800047
:1075B0004300EF2B00F37C810123E41AB7F900307C
:1075C0009C42BFF6B0ADBC88002014F029FA00EB55
:1075D00080004300EF2B00F379810123E41A3C8003
:1075E000A1E512FA81F10FFA81F8A6F802800020D5
:1075F00014F016FA00EB80004300EF2B15DC01239A
:107600009844B6F9063098457FF7B6AEB6F80280D2
:10761000002014F005FA00EB80004300EF2B12DC91
:1076200001239844A6F80680A6E6002014F0F8F995
:1076300000EB800043005033394A82FB0312DB1712
:10764000C3EBA213DCE7002014F0EAF900EB8000A2
:1076500043005033324A82FB0312DB17C3EBA21301
:107660009BB2DEE7002014F0DBF900EB8000430062
:1076700050332B4A82FB0312DB17C3EBA21398E6AD
:10768000002014F0CDF900EB800043005033244A71
:1076900082FB0312DB17C3EBA2139BB299E6002017
:1076A00014F0BEF900EB8000430050331C4A82FB0B
:1076B0000312DB17C3EBA21329E7002014F0B0F983
:1076C00000EB80004300EF2B01DC012522E70020C6
:1076D00014F0A6F900EB800043005033104A82FBFF
:1076E0000312DD17C5EBA2152DB213E70A9B012B80
:1076F0000BD0A38A13443B80238B9B1B9BB2A3EB31
:107700000A039BB2013BBB800DE5A38A13441AFA1E
:1077100083F39BB2013B3B80238B9B1BBB8002E529
:1077200067666666A38A0B4412FA83F31AFA83F338
:1077300019B2398015FA83F39BB2013BBB80B4F9CF
:107740001400109B03445B44994228DBB7F90410F2
:10775000B4F918300F9A9A1A91427FF7E4AC9CB2B0
:10776000A41B24B2BC80002014F05AF900EB800066
:107770004300EF2B4BDC0123E41AB7F900309C42A5
:10778000BFF6D1ACBC88002014F04AF90A2300FBF4
:1077900003F3EF2B46DC0123E41A3C80C3E412FA26
:1077A00080F51AFA85F52DB23D80002014F038F9E5
:1077B00000EB80004300EF2B12DC01231D44B7F9DE
:1077C00004309D42C2DD3D88002014F029F90A23CF
:1077D00000FB03F3EF2B0EDC01231D44BD80B5E756
:1077E000002014F01DF90A2202FB00F35033A022FE
:1077F00093FBF2F3E2E7002014F012F90A2202FBF5
:1078000000F35033A02293FBF2F39BB2E5E7002094
:1078100014F006F90A2202FB00F35033A02293FB76
:10782000F2F3A9E7002014F0FBF80A2202FB00F3B0
:107830005033A02293FBF2F39BB2ADE712FA80F033
:1078400005B23D80002014F0EBF800EB800043000F
:10785000EF2B13DC01231D44B7F904309D427FF761
:1078600090AE3D88002014F0DBF800EB8000430070
:10787000EF2B11DC01231D44BD8082E6002014F0B3
:10788000CFF800EB800043005033164A82FB03120E
:10789000DB17C3EBA213DEE7002014F0C1F80A22C5
:1078A00002FB00F35033A02293FBF2F39BB2E2E71A
:1078B000002014F0B5F800EB800043005033094A73
:1078C00082FB0312DB17C3EBA21376E6002014F051
:1078D000A7F80A2202FB00F35033A02293FBF2F335
:1078E0009BB27BE66766666610B584B004466A465E
:1078F00002A9FFF7F7FB02A814F0BEFB18B968460F
:1079000014F0BAFB38B102A814F0B6FB28B96846E7
:1079100014F0B2FB30B904B010BD02A92046FEF746
:107920004AF9F4E769462046FEF745F9F3E7F8B56A
:1079300004460D46FEF70CFF20B12046FEF700FF7F
:10794000B0B1F8BD2046FEF71BFF06462046FEF705
:107950001FFF031EF1DA002EEFDD5B429E42A8BF3F
:107960001E462B4632B200212046FFF7A7F8E4E777
:107970002046FEF765FF07462046FEF7D3FF064682
:1079800016220021204600F08BFBC0B201280ED049
:10799000002ED6DA002FD4DD7642BE42A8BF3E4686
:1079A0002B46002231B22046FFF788F8C9E7002FA6
:1079B000C7DA002EC5DD2B46002239462046FFF7E8
:1079C0007DF8BEE783B2C0F3072040EA03208BB204
:1079D000C1F3072141EA032104320B0413FA81F1B8
:1079E0000A4B19404FEA004C1CFA80F01840401A2C
:1079F000D20800FB02F201EB5211194041EA114199
:107A000088B2C1F3072141EA002070471FF8E00760
:107A10002DE9F0470646894692469846274815F0D4
:107A20009FFA0446002707E0A388534532D04FF65B
:107A3000FF739A4530D02C46002C3CD044453AD0B8
:107A400021461E4815F094FA05462068B042F2D14E
:107A5000A3684B45E8D0B9F5702FECD1E4E7A188D5
:107A6000105816F03FFC0137738CC3F30513BB426B
:107A700014D9F268F80002EBC703D97911F0020FAC
:107A8000F1D0B9F5702FEAD05B68C3F317034B450B
:107A9000E9D1E4E70027E7E70027E5E700212046F2
:107AA00014F0B8F92146054815F098FA204615F06B
:107AB0008BFC0127BFE73846BDE8F08738F100208E
:107AC000F8B5074601F089F805460024AC4213D208
:107AD000BB681B6853F824603046FEF794F8002218
:107AE0002A213046F9F774FB3046FEF78CF8304611
:107AF000FFF7E6FF0134E9E7F8BD00002DE9F041AA
:107B000084B004460D46002300E00133628CC2F3CA
:107B100005129A420ED9E168DE0001EBC302D0796A
:107B200010F0010FF1D05268C2F31702AA42ECD153
:107B3000885953E0013202F03F02638C62F309136B
:107B40006384D100E06815F05BFCE060B0B1668C46
:107B5000C6F30516013EFEB1E26806F10053013B93
:107B600002EBC303D97911F0030F15D102EBC60262
:107B700093E8030082E80300013EECE7194B02930F
:107B8000194B0193194B0093194B4FF40A72194981
:107B9000032015F099FAFEE7E068F700082100EBF2
:107BA000C60015F0F9FDD4F80C80082015F0EEFBA6
:107BB00048F83600E36853F8360016F0F2FAE36846
:107BC0003B44DA7942F00102DA71E3683B445A68D7
:107BD00065F317025A60E36853F8360004B0BDE855
:107BE000F08100BFFC2D04080C320408302E04087C
:107BF000BC600408B031040870B504460D4600218D
:107C000000E00131628CC2F305128A420BD9E368AD
:107C100003EBC103D87910F0020FF2D05B68C3F315
:107C20001703AB42EDD18A4203D0E06800EBC100FC
:107C300070BD013202F03F02638C62F3091363846A
:107C4000D100E06815F0DCFBE060668CC6F3051639
:107C5000013E0CE0E26806F10053013B02EBC30376
:107C600002EBC60293E8030082E80300013E002E07
:107C7000F0D10821E06815F08FFDE668082015F0C6
:107C800085FB3060E368186816F08BFAE268D379F8
:107C900043F00203D371E3685A6865F317025A6030
:107CA000E068C5E708B51421014815F00FF908BDD3
:107CB00038F10020014B1870704700BF55000020BC
:107CC00070B54FF0000C01E00CF1010CB0F822E0AF
:107CD000CEF3051EE64513D9C4684FEACC0604EB83
:107CE000CC0E9EF8075015F0010FEDD0DEF80450D1
:107CF000C5F317059D42E7D1A05916F05BFC00E0E3
:107D0000002070BD80B270472DE9F04782B0064672
:107D1000884617460025A94610E04FF0030948465B
:107D200002B0BDE8F08701AA6A21204616F042FCA5
:107D3000002800F0B3804FF002090135738CC3F3C3
:107D40000513AB42EBD9F4684FEAC50A04EBC5034F
:107D5000DA7912F0020FF0D1586820F07F40FFF777
:107D6000D1FF30EA08030CBF01220022B8430CBF48
:107D7000012300239A42E0D054F80A4001AA1021BE
:107D8000204616F017FC0028C7D101AA1121204671
:107D900016F010FC0028C0D101AA1221204616F0CE
:107DA00009FC0028B9D101AA1321204616F002FCD3
:107DB0000028B2D101AA1521204616F0FBFB0028AD
:107DC000ABD101AA1421204616F0F4FB0028A4D15F
:107DD00001AA0A21204616F0EDFB00289DD101AA38
:107DE0006B21204616F0E6FB002896D101AA6C21F3
:107DF000204616F0DFFB00288FD101AA0121204682
:107E000016F0D8FB002888D101AA0421204616F0DC
:107E1000D1FB002881D101AA0221204616F0CAFB1D
:107E200000287FF47AAF01AA0321204616F0C2FB96
:107E300000287FF472AF01AA0521204616F0BAFB94
:107E400000287FF46AAF01AA0621204616F0B2FB93
:107E500000287FF462AF01AA3221204616F0AAFB67
:107E600000287FF45AAF01AA6E21204616F0A2FB2B
:107E700000287FF452AF01AA6D21204616F09AFB2C
:107E800000287FF44AAF01AA6921204616F092FB30
:107E900000283FF448AF4FF002094EE701AA6E21D7
:107EA000204616F087FB10B14FF0020945E701AA02
:107EB0006D21204616F07EFB10B14FF002093CE721
:107EC00001AA3721204616F075FB10B14FF00209C8
:107ED00033E701AA3821204616F06CFB10B14FF0B1
:107EE00002092AE701AA3521204616F063FB10B1EA
:107EF0004FF0020921E701AA4021204616F05AFB63
:107F000010B14FF0020918E701AA4521204616F0EA
:107F100051FB10B14FF002090FE701AA41212046A1
:107F200016F048FB10B14FF0020906E701AA422102
:107F3000204616F03FFB10B14FF00209FDE601AA02
:107F40004321204616F036FB10B14FF00209F4E64B
:107F500001AA4921204616F02DFB30B9B9F1000FD6
:107F60007FF4EBAE4FF00109E7E64FF00209E4E6DB
:107F700000F47F0070472DE9F04F87B005468A4630
:107F800001920293104616F01EFB4FF0010909FA08
:107F900000F95FFA89F92B8C03936FEA030B1FFA40
:107FA0008BFB95F82280C8F3C008002404E0059BF1
:107FB000029A13606FE001346B8CC3F30513A34284
:107FC0001FD9EE68E70006EBC403DA7912F0020F5E
:107FD00055D0B8F1000FEED1586820F07F40FFF780
:107FE000C7FF5045E7D1F059837913EA090FE2D072
:107FF00005AA019916F0DEFA0128D8D00228DAD1B4
:1080000049E04FF0FF330093A84607E0039BB342DB
:1080100031D0059B029A136000960134B8F82230E3
:10802000C3F30513A3422FD9D8F80C3003EBC402D5
:1080300053F83450AB7913EA090FEED05668C6F303
:1080400017063046FFF794FF07463046FFF75AFE03
:108050000646BA45E1D11BEA000FDED1009B9842EB
:10806000DBDD05AA0199284616F0A4FA0128CDD037
:108070000228D2D10FE0059B029A13600BE04FF06B
:10808000FF330093A846C9E7009B002B06DB059B46
:10809000029A1360012007B0BDE8F08F0020FAE7D4
:1080A0002DE9F04182B005460E461746104616F0FF
:1080B00039FB00F00108002403E0284600F038FDF9
:1080C00005468DB101AB3A4631462846FFF753FFCE
:1080D0000446012808D0B8F1000F05D00228ECD0E2
:1080E000002EEAD00026ECE7012C08D01EB9012FA3
:1080F00009D0042F07D0384616F082F90190019874
:1081000002B0BDE8F0812B6803E0B3F914203AB95E
:108110001B682BB1012FF8D0B3F91620002AF7D035
:1081200043B1012F03D0B3F916300193E7E7B3F958
:108130001430FAE700230193E1E710B504466E22FC
:108140000021FFF7ADFF00B2F0B96D2200212046FB
:10815000FFF7A6FF00B2B0F5807F01D0022014E047
:10816000612200212046FFF79BFFC0B2FF2801D00B
:1081700001200AE0682200212046FFF791FF10F05D
:10818000FF0002D0012000E0022010BD2DE9F04FD9
:1081900097B004460F4692469946209E90F82230AA
:1081A00043F0080380F8223002843289FFF778FF19
:1081B0000546A4F82090328939462046FFF770FF23
:1081C000804694F8223023F0080384F82230834656
:1081D000854247D0A4F820A0328939462046FFF7CF
:1081E0005FFF0546A4F8209039462046FFF704FDBE
:1081F0002A463189006816F08DFA33890B2B33D06B
:10820000364814F06BFE8146002859D0C560C0F88E
:108210001080046033898380876005A813F0E0FD37
:10822000CDF814902E4B06932E4B07932E4B0893AC
:1082300000230D930E93FF220F92328810927288C2
:1082400052421192F2680C929DF8562063F300029C
:108250008DF8562033690B9305A813F00DFE17B067
:10826000BDE8F08FB6D1FAE7AA4647F6FF739D4204
:1082700001D09B45C4D12046FDF7E7F800EBD07054
:1082800040F34F092046FDF7E7F800EBD07040F3CC
:108290004F0047F6FF739A4509D047F6FF739B4599
:1082A000AED181450ADA09F101008046A8E781458F
:1082B00002DA09F10105F0E7451CEEE70130F4E7C9
:1082C0000A4B02930A4B01930A4B00930A4B40F26C
:1082D00063120A49032014F0F7FEFEE738F100208C
:1082E000258601088D890108E1880108FC2D040814
:1082F00098300408302E04089C600408B03104084B
:10830000F8B51446C0B10D4606466222FFF7C8FE16
:10831000074678B103686BB1632229463046FFF700
:10832000BFFE10F0FF0205D03B6821463846984753
:1083300060F30F042046F8BD1046FCE7484B1B785D
:1083400003B970472DE9F04705460E461446FDF780
:108350005AFC3046FFF70CFE0646204616F0E2F9BE
:1083600000F00407204616F0DDF900F00208204670
:1083700016F0D8F900F00109204616F0D3F900F004
:10838000100A5FB1B6F5702F00D0D6BB00222A21AB
:108390002846F8F71DFF2846FCF798FFB6F5702F22
:1083A00000D056B94FF6FF739C4200D02FB128463B
:1083B00000F0BEFB08B1FCF789FFB6F5702F00D0C6
:1083C00016B9BAF1000F31D14FF6FF739C4202D0BB
:1083D000B8F1000F02D02846FCF728FE2846FDF72A
:1083E00012FC4FF6FF739C4206D0B9F1000F06D085
:1083F000B8F1000F00D117B1B6F5803F2CD1BDE820
:10840000F087042200212846FFF74AFE00B242F21C
:10841000D1739842BAD0012200212846FFF740FECE
:1084200000B242F2D1739842B8D1AFE72846FFF7C5
:1084300084FE8246AB6823B19A7E60F387129A76F7
:10844000C2E70028C0D02846FCF71AF9AB689A7E2C
:108450006AF387129A76B7E72846FFF731FBCEE733
:10846000550000202DE9F0410546884617460023B7
:108470004FF6FF723946FFF7CBFA002600E00136CF
:10848000698CC1F30511B14209D9EB6803EBC6034E
:10849000DB7913F0020FF2D113F0010FEFD10131AC
:1084A00001F03F016B8C61F309136B84C900E8682C
:1084B00014F0A6FFE8606A8CC2F30512013A0CE0E2
:1084C000EC6802F10053013B04EBC30304EBC20C64
:1084D00093E803008CE80300013A9642F0D3E86881
:1084E000F400082100EBC60015F056F9EB6843F8DC
:1084F0003680EB6823445A6867F317025A604FF6D8
:10850000FF7239462846FFF719FFBDE8F081F8B53C
:1085100005460C46002200E00132638CC3F30513CC
:1085200093420CD925B1E36853F83230AB42F3D112
:108530004FF6FF724FF470212046FFF7FFFE2046F2
:1085400000F04BFB07460026BE4208D2A3681B681A
:1085500053F826102846FFF7DAFF0136F4E7F8BD96
:108560000E4B1B7803B9704770B50646002013F018
:108570006DFA05460DE0EB6853F824103046FFF71E
:10858000C6FF01346B6AA342F5D8284613F05EFAA1
:1085900005460DB10024F5E770BD00BF5500002071
:1085A000F8B506460D4617461C461946FFF7A6FACB
:1085B0003A46294616F0AEF82A4621463046FFF7DD
:1085C000BDFEF8BDF8B504460E4615464FF0000E48
:1085D00001E00EF1010EB4F822C0CCF3051CF44505
:1085E0000BD9E36803EBCE03DA7912F0010FF0D078
:1085F0005B68C3F31703AB42EBD1F4450FD0E368DC
:10860000314653F83E0015F06DFE074608B938466E
:10861000F8BD324629462046FFF790FEF7E70027CF
:10862000F5E700002DE9F04383B004460568002318
:1086300000E00133B5F822C0CCF3051C9C4540F2A4
:10864000A580EE68DF0006EBC30090F807C01CF0C1
:10865000020FEED04068C0F31700A2689042E8D144
:10866000B4F80480B8F1680F74D8B8F1570F0ED37E
:10867000A8F15703112B6DD8DFE803F0456C6C6C43
:108680006C6C6C6C6C6C6C4D6C6C6C6C451AB8F1F1
:10869000360F1DD8B8F1200F5CD3A8F1200292B29A
:1086A000012393403F4A1A4002BB13F4C01F51D02C
:1086B000FE2925DCD4F80C9001AA4146F05915F0AA
:1086C00079FF00285AD0019B994554D0012656E0E5
:1086D000B8F1550F3ED8B8F1440F3BD3A8F144028E
:1086E00092B2314BD34013F0010F33D0002921DD7A
:1086F000FE2925DD238A4FF0000963F30F09DBE72C
:10870000D4F81090D8E7FE2902DCD4F80C90D3E717
:10871000D4F81090D0E7E3682BB1226932B17F29F9
:1087200006DC9946C8E7D4F81090C5E79946C3E738
:108730009146C1E7A3894FF0000963F30F09BBE736
:10874000CAB2A189208AFFF73DF94FF0000960F312
:108750000F09B1E711B9D4F80C90ADE7FF2907D0A4
:10876000E26823699B1A01FB03F302EB2329A3E7C9
:10877000D4F81090A0E70CD0012600E00126EB68A9
:108780004A46A188D85915F0C5FF26B903B0BDE8FF
:10879000F0830026F3E7A288A1682068FFF7CEFDEA
:1087A000F4E700BF05004100090002002DE9F04F89
:1087B00085B004460E46019115461046FFF7A2FA11
:1087C00081462846FFF7D4FB834646B1F37953B17F
:1087D0004FF6FF730393002302931D460DE04FF6FF
:1087E000FF730393F7E700230393F4E7019A32B38F
:1087F00057F80A30934222D00135638CC3F3051336
:10880000AB425FD9E7684FEAC50A07EBC508D8F85D
:108810000460C6F317063046FFF774FA009030463E
:10882000FFF7A6FB4FF6FF73994502D0009B9945D1
:10883000E2D1BBF5702FD9D08345D7D0DCE798F8CB
:10884000073013F0020F08D1E36803EB0A02D27974
:1088500012F0030F09D12A461FE000234FF6FF72E2
:1088600059462046FFF7D4F8EEE753F80A0015F012
:108870009DFCE36853F80A0014F0A6FDE3680022AB
:1088800043F80A20E7E7E368561C03EBC60103EB55
:10889000C20303C983E803003246618CC1F30511AA
:1088A0004B1E9342EFD83F3101F03F01638C61F3DF
:1088B00009136384C900E06814F0A2FDE06001239D
:1088C00002939AE7029B0BB1039B13B905B0BDE875
:1088D000F08F1A4659462046FFF730FDF6E70000B4
:1088E0002DE9F04104682568A688274814F034FB78
:1088F000014603E0244814F037FB014679B1A14258
:10890000F8D00A6823689A42F4D18A68A3689A4228
:10891000F0D18A88A3889A42ECD1012300E0002399
:1089200013B1BDE8F08101336A8CC2F305129A429B
:10893000F7D9EA68DF0002EBC302D17911F0020F28
:10894000F1D05268C2F31702A1688A42EBD12146E6
:108950000D4814F043FB204614F036FDEC6804EBA0
:1089600007083146E05915F0BDFCEB68D85915F001
:1089700025FE0028D5D0D8F8042022F07F42E15906
:108980002846FFF713FFCCE738F1002070B50468E4
:10899000A068FFF7EDFA0546A28801462068FFF7B8
:1089A0007FFBE060A6880023A38023463246294649
:1089B0002068FFF72DF8A680A1682068FFF71CF952
:1089C000E268A188006815F0A5FE70BD70B5054687
:1089D0000E465B22FFF764FBC4B2162231462846DE
:1089E000FFF75EFB04B90124204670BD70B5044654
:1089F0000E466022FFF754FBC3B2022B28D9FC2B92
:108A000009D8C3EB0320C0F3072556B9204600F070
:108A10008FF8044605E0FF25F7E7204600F088F8C8
:108A200004467CB1602200212046FFF739FBC3B227
:108A3000022B10D9FC2BF0D8184605FB00F0C0F330
:108A40000725EAE7022D08D9FC2D02D9FF2500E011
:108A50000025284670BD0025FBE70025F9E708B58D
:108A600013460A460121FFF79BFD08BD08B51346D2
:108A70000A460221FFF794FD08BD08B513460A46D1
:108A80000421FFF78DFD08BD08B513460A460721EE
:108A9000FFF786FD08BD08B513460A460821FFF713
:108AA0007FFD08BD08B513460A460921FFF778FD8A
:108AB00008BD08B513460A461021FFF771FD08BD31
:108AC00008B513468AB22021FFF76AFD08BD08B534
:108AD00013460A462121FFF763FD08BD08B513467A
:108AE0000A463221FFF75CFD08BD08B513460A4669
:108AF0005721FFF755FD08BD08B513460A460B215F
:108B0000FFF74EFD08BD08B513460A466021FFF782
:108B100047FD08BD08B513460A460A21FFF740FD88
:108B200008BD08B513460A461621FFF739FD08BDF2
:108B300008B140687047704710B50446FFF7F8FF6A
:108B40000028FAD1204610BD30B583B005464368F1
:108B500013B1FFF7F1FF0546114814F0FDF9044683
:108B60009CB1002300E00133626A9A4207D9E268AF
:108B700052F82320AA42F6D1204603B030BD214648
:108B8000074814F0F1F90446EAE7064B0093064B58
:108B900040F219120549022014F096FAECE700BFE2
:108BA00080F100207C320408CC60040820320408E4
:108BB000806888B1002907DB0B4642689A420AD9CF
:108BC000036853F821007047436819440B46002995
:108BD000F3DA002070470020704783680BB15868B3
:108BE00070470020704770B50646FFF7A1FF90B1AF
:108BF000054600242846FFF7F0FFA04207D921468A
:108C00002846FFF7D5FF864203D00134F2E74FF044
:108C1000FF34204670BD0024FBE770B505460022F6
:108C20002121F8F7D5FA00287FD095F8233043F0BA
:108C3000100385F8233000212846FFF7B9FF30B133
:108C4000FFF7EBFF00212846FFF7B2FFF7E72846C2
:108C5000FBF7A9FA0646002012F066FF04460DE075
:108C600029462046F9F756FB636BAB420ED0636D85
:108C7000B3420ED0204612F057FF044694B1A36AC7
:108C8000AB42EDD0E36AAB42EED1E9E70023636388
:108C9000EDE7F9F7FDFB8542ECD129462046F9F7CF
:108CA00039FBE7E72846FBF7C7FD6B6883B1284629
:108CB000FFF799FF6B689A685368013B834228D994
:108CC0001268431C52F8231042F820101846F1E7AE
:108CD0002846FFF739FF04460023626A9A420DD9FD
:108CE000E26852F82320AA4208D00133F5E7E16890
:108CF0005A1C51F8220041F823001346616A0139D9
:108D00009942F4D861628900E06814F079FBE06070
:108D100008E053606B689C6861688900206814F003
:108D20006FFB2060284614F04FFB70BDF0B583B098
:108D30000446FCF768FF2046FFF7FAFE0546A8B197
:108D4000002637462046FFF768FF65B12846FEF744
:108D5000CBFD002222212846F8F73AFA00222421EE
:108D60002846F8F735FA76B903B0F0BD2046FFF78C
:108D7000EBFE07460028F7D00369A34201D0002686
:108D8000E0E70126DEE7054B0093054B4822054945
:108D9000022014F099F900233B61E5E78C320408C6
:108DA000F060040820320408F0B583B043686BB16A
:108DB00006460F4699B1FCF726FF3846FBF760FCE4
:108DC00075683046FFF70FFF044619E0344B0093F7
:108DD000344B85223449022014F076F956E0334BA7
:108DE0000093304B8A223049022014F06DF94DE097
:108DF000AB681A68631C52F8231042F824101C4612
:108E00002846FFF7EAFE0138A042F1DCAA68536861
:108E1000013B5360AC686168002939D08900206843
:108E200014F0EEFA2060BA68536801335360BC68EE
:108E300061688900206814F0E3FA2060BB681C6850
:108E40003846FFF7CAFE00F18040013844F8206040
:108E500077602846FEF748FD324622212846F8F77B
:108E6000B7F9002224212846F8F7B2F93246222128
:108E70003846F8F7ADF9002223213846F8F7A8F96B
:108E80003046FCF723FA3046FCF7BDFE03B0F0BDD8
:108E9000206814F099FAAB6800221A60C3E700BF9B
:108EA000AC320408DC60040820320408D032040824
:108EB000F8B507460D1E11DB3846FFF794FE044651
:108EC0003846FFF735FE0646002D25DBFFF785FE09
:108ED000A84221DDA5421FD010DB26E0FFF728FEC7
:108EE000FFF77BFE0544E7E7B3681A6804F18043A7
:108EF000013B52F8233042F82430013CA542F3DB19
:108F0000B3681B6843F82570002222213046F8F729
:108F10005FF93046FCF777FEF8BDB3681A68631C4A
:108F200052F8231042F824101C46A542F5DCE7E76E
:108F300010B58B88B1F800C0A3EB0C039BB20133D2
:108F40001BB2B1F806C0B1F802E0ACEB0E0C1FFA90
:108F50008CFC0CF1010C0FFA8CFC0CFB03F3013BB5
:108F60004FF0000C0AE032F813E032F81C4022F80F
:108F7000134022F81CE0013B0CF1010C6345F2D8D0
:108F8000B1F906204388B1F802C0A3EB0C039BB2F1
:108F9000013BCB8043889B1A9BB2013B4B80B1F9CC
:108FA00004200388B1F800C0A3EB0C039BB2013B83
:108FB0008B8003889B1A9BB2013B0B8010BD2DE96F
:108FC000F041044608461146069D02FB00F808F1F0
:108FD000FF38471E02FB07F7002611E0AEEB010E3B
:108FE0000CF1010C0FFA8CFC844507DA33F8022BE4
:108FF00025F81E20002CF1D08E44F1E7013636B260
:109000008E4207DA06EB070E0CB1A8EB0E0E4FF0FE
:10901000000CE9E7BDE8F0812DE9F04100244CE0C7
:1090200001FB045601FB05C501FB0C3C01FB03439E
:1090300032F8167032F8158022F8168032F81C606B
:1090400022F8156032F8135022F81C5022F81370E1
:109050000EF1010E0FFA8EFE75464B1C03EBD37317
:10906000BEEB630F27DA8BB2A3EB040C0CF1FF3CD1
:109070000FFA8CFC1FFA8EFEA3EB0E03013B1BB212
:109080000028CDD001FB045701FB034601FB0C3344
:1090900001FB05CC32F8175032F8168022F8178001
:1090A00032F8137022F8167032F81C6022F8136040
:1090B00022F81C50CCE7013424B201EBD173B4EB9D
:1090C000630F02DA4FF0000EC6E7BDE8F08110B57D
:1090D00082B00C88B0F808E07444ADF800404C88C9
:1090E000B0F80AC06444ADF802408C88A644ADF8DC
:1090F00004E0C9888C44ADF806C0436969469847C6
:1091000002B010BD70B582B006460C460022143184
:1091100013F012F968B301212046FBF730F858BB71
:109120002046FBF7B5FF48BB00238DF800300196C1
:109130006A4612212046F8F74BF89DF80030022BC2
:109140001ED02046FFF749FD451E002000E0013DEE
:10915000002D08DBA3681B6853F825103046FFF785
:10916000D1FF0028F3D028B99DF8003013B920466C
:1091700000E0002002B070BD0020FBE70020F9E70E
:109180000020F7E770B584B00368DB68DB68B3FBE9
:10919000F1F115468A4200DB0D461B4B1B681B682C
:1091A0009B691BB30023ADF80830ADF80C30ADF867
:1091B0000A302CB22646013C24B2ADF80E40124BC8
:1091C0001B681868836902A99847BDF90E2093B2FD
:1091D000BDF80A105B1A9BB201331BB2AB4202DD31
:1091E000002CE7DC2646002E03DD551C284604B083
:1091F00070BD064B0093064B40F2334205490220F6
:1092000013F062FF0020F2E768ED002050330408FD
:109210001C610408F83204082DE9F0418AB0804648
:109220000F4614461E460846FBF7F9FE054608A9F8
:109230003846FCF7B7F82A46294608A812F02AFF54
:10924000022C0FD0012C3BD108AAD8F8081006A890
:1092500012F03EFF00283DD006AB03CB30607160BA
:10926000204637E004AC0AAB13E9030084E80300AE
:1092700000231A4621463846FCF797FB2246D8F8C9
:10928000081002A812F024FF08B9002022E006AC62
:1092900002AB93E8030084E8030001230022214687
:1092A0003846FCF782FB08AA2146204612F010FF40
:1092B0000028EAD0234603CB30607160012009E02A
:1092C000064B0093064B4FF468720649022013F0D8
:1092D000FBFE00200AB0BDE8F08100BFAC330408FB
:1092E0004C610408F8320408F0B583B00D4614460A
:1092F00013F0010F0DD10022B4F90E10B4F90630AD
:10930000994200DDE3812146284602F07DF803B052
:10931000F0BD064602F10807002200F114013846AC
:1093200013F00AF838B96389228A13449BB2013BCF
:10933000E3810122E0E700238DF8003001976A46BF
:1093400012213046F7F744FF9DF80030002BEAD198
:109350000022D1E72DE9F04383B0002551E001342C
:10936000304B1B68B3F85021A24249D91A1992F820
:109370003021002AF3D1AC42F1D0A81DA11D03EB8E
:10938000C10103EBC00012F0B5FF0028E7D0DFF801
:109390009480D8F80030A91DCE00A21D4FEAC20962
:1093A00003EBC20203EBC101684612F0BEFE684641
:1093B00012F062FE0746D8F80000304412F05CFE5E
:1093C0000646D8F80000484412F056FE0644B7425C
:1093D000C5D2D8F80020BDF90010AB1D22F833101B
:1093E000BDF9021002EBC3035980BDF90410998046
:1093F000BDF90610D9802244012382F83031AEE74E
:109400000135084B1B68B3F85021AA4206D92B44FA
:1094100093F83031002BF3D10024A1E703B0BDE86D
:10942000F08300BF68ED00204F4B186803681A7C7A
:1094300012F0010F00F09680DB685B68002B00F0F3
:1094400091802DE9F04F8DB000F5AC7013F02EFE39
:10945000002840F08480444B18680368DB68D3F828
:1094600008B0D3F800A0DA450AD012F0A9FA814674
:109470002022002104A821F05FFA4FF000083AE012
:10948000D3F804A0F1E7384B1868294600F5AC7012
:1094900013F071FD02460CAB03EBC403203B03CB7E
:1094A00010605160013464B2B442ECDB2E4B18689A
:1094B000294600F5AC7013F091FD284613F084FFA7
:1094C0003D46B5B1284C2068294600F5AC7013F034
:1094D0004BFD0746236808F1060203EBC20229464A
:1094E00004A812F07EFF0646B0F1FF3FE8D000244A
:1094F000DAE708F101081C4B1868B0F85031434511
:109500000BD900EB080393F83031002BF1D100F5B3
:10951000AC7013F021FD0546D3E700F5AC7013F0F5
:109520001BFD0446ACB1104D2B681B68D86B866BD5
:109530000294CDF80490CDF800A023464A4659463F
:10954000B0472868214600F5AC7013F00DFD0446C5
:10955000E8E7054B186800F5AC7013F081FD0DB01D
:10956000BDE8F08F704700BF68ED00202DE9F04F97
:109570008BB080460F468A4B18680468237C13F032
:10958000020F02D013F0040F0AD103F03003202B96
:1095900010D0102B19D0302B17D00BB0BDE8F08FA6
:1095A000804B0093804B40F29E428049032013F091
:1095B0008BFDF2E73A4641462046FFF7B9FC3A46B2
:1095C00041462046FFF783FDE7E712F04DFA0546D6
:1095D000B8F80410B8F9002093B2C91A89B2013161
:1095E00088B2089009B2B8F806C0B8F9020009902C
:1095F0001FFA80FEACEB0E0C1FFA8CFC0CF1010C78
:109600000FFA8CFA4FF4A050B0FBF1F05045A8BF10
:1096100050460690207C00F0300010280ED0A8F8AC
:109620000220089A13449BB2013BA8F8063000269A
:109630000396CDF81CE00491BB4662E06288D31A21
:109640009BB2013B9AB2A8F80630089BD31A9BB292
:109650000133A8F80230EAE7207C00F030005A46D7
:109660001946302814BF00200120FFF7D5FC237CC9
:1096700003F03003102B0ED02288079BD21A013A38
:1096800093B2A8F80420089A9B1A9BB20133A8F859
:109690000030049F6BE0099BA8F80030079B089AF4
:1096A00013449BB2013BA8F80430049F5FE04FF4E1
:1096B000205013F0D3FE039037E0079B3344A8F803
:1096C000003019FA83F39BB2013BA8F804304EE056
:1096D00000236B61039A5AB141462046FFF7F7FC1D
:1096E0002B693BB1A36A002BFAD020469847F7E7D5
:1096F0005A46F1E7049B09FB03F90BEB490B37448E
:109700003EB2564543DA0596AAEB0609069B9945F3
:10971000A8BF99460FFA89F701232B6116B9049B5C
:109720009A4599DA039B002BC1D0207C00F03000D1
:10973000039B00935B463A460499302814BF0020EF
:109740000120FFF73CFC237C03F03003102BB4D046
:109750002388079A9B1A9BB29B1B013B9AB2A8F8DD
:109760000430A2EB09039BB20133A8F80030B946DC
:10977000059B3B449A45ABDCAB6913F0010FA7D0C6
:10978000AB6913F0020FA3D001236B61A2E7039B27
:10979000002B3FF402AF184613F0FAFEFDE600BFBF
:1097A00068ED0020D0330408FC600408F832040897
:1097B000F8B505462E4B186812F056F904462B688A
:1097C000DE6B736B0BB130469847E168284B1B6822
:1097D0001A68B2F90030B2F9022002FB03F32268E2
:1097E0006AB162685AB1994209D023693BB1204BF2
:1097F0001B681868836A002BF7D09847F5E70123A8
:1098000023611B4B1B681B68DB689A6912F0010F10
:1098100006D09B6913F0020F02D00123636101E0BF
:109820000023636167692868436953B1037C13F0BF
:10983000300F02D013F0040F12D132687168FFF7B5
:1098400046FC23685BB162684AB12968097C11F063
:10985000010F00D01FB1A1688B4206D0A360F8BDF4
:1098600031687068FFF782FEEBE7A260F7E700BFA0
:1098700068ED002070472DE9F04387B006460D469D
:10988000D0F8088002A92846FBF78CFD2846FBF794
:10989000C6FB0146024602A812F0FCFB02AA4146A2
:1098A00004A812F015FC30B94FF400212846FAF74D
:1098B00066FC814690B104ABB36032461421284661
:1098C000F7F786FC324615212846F7F781FC324629
:1098D00016212846F7F77CFC4FF001094FF40021D0
:1098E0002846FAF74CFC68B16B46D8F80000D8F867
:1098F000041003C3C6F808D02846FFF76EF90746E0
:1099000000240FE005F114024146684612F0E0FB26
:1099100050B1EFE7AB681B6853F82410304600F0F5
:109920001DF80134BC42F5D3B9F1000F04D1C6F8DB
:10993000088007B0BDE8F08304ABB360324617215E
:109940002846F7F745FC324618212846F7F740FC31
:10995000324619212846F7F73BFCE8E72DE9F043AA
:109960008DB005460C4601212046FAF708FC10B1DF
:109970000DB0BDE8F0832046FBF78AFB064620B910
:1099800021462846FFF777FFF2E7612200212046B3
:10999000FEF786FB5FFA80F8B8F1010FE8D904AB57
:1099A000324621462846FFF737FC07460128DFD11B
:1099B000002204F1140104A812F0BEFC002871D1A9
:1099C000012E7FD03A4604A9284601F0D3FC064672
:1099D00000287BD06F2200212046FEF761FB0FFAA2
:1099E00080F9ADF80C90702200212046FEF758FB5C
:1099F00003B2ADF80E3009F4C042B2F5005F6FD08B
:109A000003F4C042B2F5005F00F0858006A800F0C4
:109A100063FF8DF823806E2200212046FEF740FB75
:109A200003B2ADF81830B3F5616F40F3908080B2A7
:109A3000A0F56160ADF818006D2200212046FEF708
:109A40002FFBADF81A00682200212046FEF728FB04
:109A50009DF8243060F303038DF824305F4B1B68BE
:109A60001B681B7CC3F3C0039DF82C2063F300022A
:109A70008DF82C2017F0020800F09A8006F10803F8
:109A800096E8030083E803007389728A13449BB24B
:109A9000013B1BB2F381B6F90620934240F3888064
:109AA000F28185E000238DF8183004AB079306AAF5
:109AB00012212046F7F78CFB9DF8183003B13B4686
:109AC0001F467DE747F00207FFB27BE7444B009358
:109AD000444B40F2E2324449022013F0F5FA47E7E2
:109AE00029F4C049B9F5FA6F8ADCB9F57A7F01DD4E
:109AF000C9F57A79228BA18A521A92B2013212B236
:109B000009FB02F2394981FB0201D217C2EB611253
:109B1000ADF80C2074E723F4C043B3F5FA6F3FF7B8
:109B200075AFB3F57A7F01DDC3F57A73628BE18A95
:109B3000521A92B2013212B202FB03F32B4A82FB99
:109B40000312DB17C3EB6213ADF80E305EE7002B98
:109B5000BFF672AF83B203F56163ADF818306BE7FF
:109B600021462846FFF787FEA38ABDF80C20134440
:109B70009BB26A6811885B1AADF81C30E38ABDF8A5
:109B80000E100B449BB252889B1AADF81E3006AAE9
:109B90003146284601F03DFCB8F1000F18D0F1899C
:109BA00001317181738A13FA81F189B20139F1812E
:109BB000B6F90A20BDF916309A4209DCB8F1000F57
:109BC000CED03B46324629462046FFF78DFBC7E7FD
:109BD0003146284601F022FCCAE600BF68ED0020AD
:109BE000F83304085C610408F83204081F85EB515F
:109BF0002DE9F8438146884641B141464846FFF782
:109C0000ADFE4046FEF794FF05462CE01A4B18685F
:109C1000F6F798FF80460028EFD1BDE8F883484664
:109C2000FFF79CFE0134B44209D2AB681B6853F8BD
:109C30002410002FF3D18845F4D10127F2E74A46DA
:109C400017212846F7F7C4FA4A4618212846F7F79D
:109C5000BFFA4A4619212846F7F7BAFA2846FEF70E
:109C600067FFA8460546002DD7D02846FEF7B5FF6A
:109C7000064600242746D6E768ED00202DE9F0418E
:109C800094B00546734B186811F0EEFE0446EB687D
:109C90000BB128469847E0686E4B1B681A68B2F90A
:109CA0000030B2F9022002FB03F3226812B16168AE
:109CB000002933D01AB162680AB198422ED06C687C
:109CC000644E3068F6F73EFF01462046FFF71AFA69
:109CD000044633685E6926B131466868FFF712FAB8
:109CE000064634B35B4B1B6893F8282012F0010F33
:109CF00000F08980002C00F0828021462846FFF782
:109D000077FF544B1B685B69002B00F08880002EA6
:109D100077D031462846FFF76BFF80E02369002BA0
:109D2000CDD04C4B1B681868836A002BF6D098473F
:109D3000F4E7002ED6D1DFF81C81D8F8000011F02E
:109D40003FFE87B2013FBFB2D8F8000011F050FECD
:109D500083B2013B1BB200933BB20022114604A820
:109D600012F077F92B6BABB106A802F0B7FED8F86A
:109D70000030DA6A0A9293F829208DF832205B8D40
:109D8000ADF81C308DF81B202B6B04AA06A92846C1
:109D90009847A7E72F4B1B68D86AF0B103A903F0D7
:109DA00023FC012809D02C4B00932C4B40F2F722C6
:109DB0002B49022013F088F994E706A800F08CFDE7
:109DC000244B1B6893F829208DF82320DB6A04AA12
:109DD00006A9284600F02AFF84E706A802F07EFEC6
:109DE0001C4B1B685A8DADF81C2093F829308DF858
:109DF0001B306A6806A9284602F0B2FE72E71C69A9
:109E00007BE71E4685E75B6923B1EEB13146284604
:109E1000FFF7EEFED4B121462846FFF7E9FE0D4CD0
:109E20002068F6F7DDFE01462846FFF7E1FE2068D0
:109E3000F6F7F2FE01462846FFF7DAFE2068FFF744
:109E4000B7FC14B0BDE8F0811E46DFE7014B1B688C
:109E50001C69E0E768ED00201C3404080C6104086C
:109E6000F83204082DE9F04387B00746614B1868C3
:109E70000368DD6BDB689B682B6003681B7C13F059
:109E8000030F24D1BC883B88E41AA4B2013424B265
:109E9000B7F906601FFA86F87B88A8EB03081FFA5B
:109EA00088F808F101080FFA88F811F0A1FDB04216
:109EB00040DDB7F90660424621464E4B1868FFF771
:109EC00061F98046B7F902304FF0000942E011F025
:109ED00077FD84B2013CA4B2464E306811F088FD93
:109EE00083B2013B0DF108081BB2009323B200229C
:109EF0001146404612F0ADF8C5F8048033681B687F
:109F00001A7C12F0020F0AD0DA68137E43F00203C3
:109F10001376C5F808802846FFF7B0FE47E0DA68F8
:109F20009169137E61F341031376AF602846FFF712
:109F3000A5FE3CE02F4B186811F05AFD86B2013E99
:109F400036B2B8E7BDF916904E4527D02846FFF740
:109F500095FE23B203EB0802013AB24225DCB7F9C1
:109F60000020ADF81020B7F90420ADF81420ADF8AA
:109F7000123043449CB2631EADF8163004AB6B60E4
:109F8000AB601C4B1B681A68D26892682A60BDF9E6
:109F90001620B242D6DDADF81660D3E71B68DA684A
:109FA000137E43F002031376D0E7B14502D107B028
:109FB000BDE8F083B7F90020ADF81020B7F9042010
:109FC000ADF81420ADF81230ADF8166004AB6B603C
:109FD000AB60084B1B681A68D26892682A601B68DD
:109FE000DA68137E43F0020313762846FFF746FE35
:109FF000DDE700BF68ED002070B52F4B00221A602E
:10A000002E4B1A68B2F85041002C53D0013C002C62
:10A0100005DB131993F8303113B1013CF7E7002445
:10A020001068436B03B19847244B1A681368D968CA
:10A030000B7E23F001030B761368D9680B7E23F0A7
:10A0400002030B7692F8283043F0040382F828309C
:10A05000002515E01A68D1680A7E22F002020A760D
:10A06000A81DC60003EBC000FFF7FCFE134B1868E9
:10A07000304412F001F8104A1368034413600135AC
:10A080000E4B1B68B3F85021AA420DDD5A1992F805
:10A090003021002AF3D1A542DCD11A68D1680A7EAA
:10A0A00042F001020A76D5E793F8282022F0040254
:10A0B00083F8282070BD00BF6CED002068ED002003
:10A0C00030B587B00C46054600283DD02846F6F747
:10A0D00077FF00284AD095F8283013F0040F39D1C3
:10A0E000002C40D00023ADF81030ADF812302846D7
:10A0F00011F066FC80B20138ADF81400284611F06A
:10A1000077FC80B20138ADF8160004AA214602A8F7
:10A1100011F0DEFF50B32868037C13F0020F27D143
:10A1200083690BB102A998470024B5F85031A342C6
:10A130002ED9A11D002205EBC10102A812F0FCF8E6
:10A14000A0B90134A4B2F0E711F034FC05460028B0
:10A15000BCD10BE0254B0093254BD422254903208D
:10A1600012F0B2FF02E00023A5F8503107B030BD75
:10A1700005F1300306AA12E9030083E80300012376
:10A18000A5F8503168680028F0D014F01EFDEDE706
:10A190001F2B1AD8BDF90820063325F83320BDF946
:10A1A0000A2005EBC3035A80BDF90C209A80BDF943
:10A1B0000E20DA80B5F850310133A5F850316868C7
:10A1C0000028D3D014F001FDD0E70023A5F85031CA
:10A1D000BDF910302B86BDF912306B86BDF91430F5
:10A1E000AB86BDF91630EB86E4E700BF3C340408CB
:10A1F0003C610408F8320408014B1868704700BF3E
:10A2000068ED002030B585B0044611F0CDFC054660
:10A2100000230393002C31D0E268414B1A602046A2
:10A2200014F0CEFC3E4C23681869FCF719FA236839
:10A23000586908B1FCF714FA394C2368D869FCF75F
:10A240000FFA2368186AFCF70BFA23681A69D2B16F
:10A25000FFF780F8FFF7E8F8FFF7CEFE304B1B68FA
:10A26000B3F85021002A52D01B681A7C12F0010F5B
:10A2700030D0DB685B686BB3002412E011F09AFB0E
:10A28000274B1860CEE7A3F85021264B0093264BAE
:10A2900040F23D122549022012F016FF3DE0013444
:10A2A000A4B21F4B1868B0F85021A24212D902196B
:10A2B00092F83021002AF2D100F5AC7012F02DFE98
:10A2C0000246174B1B68A11D03EBC10303CB1060B3
:10A2D0005160E4E7124C20684FF48071303013F085
:10A2E0005BFA2068202100F5987013F055FA236876
:10A2F0000022A3F85021284611F05AFC039023684D
:10A300001868436A1BB10399094A1268984713F009
:10A3100069F911F032FA02F05BF905B030BD00BF07
:10A3200068ED00206834040828610408F832040845
:10A330006CED002038B504460D46406808B1FFF7C3
:10A34000F9FF236813B129462046984738BD08B560
:10A3500020B1FEF7F9FBF6F7B1FC08BD11F02AFBBE
:10A36000F9E7000038B50446FFF7F1FF48B10546AC
:10A37000044A00212046FEF719FA21462846FFF735
:10A38000D9FF38BDFFFF0F00704708B5436B03B11D
:10A39000984708BD10B50446102113F0FDF90123BC
:10A3A0006380FF2323734FF0000323F0070323F0A0
:10A3B000F80323F4F85323F46043238010BD70B5F1
:10A3C00082B0BDF81840BDF81C5091F80CC0BCF12B
:10A3D000020F08D9B1F902602EB1AC4203D0466930
:10A3E00001950094B04702B070BD00002DE9F04F18
:10A3F00085B08346009115461C46BDF838A0BDF9CE
:10A400003C609DF84020119F03F5B4739A4547D0F6
:10A410000FFA85F9B4F5B47F02D9A4F5B474A4B2E7
:10A42000BAF5B47F03D9AAF5B47A1FFA8AFAA5EB74
:10A4300006080FFA88F8002A3ED006EBD67676108A
:10A44000013636B26308A949A1FB0323C3F34713BE
:10A450004FEA5A02A1FB0212C2F34712042B2DD07D
:10A46000042A2DD093422DD013B9012A00F0FE808A
:10A47000012B00F03D81022B00F07E81032B00F0C8
:10A48000C5811FFA8BF2531B3B80BDF80030591B6E
:10A4900079802A44BA802B44FB8005B0BDE8F08F58
:10A4A00082B2531B3B80BDF80030591B79802A448F
:10A4B000BA802B44FB80F0E70026C3E70323CFE7F5
:10A4C0000322CFE75445CFD8032BE6D8DFE803F0CB
:10A4D0000235689B20B212F045FE08FB00F3BDF880
:10A4E000005005EBE3339BB2B6B29B1B7B8004F1BB
:10A4F0005A0000B212F036FE09FB00F31FFA8BFB84
:10A500000BEBE33316FA83F3BB800FFA8AF012F0F9
:10A5100029FE00FB09F005EBE03516FA85F5FD8014
:10A520000AF15A0000B212F01DFE00FB08F00BEB1E
:10A53000E0339BB29B1B3B80AFE720B212F012FED0
:10A5400009FB00F3BDF8005005EBE333B6B216FA91
:10A5500083F3FB8004F15A0000B212F003FE08FB03
:10A5600000F31FFA8BFB0BEBE33316FA83F3BB808C
:10A570000FFA8AF012F0F6FD00FB08F005EBE0336D
:10A580009BB29B1B7B800AF15A0000B212F0EAFDDD
:10A5900000FB09F00BEBE0339BB29B1B3B807CE79D
:10A5A00004F15A0000B212F0DDFD09FB00F31FFABE
:10A5B0008BF505EBE3339BB2B6B29B1B3B8020B21D
:10A5C00012F0D0FD08FB00F3BDF8004004EBE333CC
:10A5D00016FA83F3FB800FFA8AF012F0C3FD00FB3A
:10A5E00009F004EBE0339BB29B1B7B800AF15A001D
:10A5F00000B212F0B7FD00FB08F005EBE03516FAEB
:10A6000085F5BD8049E704F15A0000B212F0AAFDB9
:10A6100008FB00F31FFA8BF505EBE3339BB2B6B2F0
:10A620009B1B3B8020B212F09DFD09FB00F3BDF89F
:10A63000004004EBE3339BB29B1B7B800AF15A0082
:10A6400000B212F08FFD00FB09F005EBE03516FAC1
:10A6500085F5BD800FFA8AF012F084FD00FB08F04A
:10A6600004EBE03416FA84F4FC8016E70AF15A0091
:10A6700000B212F077FD09FB00F31FFA8BFB0BEB26
:10A68000E3339BB2B6B29B1B3B800FFA8AFA50466B
:10A6900012F068FD019023B20293184612F062FD99
:10A6A000019B83421DDA504612F05CFD00FB08F36B
:10A6B000BDF8008008EBE3339BB29B1B7B8004F169
:10A6C0005A0000B212F04EFD00FB09F00BEBE03334
:10A6D00016FA83F3BB80A84416FA88F8A7F8068018
:10A6E000DBE6029812F03EFDE0E700BFB7600BB674
:10A6F000022A7FF4C0AE1FFA8BFBABEB05039BB2C3
:10A70000B6B29B1B3B800FFA8AF012F02BFD09FBBF
:10A7100000F3BDF8005005EBE3339BB29B1B7B803D
:10A7200004F15A031BB20193184612F01BFD00906E
:10A730000AF15A0A0FFA8AFA504612F013FD009AEB
:10A74000824215DD019812F00DFD00FB08F30BEBC2
:10A75000E33B16FA8BFBA7F804B020B212F002FD1F
:10A7600000FB09F005EBE03516FA85F5FD8094E66F
:10A77000504612F0F7FCE8E7032A7FF47FAE04F1BD
:10A780005A0000B212F0EEFC09FB00F31FFA8BFB3B
:10A790000BEBE3339BB2B6B29B1B3B80BDF80030A2
:10A7A00000935B1B9BB29B1B7B800AF15A0000B29B
:10A7B00012F0D8FC00FB09F00BEBE03B16FA8BFB28
:10A7C000A7F804B00FFA8AFA504612F0CBFC08FB47
:10A7D00000F524B2204612F0C5FC00FB08F08542CB
:10A7E0000CDD504612F0BEFC00FB08F3C3F3CF3380
:10A7F000009A1A4416FA82F3FB804EE6204612F0C5
:10A80000B1FC00FB08F3C3F3CF33F1E7002A7FF478
:10A8100038AE0AF15A031BB20293184612F0A2FC9A
:10A82000019004F15A0319B20391084612F09AFC00
:10A83000019A824229DA029812F094FC00FB08F394
:10A840001FFA8BFB0BEBE3339BB2B6B29B1B3B8037
:10A8500020B212F087FC09FB00F3BDF8004004EBC6
:10A86000E3339BB29B1B7B80AB4416FA8BFBA7F8B0
:10A8700004B00FFA8AF012F075FC00FB09F904EB42
:10A88000E93416FA84F4FC8007E6039812F06AFCB7
:10A89000D4E700BF08B502F060FF08BD70B598B0FE
:10A8A00004460D4616460AA802F018F94FF6FF7343
:10A8B000ADF82C302A460AA9204602F051F902A828
:10A8C00000F01AFA0023009333462A4602A92046D4
:10A8D00000F042FA18B070BD10B50446182112F00D
:10A8E0005BFF4FF0000323F0070323F0F80323F48A
:10A8F000F85323F460432381FF23E3724FF4807302
:10A900006380237D43F00103237510BD04380A28BA
:10A9100007D8DFE800F01208120A0C0E100A0C0E1D
:10A920001000002070471820704701207047022057
:10A930007047042070470820704710207047032894
:10A9400005D0062801D00020704701207047012063
:10A9500070470E2806D847F6A47323FA00F000F0DB
:10A96000010070470020704750B10278A2F1200327
:10A97000DBB25F2B06D912F0800F05D100207047A3
:10A9800003207047012070470220704730B583B024
:10A9900084691CB19DF818500095A04703B030BDE4
:10A9A0002DE9F04F8DB01546CA7A022A03D801204E
:10A9B0000DB0BDE8F08F06460C460A6909891846B5
:10A9C00002F0A4F90746002800F0258190F81490C1
:10A9D00009F01F094846FFF7B2FFB0B9C846B9F100
:10A9E0000E0F09D0B9F1140F11D04846FFF7B1FF8F
:10A9F00010B34FF005080AE02368B3F1807F06D05A
:10AA00000023BB614FF0050801E04FF006083B6AE8
:10AA1000ABB1824B0093824B4FF485728149022087
:10AA200012F052FB3A6A29463046FFF737FF3846A4
:10AA3000FFF730FF0120BBE74FF00408E7E7BB69F1
:10AA4000002B5AD0B5F90030ADF82030B5F90230FE
:10AA5000ADF82230B5F90430ADF82430B5F9063040
:10AA6000ADF826302268B2F1807F15D108AAB1680E
:10AA70000AA811F02DFB00283AD0D6F808900AABAE
:10AA8000B360BB69CDF800802A4621463046FFF707
:10AA90007DFFC6F80890CAE7A9882A88891A89B272
:10AAA00001319AB26B88D21A92B201326388201DAA
:10AAB00001900093B4F9003012B209B208A802F074
:10AAC000A3F8BDF8203029880B44ADF82030BDF83C
:10AAD00022306A881344ADF82230BDF824300B448C
:10AAE000ADF82430BDF826301344ADF82630BDE76C
:10AAF0003846FFF7CFFE01205AE72A46B16806A87C
:10AB000011F0E6FAB8B3BDF81C90BDF81830A9EB07
:10AB100003091FFA89F909F101090FFA89F305936D
:10AB200003EB430012F09AFC8246D6F808B0BDF958
:10AB30001830ADF82030BDF91A30ADF82230BDF92B
:10AB40001C30ADF82430BDF91E30ADF8263001219F
:10AB500008A811F08BFABDF918300393B5F900304D
:10AB60000493BDF91A90B5F90250A9EB05052346E7
:10AB700054469A461CE03846FFF78CFE012017E742
:10AB8000384602F0EAFD284B0093254B40F24D1267
:10AB90002449022012F098FA204612F0F9FC3846B7
:10ABA000FFF778FEC6F808B0002001E709F10109B7
:10ABB000BDF91E304B4528DB08AA59460AA811F0FA
:10ABC00087FA0028F2D0039B049A991A0094059BF7
:10ABD0002AB209B2384602F0AFFD0128D0D10AAB43
:10ABE000B360CDF80080234608AA51463046FFF7EF
:10ABF000CDFEBDF922300133ADF82230BDF926304B
:10AC00000133ADF826300135D0E7C6F808B020464C
:10AC100012F0BEFC0BE70020CAE600BFE0340408D7
:10AC20006861040884340408F43404082DE9F04110
:10AC300082B004461646C3B10D461F46CB7A022B9E
:10AC400010D9D0F81C80B8F1000F03D03B46C047A4
:10AC5000012807D03B46324629462046FFF7A0FE92
:10AC6000012810D102B0BDE8F0810E4B00930E4BCD
:10AC700042220E49022012F027FA0D4A31462046A0
:10AC8000FFF70CFEEEE70B4B0093074B54220749EE
:10AC9000022012F019FA064A31462046FFF7FEFD5F
:10ACA000E0E700BF14350408786104088434040820
:10ACB0002C350408E034040803463038C0B20928B3
:10ACC00018D9602B01D9203BDBB2413B052B0ED8B4
:10ACD000DFE803F0030F0507090B0A2070470C207B
:10ACE00070470D2070470E2070470F2070470020DE
:10ACF00070470B207047000010B50446202112F069
:10AD00004BFDFF23A3764FF0000323F0070323F04E
:10AD1000F80323F4F85323F46043A3810B4B23601F
:10AD20004FF6FF736360A3604FF0000323F0070347
:10AD300023F0F80323F4F85323F46043E381052060
:10AD400011F07EFD20820023E37610BDC46B040861
:10AD500010B5046AA04710BD2DE9F04FB5B00992B7
:10AD600008933E9C8B7E022B13D982460D460B68BE
:10AD700093B1036ACBB12CAE0F460FCF0FC697E845
:10AD80000F0086E80F002B680493089B0BB11B781B
:10AD9000A3B935B0BDE8F08FB14B0093B14B52224F
:10ADA000B149022012F090F9F3E7B04B0093AD4B9C
:10ADB0005722AD49022012F087F9EAE7DAF80820B5
:10ADC00009992AA811F084F90028E2D02B7F0C936E
:10ADD0000BB901230C936B7F13F0020F29D1099A51
:10ADE000938812889B1A9BB201331BB2049AB2F962
:10ADF0000860B5F9122097190D970998B0F900204D
:10AE0000ADF8A420B0F90220ADF8A620B5F91610CF
:10AE10000E91B5F9181011FA82F2ADF8A620002CA7
:10AE200046D031BBB0F90220002A13DB4FF0FF37C8
:10AE300021E0B5F91220029341F6FF7301930092CD
:10AE4000B5F914302A68089915A815F02BF8BDF942
:10AE50005430CBE7A1688A1A002AB8BF5242C7F51E
:10AE60000071B2EB410F02DD4FF0FF322260276824
:10AE700001E04FF0FF37002F1CDBBDF8A620616812
:10AE80000A44ADF8A6201AB20A926B7F0193002300
:10AE900000931346B5F9142004990898384414F027
:10AEA00093FE00EB070BDDF83480DDF8209009E01D
:10AEB0000027E8E70027E6E73B785F46002B3FF4F2
:10AEC00068AF8346BDF9A6303344DAF80820B2F9FA
:10AED0000220934228DA09EB0B076B7F01930023D2
:10AEE00000930A9BB5F914200499384614F06CFEBF
:10AEF0005844BDF8A63043441BB2ADF8A630002C30
:10AF0000DAD013F5806FD7DB2368002BD4DAC4F8CE
:10AF100000B0BDF9A6300999B1F902209B1A63600F
:10AF2000B1F90230A360C7E70C9B022B36D00C9B13
:10AF3000032B4FD06A681446D5F808904A4502D8CA
:10AF40004B4691461C46AB7F13F0030F5BD14FF08D
:10AF5000000323F0070323F0F80323F4F85323F44A
:10AF60006043ADF82E304FF0000828F0070828F0B5
:10AF7000F80828F4F85828F4604817A801F0AEFD46
:10AF80002B8AADF86030BDF9A430109300230F93E5
:10AF90005E46A346CDF81CA0BA465EE16B7F0093E7
:10AFA000B5F91430049AABEB07010898384414F053
:10AFB00029FF099A938812889B1A9BB201331BB20E
:10AFC0001B1A03EBD373BDF8A42002EB6303ADF8A7
:10AFD000A430AFE76B7F0093B5F91430049AABEB64
:10AFE00007010898384414F00DFF099A93881288D5
:10AFF0009B1A9BB201331BB21B1ABDF8A420134449
:10B00000ADF8A43096E726A800F025FAAB89ADF894
:10B010009830049B93F90E3003B90123ADF89A30B0
:10B02000AB7E8DF8A030AB7FC3F3C1039DF8A120A8
:10B0300063F301028DF8A12089E70023059394E0D2
:10B040000023059391E037B1012F65D0022F40F026
:10B050009A80002776E0259B0F93012772E000BFBE
:10B06000903504088461040834350408A4350408C4
:10B07000202B67D1259B0F9A9B1A072B04D0AB89F5
:10B08000ADF82E3002275DE0069B991815AA06231D
:10B0900004E011F8010B02F8010B013B002BF8D181
:10B0A0008DF85A309DF85400FFF706FE04019DF814
:10B0B0005500FFF701FE231805939DF85600FFF792
:10B0C000FBFD04019DF85700FFF7F6FD04449DF8D1
:10B0D0005800FFF7F1FD07019DF85900FFF7ECFD5F
:10B0E0003B18C4F34211059AC2F3C402C3F3C4036C
:10B0F000C4F38204119861F30200014662F3C701B0
:10B100000A4663F30C22134664F34F33ADF8443020
:10B11000ADF82E30022715E0002737E0BDF82E806D
:10B1200038E0ADF8BC80139B29AA2CA90798FFF73B
:10B130000FFE3CB1BDF8A430AA8A144413FA84F47B
:10B14000ADF8A440A6EB0A0325998B4253D94FF6DC
:10B15000FF7399453FF471AF9B453FF471AF844B4A
:10B160001B68514408989847059025AB14AA13A969
:10B17000069814F031FE6B7F13F0010F06D0139B7D
:10B18000232B3FF460AF012F3FF472AFB5F80C8072
:10B19000022FC3D0149A1399049810F065F904464D
:10B1A0004FF6FF739945BCD09B45BAD0059B994596
:10B1B000B7D89B45B5D9BDF9A430ADF85430BDF929
:10B1C000A620ADF8562010FA83F3A98A11FA83F36A
:10B1D0009BB2013BADF858300D9B13FA82F39BB242
:10B1E000013BADF85A3015AA17A9079801F0B8FC31
:10B1F000B5F80E8095E7AB7F13F0020F3FD1AB7F20
:10B2000013F0010F60D1089B9C196B7F0193002301
:10B2100000930A9BB5F914200499204614F0D4FC3D
:10B220003718099BB3F90030ADF8A4300C9B022B02
:10B230006DD00C9B032B00F08480BDF8A6300D9AD6
:10B2400013441BB2ADF8A630079A9268B2F90620F3
:10B25000B24693423FF79DAD3E46089B03EB0A0280
:10B26000069213F80A30002B3FF493ADBDF8A430DA
:10B270000E9A1344ADF8A4300027259762E7109B7F
:10B28000ADF85030BDF8A6302A68B2F9082002EBBC
:10B29000D27203EB6203BDF99A2002EBD272521014
:10B2A00012FA83F31BB2ADF85230BDF9A420ADF809
:10B2B0005420ADF85630ADF8988015AB14AA26A9E5
:10B2C000079800F0DDF89AE7109BADF85030BDF814
:10B2D000A6302A6811890B449BB252899B1A9BB2F3
:10B2E000049A92F90D2092B29B1A1BB2ADF852301B
:10B2F000BDF9A420ADF85420ADF85630ADF89880D3
:10B3000015AB14AA26A9079800F0BAF87BE76B7F63
:10B310000093B5F91430049A0146204614F072FDEA
:10B32000099A938812889B1A9BB201331BB2181A90
:10B3300000EBD070BDF8A43003EB6003ADF8A4308F
:10B340007BE76B7F0093B5F91430049A01462046E1
:10B3500014F058FD099A938812889B1A9BB2013306
:10B360001BB21B1ABDF8A4201344ADF8A43064E747
:10B37000B0000020F0B585B0C36B002B37D0044679
:10B380000E461746C06C12F001F80546F0B1E16CAC
:10B3900012F002FAFEF730FF23682B626368EB615C
:10B3A000A368AB6103681B7CC3F3801385F824306A
:10B3B0002B463068716803C3E36B3A462946204642
:10B3C0009847044678B1204605B0F0BD094B02937A
:10B3D000094B0193094B0093094B2B220949032088
:10B3E00011F072FEFEE7284611F0EEFFEBE70024B5
:10B3F000E9E700BFFC2D040844360408302E040899
:10B4000094610408E835040808B5036C03B1984753
:10B4100008BD08B5436C03B1984708BD38B505466B
:10B420000C46FEF7B2FF236A2B60E3696B60A369E9
:10B43000AB60FEF7E1FE036894F824101A7C61F318
:10B4400086121A74AB6C13B12146284698472046E1
:10B4500011F0BAFF38BD10B504460A2112F09CF96C
:10B4600001236380FF2323724FF0000323F00703BF
:10B4700023F0F80323F4F85323F46043238010BD32
:10B4800010B5B1F9024024B10C7A022C01D9446AFA
:10B49000A04710BD028000234380C2F101020A8050
:10B4A0007047B0F90220B0F900008242CCBF002002
:10B4B00001207047B1F90030002B12DDB0F90220F5
:10B4C000B0F900C0A2EB0C0203EB420305330B8082
:10B4D000B0F90030013B0380B0F902300133438002
:10B4E00070474288520092B2134403330B80F3E753
:10B4F00010B4C46801F1010C34F81CC034F81140D8
:10B50000ACEB040CA2F800C0826832F911201A805A
:10B510004268C36833F8110010445DF8044B70476B
:10B5200070B50546049CE06901FB00FC4FEAAC2CB9
:10B53000002808DD62450FDA94F8280010F00200B8
:10B5400000D0012070BD624506DD94F8280010F09F
:10B550000200F7D00120F5E701EB030C0CFB00FC27
:10B560004FEAAC2C002809DD624511DD94F8283043
:10B5700013F0020F00F0D2800020E3E7624507DA03
:10B5800094F8283013F0020F00F0CA800020D9E7A9
:10B59000002838DDA06900FB02F242F39502161282
:10B5A00012F0FF0235D0C2F1FF0C606A00FB0CFC08
:10B5B0004FEA2C2CCCF1FF0C711A002A5FD0002925
:10B5C0001FDB8B421DDDC2F1FF02CCF1FF0000FB4F
:10B5D00002F2C2F34722D043C0B294F8286016F0BA
:10B5E000020F00D10246685CFC2A09D8022A13D94E
:10B5F00000FB02F202EB022002EBC012C2F3C750C2
:10B6000068544A1C12E0A06902FB000040F3950256
:10B61000C5E74FF0FF0CCFE70020F1E700203070C6
:10B62000606AACEB000C013293422ADD606A60452F
:10B6300027DA002AF4DB9342F2DD5FFA8CFEC0F3D6
:10B640004700AEEB000E5FFA8EFE94F8280010F073
:10B65000020F03D06FEA0E0E5FFA8EFEAE18A85CE2
:10B66000BEF1FC0FDBD8BEF1020FD7D90EFB00F004
:10B6700000EB002E00EBCE10C0F3C750CFE70A4618
:10B68000D4E7934226DD002A24DBA0690CFB00F0FE
:10B69000801200FB0CFCCCF3472CE069002824DB73
:10B6A00094F8280010F0020F03D06FEA0C0C5FFA38
:10B6B0008CFCAE18A85CBCF1FC0F0AD8BCF1020FE0
:10B6C00018D90CFB00F000EB002C00EBCC10C0F301
:10B6D000C750307094F8280010F0020011D08B424F
:10B6E00020DB002908DA02202CE76FEA0C0C5FFA55
:10B6F0008CFCD5E70020ECE7284612F04DF802203C
:10B7000020E701323FF51EAF934201DA022019E72C
:10B71000991AA81812F040F8022013E7012011E747
:10B7200001200FE700200DE7F8B58446069CA069CC
:10B7300002FB00F54FEAA52E00280ADD0EF10106F6
:10B74000B14208DD94F8280010F0020000D001207A
:10B75000F8BD7646F4E7CE18764507DA94F8283037
:10B7600013F0020F00F04D810020F1E745F38D2E1C
:10B77000C5F3870502FB000242F38D27C2F387025F
:10B78000AEEB0106BE4501D0002863DBBE4567D0A5
:10B790000028C0F2AB80C5F1FF05E26905FB02F2AB
:10B7A0009212002E1FDBB3421DDD02FB05F5C5F32F
:10B7B0004725E843C0B294F8287017F0020F00D173
:10B7C00005460CEB06071CF80600FC2D0AD8022DD6
:10B7D00040F2FD8005FB00F000EB002500EBC510FA
:10B7E000C0F3C7503870C2F1FF02A06902FB00F03D
:10B7F0008012751C1DD4AB421BDD00FB02F2C2F3AC
:10B80000472294F8280010F0020F01D0D243D2B2A0
:10B810001CF80500FC2A0AD8022A40F2DA8002FB52
:10B8200000F000EB002200EBC210C0F3C7500CF890
:10B830000500023694F8280010F0020000F0D080D5
:10B84000AEEB01018B42C0F2E480002980F2C3809C
:10B8500002207DE7002D99D1013EBE46FF2595E7E8
:10B86000002E1CDBB3421ADD2A44C2F3470294F8CF
:10B87000280010F0020F01D0D243D2B20CEB060523
:10B880001CF80600FC2A09D8022A17D900FB02F28C
:10B8900002EB022002EBC012C2F3C750287001363F
:10B8A00094F8280010F002000FD0AEEB01018B429B
:10B8B00040F3A980002903DA022049E70020EDE7E0
:10B8C000604611F069FF022042E7B34200DA1E46EB
:10B8D000002E3FF43DAF002E01DC022038E7991B1B
:10B8E0000CEB060011F058FF022031E7E0694042FE
:10B8F00005FB00F08012002E1DDBB3421BDD00FBB8
:10B9000005F5C5F3472594F8282012F0020F01D061
:10B91000ED43EDB20CEB06071CF80620FC2D09D810
:10B92000022D3ED905FB02F202EB022502EBC51205
:10B93000C2F3C7523A70C0F1FF00A269524200FB45
:10B9400002F29212751E1DD4AB421BDD02FB00F009
:10B95000C0F34720C243D2B294F8287017F0020F08
:10B9600000D110461CF80520FC2809D802281AD955
:10B9700000FB02F202EB022002EBC012C2F3C7523C
:10B980000CF80520013694F8282012F0020F11D08F
:10B99000AEEB010101398B4237DB002905DC0220C7
:10B9A000D6E60022C6E70022EAE7604611F0F4FE80
:10B9B0000220CDE6B3422ADB002E01DA0220C7E6E0
:10B9C000991B0CEB060011F0E7FE0220C0E60020F8
:10B9D00008E700202BE7604611F0DEFE0220B7E604
:10B9E000B34200DA1E46002E3FF4B2AE002E01DC58
:10B9F0000220ADE6991B0CEB060011F0CDFE0220F3
:10BA0000A6E60120A4E60020A2E60220A0E601208E
:10BA10009EE600209CE630B583B08446069CA08A52
:10BA2000121A12B2608A091A09B2256A002D48D189
:10BA300094F8280010F0010F14D0237C13F0020FAB
:10BA40004FD003F00303022B05D0032B4BD1002A68
:10BA500006DD01203EE0B2F1FF3FF6DA012039E0D9
:10BA6000002037E0227C12F002043ED102F00300F5
:10BA7000012809D088B9CA1839D44C42002929DCD8
:10BA8000A34204DC022025E00029F3DD22E0114678
:10BA90000CEB040011F080FEF4E7D94229D44A42AD
:10BAA000002903DDAB4203DC204613E01546F9E72D
:10BAB000002D01DA02200DE02946604611F06CFEEF
:10BAC000F8E794F8280010F0010F05D000946046C4
:10BAD000FFF726FD03B030BD00946046FFF724FE5B
:10BAE000F8E70120F6E70020F4E70120F2E7012063
:10BAF000F0E72046EEE72DE9F04782B081460E469A
:10BB0000154698460A9CB4F90A30D71AB4F90820A9
:10BB1000891AB4F90C20B32A00F39C80B4F90E0002
:10BB2000B32800F39780002A00F09480002800F0EA
:10BB30009180824240F38E80AB4200F38F81636D2F
:10BB400007FB03F34FEAA32CA36A07FB03334FEA77
:10BB5000A32A92B2A2F20F139BB2582B02D8BAF1C9
:10BB6000000F10DB531E9BB2592B02D8BAF1000F05
:10BB700025DB5B3A93B2B22B07D8BAF1000F04DD94
:10BB80004FF0000A01E04FF0000A80B2A0F20F135C
:10BB90009BB2582B02D8BAF1000F13DB431E9BB2A5
:10BBA000592B02D8BAF1000F36DB5B3883B2B22BC7
:10BBB0000AD8BAF1000F07DD4FF0000A04E04FF099
:10BBC000000AE2E74FF0000AACEB0A0C0AEB6C0A41
:10BBD000AAEB010AD04500DAC246BAF1000F1EDC1A
:10BBE0000127D04500DAC246BAF1000F29DBD14463
:10BBF0001FFA8AF39919A8EB03033C3400941BB293
:10BC00002A4609B24846FFF706FF0446E0B1A742BC
:10BC100000F02981022726E14FF0000AD4E704F161
:10BC2000100300930FFA8AF32A4631464846FFF77D
:10BC3000F2FE07460028D4D15146484611F0ACFD2B
:10BC4000CFE74FF0000AD2E7A8EB0A01484611F00F
:10BC5000A3FDDCE7B42A40F39680B4F90E00B428C3
:10BC600040F39180824240F38E80AB42C0F2F88074
:10BC7000636D07FB03F34FEAA32CA36A07FB0333AF
:10BC80004FEAA32A92B2A2F20F139BB2582B02D80A
:10BC9000BAF1000F10DB531E9BB2592B02D8BAF138
:10BCA000000F25DB5B3A92B2B22A07D8BAF1000F37
:10BCB00004DD4FF0000A01E04FF0000A83B2A3F266
:10BCC0000F1292B2582A02D8BAF1000F13DB5A1E93
:10BCD00092B2592A02D8BAF1000F36DB5B3B9BB215
:10BCE000B22B0AD8BAF1000F07DD4FF0000A04E0CA
:10BCF0004FF0000AE2E74FF0000AACEB0A0C0AEB47
:10BD00006C0AAAEB010AD04500DAC246BAF1000F6C
:10BD10001EDC0127D04500DAC246BAF1000F29DB4C
:10BD2000D1441FFA8AF39919A8EB03031034009445
:10BD30001BB22A4609B24846FFF76DFE0446E0B141
:10BD4000A74200F0908002278DE04FF0000AD4E770
:10BD500004F13C0300930FFA8AF32A463146484621
:10BD6000FFF759FE07460028D4D15146484611F046
:10BD700013FDCFE74FF0000AD2E7A8EB0A014846CF
:10BD800011F00AFDDCE7B42A05D09AB9AB4227DDF1
:10BD90004FF0030A03E0AB421FDD4FF0010AB4F994
:10BDA0000E30B42B25D0BBBBB4F90A30AB424BDD0F
:10BDB000012723E0B32A01DCAB4214DCB42A01DD05
:10BDC000AB4213DD04F11003009343462A4631468B
:10BDD0004846FFF720FE8246E1E74FF0030ADEE720
:10BDE0004FF0010ADBE74FF0030AD8E74FF0030AF0
:10BDF000D5E7B4F90A30AB4224DD0327BAF1000FCE
:10BE000030D087B3BAF1030F24D0BAF1010F2ED18D
:10BE1000012F28D0022726E0B32B03DCB4F90A2037
:10BE2000AA4213DCB42B03DDB4F90A30AB420FDDB8
:10BE30003C34009443462A4631464846FFF7EBFD22
:10BE40000746DBE70127D9E70327D7E70327D5E72D
:10BE50000327D3E7032FD8D1002704E0012702E00E
:10BE6000012700E05746384602B0BDE8F0870227B8
:10BE7000F9E72DE9F04784B006460F461D460C98B9
:10BE800090F81280B0F91090B0F908C0ADF808C071
:10BE9000B0F90A10ADF80A10B0F90C40ADF80C403A
:10BEA000B0F90E30ADF80E3018F0010832D18A42E8
:10BEB000C0F253819A4200F354810CEB090E77458E
:10BEC00005DB05EB070EA4EB090AD64507DD01EB00
:10BED000090E72454ADBA3EB090E724546DCB8F148
:10BEE000000F28D1ACEB07084545C0F23E81B8F100
:10BEF000000F16DAE71B0137002F40F33881BD42EF
:10BF000014DCB8F1000F40F03481BD4200F0338101
:10BF1000022023E18A42C0F226819A42CDDD01202F
:10BF20001CE14146304611F037FCE3E7E91BF0190C
:10BF300011F032FCE5E7BCEB070C0FD465450BDBD9
:10BF4000E11BA1EB0C0101310CEB01039D4201DA75
:10BF5000A5EB0C01002904DA0220FFE04FF0000CF1
:10BF6000ECE706EB0C0011F017FCF5E7ACEB07076C
:10BF7000A4B21FFA8CFCA4EB0C04A4B20134A4B24A
:10BF80009BB289B25B1A9BB201339BB292B2A2EB15
:10BF9000010C1FFA8CFE0FFA8CFCE14528DD891A92
:10BFA000494489B2013909B201AB0DF10602406979
:10BFB000FFF79EFABFB207EB040C1FFA8CFC1FFAC6
:10BFC00089F9ACEB090CBDF8043013FA8CFC1FFAAC
:10BFD0008CF10FFA8CFC07EB0904A4B2E41AA4B2AA
:10BFE000013C24B2B8F1000F40F0978000220FE02E
:10BFF000A9EB03030EEB030109B2D5E7734622E078
:10C00000002320E04FF0000E06F801E0013212B2EA
:10C01000BDF90630934229DD11469B1A013B10F809
:10C0200003E01CEB02070FD4AF420DDAF35DFC2BEB
:10C03000E4D8022BE4D903FB0EF303EB032803EB54
:10C04000C813C3F3C753F355611ADFD4A942DDDA2D
:10C05000735CFC2BD8D8022BD4D903FB0EF303EB73
:10C06000032703EBC713C3F3C75ECDE76244AA42BD
:10C07000A8BF2A4622EAE27212B2A91AB01811F039
:10C080008BFBBDF90610611A0131A942A8BF2946F0
:10C0900021EAE17109B2304611F07EFB02205DE039
:10C0A0003A4622E0002220E00027B75401331BB2B9
:10C0B000BDF906209A4232DD013A9E46D21A875CCB
:10C0C000FF43FFB21CEB030811D4A8450FDA16F8A2
:10C0D0000820FC2AE4D8022AE4D907FB02F202EB8A
:10C0E000022902EBC912C2F3C75206F80820B4EBCA
:10C0F0000E02DBD4AA42D9DA16F802E0BEF1FC0F38
:10C10000D3D8BEF1020FCFD90EFB07FE0EEB0E27E0
:10C110000EEBC71ECEF3C757C7E70023C8E70134AD
:10C12000AC42A8BF2C4624EAE47420B2654508DD81
:10C13000ACEB0003DB0F53B9654505DD091B09B204
:10C1400006E02B1ADB0FF6E7291B09B200E00021FD
:10C15000304411F021FB022000E0002004B0BDE8D3
:10C16000F0870020FAE70120F8E70020F6E700203A
:10C17000F4E70220F2E70120F0E70000002900F0D8
:10C180007B812DE9F04790B005468A46018300681F
:10C1900008B111F019F90AF1010606EB460040005A
:10C1A00011F0F4F8286020B368604FEA4A030233C4
:10C1B0000344EB604FEA8A0304330344AB60BAF1F3
:10C1C000010F24D0F00011F049F9074600EB860674
:10C1D0004FEA8A0212B20DF13A010FA8FFF75AF99D
:10C1E000BDF93C309B100A93002306931C469946E8
:10C1F00064E0A24B0293A24B0193A24B0093A24B8B
:10C2000040F25B52A149032010F05EFFFEE7B42329
:10C210000370EA6800231380EA6801215180AA684C
:10C22000138026E1BDF93C30991010AA02EB880278
:10C2300042F8181C03F0030342F8283C08F10108F7
:10C24000B8F1030F09DC0DF13A010FA8FFF732F93D
:10C250000FA8FFF726F90028E4D1B8F1040F40F049
:10C2600099800A9B0D9A934230D00B9A934243D007
:10C2700027F814300FFA89F126F814106A68069826
:10C2800010556868025D12010255A4B2621C12B218
:10C29000013B27F8123026F81210079B08990B442F
:10C2A0006968099850FA83F304338B5469688B5C8E
:10C2B0001B018B54023424B209F101090FA8FFF7C6
:10C2C000F0F8002866D04FF00008B9E727F81430DE
:10C2D00026F81490069B079A1344089A52FA83F39F
:10C2E0006A68099951FA83F313556A68135D1B0153
:10C2F0001355013424B2DFE70C9A934223D027F878
:10C3000014300FFA89FC26F814C06968069A079859
:10C3100002440A5569680A5D12010A55A4B2621CFA
:10C3200012B2013B27F8123026F812C06968089B48
:10C330000998034408338B5469688B5C1B018B5448
:10C34000023424B2B8E727F814300FFA89F126F83E
:10C350001410069A0798024468680590089850FAE5
:10C3600082F2059802556868025D12010255A4B276
:10C37000621C12B2013B27F8123026F812106968CD
:10C38000099B0C338B5469688B5C1B018B54023402
:10C3900024B291E740F2D32303FB0AFA4FEAAA2121
:10C3A000224604F10043013B37F91300B0EBAA2FFA
:10C3B00017D0CAF3090ABAF5007F17DC0AFB0AFA9C
:10C3C0004FEAEA3309B227F8121026F8121069680A
:10C3D0008B5469688B5C1B018B54013424B2A31EFF
:10C3E0001BE036F913308B42E3D1F8E7CAF5806AD7
:10C3F0000AFB0AFA4FEAEA33C3F10F03E2E736F920
:10C40000132027F8142037F9132026F814206A681F
:10C41000D15C1155013B013424B2002BEFDAEA68FC
:10C42000002313809C4603E00CF1010C0FFA8CFCF6
:10C43000A6469C421ADDEA684FEA4C0022F81C30FE
:10C44000AA6837F8131022F81C10590036F9132087
:10C450006245E9D19E45E7DD7A5EA96831F8008042
:10C460004245A8BF42460A520133EEE7384611F072
:10C470008FF810B0BDE8F087704700BFFC2D0408AE
:10C48000B4360408302E0408AC6104085836040899
:10C4900000230F2B06D8104A52F8332012B1013373
:10C4A000DBB2F6E70F2B07D80B4A42F8330002EB5A
:10C4B000C302516018B2704700B583B0074B0093B8
:10C4C000074B5A220749022010F0FEFD4FF0FF30C3
:10C4D00003B05DF804FB00BF94EF0020C4360408ED
:10C4E000F0610408583604082DE9F04F83B0814606
:10C4F000884617461E46104D4FF0000A00E00835EA
:10C500002C6874B1D4F800B0009433463A464146E2
:10C510004846D847034640B10228F0D14FF0010AFF
:10C52000EDE7BAF1000F04D10123184603B0BDE8CE
:10C53000F08F0223F9E700BF94EF00200346B0F12B
:10C54000FF3F09D0054A52F83000002142F833106D
:10C5500002EBC302516070470020704794EF002047
:10C5600070B505460024264601E00134E4B20F2CE4
:10C570000CD8074B03EBC4035B68AB42F5D1044B0B
:10C5800053F834602046FFF7D9FFEEE7304670BD20
:10C5900094EF002010B504460379022B02D0052B3E
:10C5A00011D010BD4369002BFBD01A69002A03DBB0
:10C5B0005A69013A5A61F4E7586810F005FF60695A
:10C5C00010F002FFEDE7806810F0FEFEE9E70000E2
:10C5D00038B5002409E0C5EBC505AB001C210A48AD
:10C5E000184411F0D9F80134E4B2032C0AD82546D6
:10C5F000C4EBC4029300044AD0580028EBD010F0DA
:10C60000E3FEE8E738BD00BF14F0002038B510B1F4
:10C61000054600240EE0164B1868003818BF0120AC
:10C6200021E0B1F91020083128460FF085FEE8B16D
:10C630000134E4B20F2C15D80D4B53F834100029F7
:10C64000F6D00B79022B0FD18B7C13F0010FE8D0C1
:10C65000B1F91020083128460FF085FF0028E7D1F6
:10C66000012000E0002038BD0120FCE70120FAE7AE
:10C6700094EF00202DE9F8430446884615461F46EE
:10C68000BDF920609DF824902C2111F085F8B54269
:10C690004FD0B54205DC33462E461D463B46474645
:10C6A000984627816681A4F80C80E581237C69F394
:10C6B000010323746782A682A8EB070787EAE77362
:10C6C000A3EBE773AD1B85EAE572A2EBE57293423B
:10C6D000D4BF0023012394F8282063F3000284F8D8
:10C6E00028200023E361A3613D4A2260237194F86E
:10C6F000283013F0010F24D03FB14FF4801393FB87
:10C70000F7F305FB03F39B12E3613DB14FF4801394
:10C7100093FBF5F307FB03F39B12A361E369236229
:10C72000237C03F00303032B26D8DFE803F01F2C40
:10C730003344B9F1030FACD1013D2DB2013E36B205
:10C74000A7E73DB14FF4801393FBF5F307FB03F329
:10C750009B12A3613FB14FF4801393FBF7F303FBEC
:10C7600005F5AD12E561A3692362D9E794F8283095
:10C7700023F0020384F82830226A93106362002AAF
:10C780002ADBBDE8F88394F8283043F0020384F8EC
:10C790002830F1E7236A002B06DD94F8283043F0B7
:10C7A000020384F82830E7E794F8283023F00203E6
:10C7B00084F82830E0E7236A002B06DD94F828305F
:10C7C00023F0020384F82830D6E794F8283043F0A9
:10C7D000020384F82830CFE75B426362D1E700BFF1
:10C7E00017BA01082DE9F04182B007460D461646FA
:10C7F0001C46B42B02DDA3F1B40424B204F15A00A8
:10C8000000B210F0AFFC40F34F18204610F0AAFC25
:10C8100040F34F1408EB05039DF8202001923444A7
:10C8200024B200941BB2324629463846FFF722FF55
:10C8300002B0BDE8F08100002DE9F04184B004466B
:10C840000E461746BDF92850002B05DBB3F5B47F23
:10C8500003DB40F2671300E00023002D05DBB5F594
:10C86000B47F03DB40F2671500E00025AB4226DD14
:10C87000EA1A02F5B472A4F86820A381E581268142
:10C8800067812B4A2260012222719AB2B2F5B47FED
:10C890001CD8B32A28D80021002D02DBB3F5B47FC1
:10C8A00024DD244B0293244B0193244B0093244B0F
:10C8B00040F2C5122349032010F006FCFEE7EA1AF5
:10C8C000002AB8BF5242A4F86820D6E71E4B029354
:10C8D0001E4B0193194B0093194B40F2BD1219499D
:10C8E000032010F0F1FBFEE70121D5E7AAB2B32A3D
:10C8F00006D9B43A92B2B32A17D84FF0000801E033
:10C900004FF0010800913A46314604F11000FFF75C
:10C9100069FFCDF800802B463A46314604F13C00D1
:10C92000FFF760FF04B0BDE8F0814FF00108E9E7D0
:10C93000F7BA01082C37040844370408302E0408DD
:10C94000D861040858360408EC3604080437040893
:10C9500070B584B0044615468A88B1F9000086B2E5
:10C96000921B92B2013212B2B1F806C04E88ACEB03
:10C97000060C1FFA8CFC0CF1010C0FFA8CFC944590
:10C98000A8BF9446B5EB6C0F02DD4FEA6C0215B2FE
:10C99000002D21DB2081B1F902206281B1F9042050
:10C9A000A281B1F90620E2812582A27C63F3000214
:10C9B000A274434B2360022323717DB10023032B18
:10C9C00029D8C3EBC3013F4A02EB8102B2F9182018
:10C9D000AA4206D00133F2E70025DBE700236361BA
:10C9E0004FE0384A02EB810251690131516112690D
:10C9F0000F2D0EDD2D112A44B2F57A7FA8BF4FF41A
:10CA00007A723049C3EBC30001EB800002616061C0
:10CA100037E00125EFE70026334603E0294E06EB19
:10CA200081060133032B18D8C3EBC301254A02EB5F
:10CA300081025269002AF4D1002EEFD0C3EBC3016A
:10CA4000204A02EB8102116932699142E9DAC3EBB3
:10CA5000C3021C4E06EB8206E3E7A6B173690133FD
:10CA60007361002333610F2D27DD2B11B3F57A7F1E
:10CA7000A8BF4FF47A733361666129463046FFF7E9
:10CA80007DFB04B070BD1C2010F080FC064630B168
:10CA90001C2110F081FE4FF0FF333361ECE70A4BAD
:10CAA00002930A4B01930A4B00930A4B40F2052272
:10CAB0000949032010F008FBFEE70123D6E700BF79
:10CAC00073BE010814F00020FC2D04086C37040824
:10CAD000302E0408BC6104085836040810B504461A
:10CAE000382110F059FE4FF6FF73A380E3804FF01A
:10CAF000000323F0070323F0F80323F4F85323F48F
:10CB000060436381FF2222730223A3734FF000036B
:10CB100023F0070323F0F80323F4F85323F46043CE
:10CB2000E3834FF0000323F0070323F0F80323F41B
:10CB3000F85323F46043A385084B6361E270A27647
:10CB400084F82A2084F8222084F8362094F82330B0
:10CB50000F2262F3450384F8233010BDC46B040830
:10CB600008B5D388B2F802C0A3EB0C039BB2013323
:10CB70001BB2002B0BDD9388B2F800C0A3EB0C03B3
:10CB80009BB201331BB2002B01DD0369984708BD3E
:10CB900010B586B0A8B18446C46AFCB10D98059062
:10CBA0000C9804909DF82C0003900A980290BDF90F
:10CBB00024000190BDF9200000906046A04706B017
:10CBC00010BD0B4B02930B4B01930B4B00930B4B84
:10CBD00029220B49032010F077FAFEE7094B009356
:10CBE000064B2B220649022010F06EFAE7E700BF41
:10CBF000DC370408EC370408302E0408046204080B
:10CC00007C37040800380408F0B585B00446BDF848
:10CC100028500B9F1E4613B9B5F5807F6ED00023B8
:10CC2000ADF80030ADF80230ADF80410ADF80630C4
:10CC3000ADF80830ADF80A20ADF80C10ADF80E20B4
:10CC40003B462A46314668460FF0ECFC3B462A46F6
:10CC5000314601A80FF0E6FC3B462A46314602A8C1
:10CC60000FF0E0FC3B462A46314603A80FF0DAFC01
:10CC7000BDF90C30BDF908501A46AB42A8BF2A4690
:10CC8000BDF90410BDF900000E468142A8BF06465A
:10CC9000B242A8BF324692B2023A2280AB42B8BF3B
:10CCA0002B468142B8BF01468B42B8BF0B469BB2B0
:10CCB0000233A380BDF90E30BDF90A501A46AB42CB
:10CCC000A8BF2A46BDF90610BDF902000E468142F2
:10CCD000A8BF0646B242A8BF324692B2023A62806C
:10CCE000AB42B8BF2B468142B8BF01468B42B8BFAA
:10CCF0000B469BB20233E38005B0F0BD0380438056
:10CD000001398180013AC280F6E70000F0B583B0B6
:10CD100004460D4616460EF047FF074633462A46A0
:10CD20002146154800F08CFC60B1134B00229A623A
:10CD3000DB69CBB1104BDB69E3B90F480123C36159
:10CD400003B0F0BD0D4B00930D4B7D220D49022029
:10CD500010F0BAF9084C2C21204610F01DFD4FF0C0
:10CD60000043A3620020EBE738460EF021FF024BA0
:10CD7000D861DFE70048E3E708F1002080380408C5
:10CD800018620408243804087047000070B586B0A3
:10CD90000D4614460846FDF7E7FD0646E8B92B7830
:10CDA00003F01F03043BDBB2102B13D82B68C3F333
:10CDB0008A23226863F3942222606B88C3F34A13A8
:10CDC000628863F34F1262802A78237862F3040347
:10CDD00023700126304606B070BD012810D002280D
:10CDE0003ED12368012666F394232360638866F3AB
:10CDF0004F13638023780B2262F304032370E9E767
:10CE0000284610F03FF81C49E3F7FAF908B100266C
:10CE1000E0E70222294603A80FF086FF40B12378FD
:10CE200003F01F031C3303F01F03102BD2D9EEE7CE
:10CE300002AB0422214603A80FF09BFE054603A87F
:10CE40000FF078FE15B9029B042BE8D00B4B009332
:10CE50000B4B40F229120B49022010F035F9D6E7AE
:10CE6000094B0093064B4FF49D720649022010F0C7
:10CE70002BF90026AEE700BFAC38040810390408CF
:10CE800098620408B03804083439040838B54D6A8B
:10CE900085B10C460B7C012B0DD0E86808B110F071
:10CEA00093FA286908B110F08FFA284610F08CFA2E
:10CEB0000023636238BD28460FF03CFEEDE700001A
:10CEC0002DE9F04788B005460C46087C01281FD0A4
:10CED00020B94B689B68002B00F05881237D03F03C
:10CEE0001F00031F102B00F24181DFE813F08100C7
:10CEF000810081008A008A008A008A004E014E016A
:10CF00004E014F003F013F013F013F013F014F00F4
:10CF100048680FF0B7FFA149E3F772F908B10020A4
:10CF200034E10222616805A80FF0FEFE28B9636AA9
:10CF30006BB1616A05AA0C2325E0994B0093994BCC
:10CF40004FF4A8729849022010F0BEF8E7E71420C9
:10CF500010F01CFA606218B1142110F01DFCE8E713
:10CF6000924B0293924B0193924B00938D4B40F264
:10CF700057128D49032010F0A7F8FEE712F8010BB5
:10CF800001F8010B013B002BF8D1A7E7237C1BB371
:10CF90006369C3F38A23E28AC2F34A1202FB03F3F2
:10CFA00014281ED0012503FB05F5284610F0EEF9E4
:10CFB0000646002800F0ED80676A0022042138460A
:10CFC0000FF0FCFD00232A46314638460FF0D1FD14
:10CFD00048B9A6610120D9E063689B68A36101207C
:10CFE000D4E00325DFE7304610F0EEF90020CDE075
:10CFF000237C002B40F0CF8063689B68A3610120F5
:10D00000C4E0FDF783FC82464FF0010909FA00F9FC
:10D01000636ADBB1D4F82480022000FA0AF010F031
:10D02000B5F9C8F80C0040B3484610F0AFF9C8F89D
:10D03000100000282FD0D8F80C30002B39D0237CDA
:10D04000012B45D063689F6800238BE0142010F00B
:10D050009DF9606218B1142110F09EFBDAE7534B82
:10D060000293534B0193534B00934E4B4FF4CE72AC
:10D070004D49032010F028F8FEE74C4B02934E4B2D
:10D0800001934C4B0093474B4FF4D3724649032016
:10D0900010F01AF8FEE7454B0293484B0193454BBD
:10D0A0000093404B4FF4D4723F49032010F00CF82A
:10D0B000FEE7434B00933B4B4FF4D5723A490320B4
:10D0C00010F002F821462846FFF7E0FE00205DE060
:10D0D0000022042140460FF071FD002422E00023CD
:10D0E000042205A940460FF044FD9DF816009DF866
:10D0F00015309DF81420D8F80C105D09C008D2082E
:10D10000C3F3820365F3020760F3C70762F30C27DA
:10D1100063F34F3721F81470D8F810309DF81720BA
:10D120001A5501344C45DAD31EE007EB83018D78A4
:10D130004A7817F82340D8F80C004FEA521CED0843
:10D14000E408C2F382026CF3020665F3C70664F3D7
:10D150000C2662F34F3620F81360D8F81020C978F7
:10D16000D15401334B45E0D301200FE0214628463E
:10D17000FFF78CFE134B00930A4B4FF4E8720A49F9
:10D1800002200FF0A1FF002000E0012008B0BDE860
:10D19000F0870020FAE70120F8E700BFAC38040868
:10D1A0005C39040878620408B0380408FC2D0408CF
:10D1B00088390408302E0408A0390408BC39040852
:10D1C000D4390408003A04082DE9F04385B0054637
:10D1D0000C4691461F46D0F82480007D00F01F00C9
:10D1E000FDF794FB06466B69C3F38A2303FB0941F1
:10D1F00000FB01F1C9100022043140460FF0DEFCB3
:10D20000E8B90446C6F3C70606FB07F700230393F5
:10D2100003AB3A460C9940460FF0ABFC10B9039BA8
:10D22000BB4217D00C4B00930C4B40F22B220C4905
:10D2300002200FF049FF204605B0BDE8F083094BFE
:10D240000093064B4FF40972054902200FF03CFF92
:10D250000024F0E70124EEE7503A04082C620408A9
:10D26000B03804082C3A04082DE9F04F8BB007467B
:10D270000C4692461E46149D4FF47F43ADF8243071
:10D28000A3F5AD03A3F528530893594B0DF1100CEA
:10D290000FCB8CE80F003889002308E082B203EB43
:10D2A00043016A540131120A6A5401331BB2B3427A
:10D2B000F4DB387D00F01F00FDF728FB81464FF0BE
:10D2C000010808FA00F81FFA88F808F1FF381FFA79
:10D2D00088F83B7D03F01F030B3B032B47D8DFE8A7
:10D2E00003F0021E2E3D7B69C3F38A200730C01075
:10D2F000E3100AFB003AE44304F007040DF1240BA9
:10D300007B6A0293039010F0A9F8019000286CD07A
:10D310003B7CABBB7B6899685144002242E07B694F
:10D32000C3F38A2003308010A3100AFB003AA4B292
:10D33000E44304F0030464000DF1200BE0E77B6993
:10D34000C3F38A200130401063100AFB003A14F046
:10D35000010F11D104240DF1100BD1E77869C0F34E
:10D360008A2318460AFB034A0024A346C8E7002480
:10D37000A2462046A346C3E700240DF1100BBFE7E9
:10D3800000220AF1040102980FF018FC0023039A0E
:10D39000DDF804A0514602980FF0EBFB5146BCE7C4
:10D3A000013212B2B24219DA0B78234103EA0803C0
:10D3B000DBB2387D00F01F000E2801D01BF80330CF
:10D3C00002EB420002302B54A4EB090464B2002C9F
:10D3D000E6DAC9F1080464B20131E1E7019810F01E
:10D3E000D7F801200BB0BDE8F08F0020FAE700BFAE
:10D3F000702404082DE9F04F83B082460C4617468E
:10D4000099460C9D007D00F01F00FDF77FFA8046D5
:10D4100001268640B6B2013EB6B29AF8143003F047
:10D420001F03073B032B52D8DFE803F002233546E6
:10D43000DAF81430C3F38A200730C0104FEAE40B47
:10D4400007FB00BB0BF1080BE44304F00704DAF818
:10D450002470019010F002F80090002878D09AF81B
:10D460001030DBBBDAF804309B6803EB0B0C0020B8
:10D4700046E0DAF81430C3F38A20033080104FEA14
:10D48000A40B07FB00BB0BF1100BA4B2E44304F0A8
:10D4900003046400DBE7DAF81430C3F38A200130B8
:10D4A00040104FEA640B07FB00BB0BF1400B14F07C
:10D4B000010F11D10424CAE7DAF81400C0F38A235B
:10D4C000184607FB034404F5806B0024BFE74FF0C8
:10D4D000000B5C465846BAE70024B8E700220BF17F
:10D4E000040138460FF06AFB0023019ADDF800A022
:10D4F000514638460FF03DFBD446B8E7013000B244
:10D5000048451EDA9CF8003023413340DBB2FA680C
:10D5100032F8131000EB4002A95402F1010E090A7F
:10D5200005F80E1039690232CB5CAB54A4EB080449
:10D5300064B2002CE2DAC8F1080464B20CF1010C08
:10D54000DCE7009810F024F8012003B0BDE8F08F6C
:10D550000020FAE710B582B0084611461A46BDF918
:10D56000103090F814C00CF01E0EBEF1040F17D04E
:10D570000CF01F0CBCF1060F12D0ACF10B0E5FFAD1
:10D580008EFEBEF1030F18D9ACF1070C5FFA8CFCCC
:10D59000BCF1030F16D8059C0094FFF72BFF05E0A4
:10D5A00090F810C0BCF1010F02D0002002B010BDF5
:10D5B000059C0094FFF708FEF8E7059C0094FFF730
:10D5C00053FEF3E7054B0093054B4FF4FC720549FE
:10D5D00002200FF079FD0020E8E700BF743A04084C
:10D5E00054620408B0380408F8B506460F46042112
:10D5F000384610F0D1F8EEB13046FDF7B5F90546E2
:10D6000008B9B368BBB10D480FF0A6FC044600256D
:10D6100004E0214609480FF0A7FC04465CB12368EA
:10D62000002BF6D03A463146204698470546012859
:10D63000EFD100E000252846F8BD00BF44F10020EE
:10D640002DE9F04184B00646884617461C4628213D
:10D6500010F0A2F8B8F1000F60D04046FDF784F951
:10D66000054618B9D8F80830002B4FD037813574EB
:10D67000F460012D07D0C6F8048029480FF06CFC37
:10D68000044600251DE04046E2F7DAFF01300FF0C6
:10D690007DFE706018B141461DF0B6FDEDE7214BEF
:10D6A0000293214B0193214B0093214B7D22214971
:10D6B00003200FF009FDFEE7214619480FF054FC46
:10D6C000044604B32368002BF6D06268002AF3D026
:10D6D00006F114073A464146204698470546012878
:10D6E000EAD13460636831462046984705460128F0
:10D6F0000CD00421384610F04FF800233362B36198
:10D700007362F361D8E7337C012B03D0284604B061
:10D71000BDE8F08170680FF057FEF7E70025F5E7E8
:10D7200044F10020FC2D0408B03A0408302E04080F
:10D73000D0620408B038040830B583B0844600686D
:10D74000846844B1069D0195009313460A466146DC
:10D75000A04703B030BD0020FBE710B504460068C9
:10D7600030B1C3680BB121469847237C012B00D010
:10D7700010BD60680FF028FE00236360F8E700002A
:10D7800010B584B00B480FF0A9FB30B1044614214A
:10D7900010F002F8204604B010BD074B0293074B6F
:10D7A0000193074B0093074BD022074903200FF04A
:10D7B0008BFCFEE744F10020FC2D0408C43A040869
:10D7C000302E0408B8620408B038040801607047BD
:10D7D0004160704781607047C160704710B584B088
:10D7E000142112480FF072FBFFF7CAFF88B10446FC
:10D7F0000F49FFF7EBFF0F492046FFF7E9FF0E49FE
:10D800002046FFF7E7FF0D492046FFF7E5FF04B08C
:10D8100010BD0B4B02930B4B01930B4B00930B4B27
:10D8200040220B4903200FF04FFCFEE744F100209B
:10D830008DCD0108C1CE010855D501088DCE010856
:10D84000FC2D0408C43A0408302E0408E4620408DD
:10D85000B038040870472DE9F04791469846BDF965
:10D8600024A00A9AB3F90240B3F9003004FB09304E
:10D8700001EB4006B2F90210B2F9002001FB0A22C6
:10D88000089D05EB4205B8F804709BB2FF1ABFB2C1
:10D8900001373FB27F000AE03A46294630460FF092
:10D8A000BFFE06EB490605EB4A05013424B2B8F980
:10D8B0000610A142F0DABDE8F087000010B50C4672
:10D8C000582120460FF068FF104B6361104B236115
:10D8D000104B2363104B2362104BA361104B636208
:10D8E000104BA362104BE362104B6363104BA363B6
:10D8F000104BE363104B2364104B6364104BA36421
:10D90000104B63652C23E36410BD00BF91E2010856
:10D91000E1300208852902080D05020827FC0108EC
:10D920004D0D0208F50E02080537020855D801080A
:10D9300057D801089DFF0108E900020843010208C9
:10D94000DD01020899F2010870B582B004468369CE
:10D950009D6843892BB982891AB9C088228990426F
:10D960000ED31BB1A289002A40F0CD80002B56D0E7
:10D97000A389002B00F08D80A3699D6002B070BD6B
:10D9800023685E8800B20FF0EDFBB4F90430B4F9FF
:10D990000E209B1A03FB00F006EBE036ADF80260A8
:10D9A00023681E88E0885A3000B20FF0DBFBB4F920
:10D9B000043003FB00F006EBE036ADF804602368AA
:10D9C0005E88B4F908000FF0CDFBB4F9043003FB16
:10D9D00000F006EBE036ADF8066023681E8820896B
:10D9E0005A3000B20FF0BEFBB4F90430B4F90E2087
:10D9F0009B1A03FB00F006EBE036ADF800602A4608
:10DA0000694668460EF064FB0028B5D0A369C3F8E8
:10DA100008D062692169A069FFF7A2F8ACE7236822
:10DA2000B3F90020ADF800205A88A1880A44ADF867
:10DA300006205E88B4F906000FF094FBB4F90430B8
:10DA4000B4F90E209B1A03FB00F006EBE036ADF8AC
:10DA5000026023681E88E0885A3000B20FF082FB13
:10DA6000B4F9043003FB00F006EBE036ADF80460D7
:10DA70002A46694668460EF02BFB00283FF478AF33
:10DA8000A369C3F808D062692169A069FFF768F843
:10DA90006EE723681A88A1880A44ADF80420B3F918
:10DAA0000220ADF802205E88B4F908000FF05AFB9E
:10DAB000B4F9043003FB00F006EBE036ADF8066085
:10DAC00023681E8820895A3000B20FF04BFBB4F94E
:10DAD0000430B4F90E209B1A03FB00F006EBE0368D
:10DAE000ADF800602A46694668460EF0F1FA002853
:10DAF0003FF442AFA369C3F808D062692169A06905
:10DB0000FFF72EF838E793420AD0022B2FD0032BD1
:10DB100030D0032B7FF430AF012A7FF42DAF03E028
:10DB20002089E1888842F0D22368B3F90020ADF85B
:10DB30000020B3F90220ADF802201A88A1880A4417
:10DB4000ADF804205B880B44ADF806302A466946E0
:10DB500068460EF0BDFA00283FF40EAFA369C3F883
:10DB600008D062692169A069FEF7FAFF04E7012A7B
:10DB7000CDD1D9E7022ACCD1D6E770B582B0044620
:10DB800083699D684389012B14D0012B67D0A2893A
:10DB9000012A64D0934200F0DD8013B9022A00F01C
:10DBA000DE8013B9032A00F0DA80032B5CD1022A4D
:10DBB0005AD1D4E08289012AE7D1C08822899042D3
:10DBC000E3D223685E8800B20FF0CCFAB4F90430D7
:10DBD00003FB00F006EBE036ADF8066023681E8814
:10DBE000E0885A3000B20FF0BDFAB4F90430B4F94D
:10DBF0000E209B1A03FB00F006EBE036ADF8046044
:10DC000023685E88B4F908000FF0ACFAB4F9043068
:10DC1000B4F90E209B1A03FB00F006EBE036ADF8DA
:10DC2000026023681E8820895A3000B20FF09AFAE9
:10DC3000B4F9043003FB00F006EBE036ADF8006009
:10DC40002A46694668460EF043FA68B1A369C3F8EC
:10DC500008D062692169A069FEF782FF04E0012B08
:10DC600006D0A389012B3CD0A3699D6002B070BD92
:10DC700023681A88A188521AADF80020B3F902204F
:10DC8000ADF802205E88B4F906000FF06BFAB4F923
:10DC9000043003FB00F006EBE036ADF806602368C5
:10DCA0001E88E0885A3000B20FF05CFAB4F90430F4
:10DCB000B4F90E209B1A03FB00F006EBE036ADF83A
:10DCC00004602A46694668460EF002FA0028C8D069
:10DCD000A369C3F808D062692169A069FEF740FF13
:10DCE000BFE723681A88013AADF804205A88A18852
:10DCF0000A44ADF806205E88B4F908000FF032FA45
:10DD0000B4F90430B4F90E209B1A03FB00F006EBC3
:10DD1000E036ADF8026023681E8820895A3000B2D0
:10DD20000FF020FAB4F9043003FB00F006EBE03604
:10DD3000ADF800602A46694668460EF0C9F9002829
:10DD400092D0A369C3F808D062692169A069FEF77F
:10DD500007FF89E72089E1888842BFF41EAF236866
:10DD60001A88A188521AADF80020B3F90220ADF844
:10DD700002201A88013AADF804205B880B44ADF804
:10DD800006302A46694668460EF0A2F900283FF49C
:10DD90006BAFA369C3F808D062692169A069FEF777
:10DDA000DFFE61E770B582B0044683699D684389F0
:10DDB000022B13D0022B66D0A289022A63D0934291
:10DDC00000F0DC8013B9032A00F0DD80012B00F0A5
:10DDD000FD80012B5CD1002A5AD1D4E08289022A2D
:10DDE000E8D1C08822899042E4D223681E885A3044
:10DDF00000B20FF0B7F9B4F9043003FB00F006EB02
:10DE0000E036ADF8006023685E88B4F906000FF0D4
:10DE1000A9F9B4F90430B4F90E209B1A03FB00F001
:10DE200006EBE036ADF8066023685E88B4F90800BA
:10DE30000FF098F9B4F9043003FB00F006EBE0367C
:10DE4000ADF8026023681E8820895A3000B20FF0B6
:10DE500089F9B4F90430B4F90E209B1A03FB00F0E1
:10DE600006EBE036ADF804602A46694668460EF0D7
:10DE70002FF968B1A369C3F808D062692169A06964
:10DE8000FEF76EFE04E0022B06D0A389022B3CD0E5
:10DE9000A3699D6002B070BD23681A88013AADF88D
:10DEA00004205A88A188521AADF802201E88E08802
:10DEB0005A3000B20FF056F9B4F9043003FB00F009
:10DEC00006EBE036ADF8006023685E88B4F9060022
:10DED0000FF048F9B4F90430B4F90E209B1A03FB93
:10DEE00000F006EBE036ADF806602A466946684663
:10DEF0000EF0EEF80028C8D0A369C3F808D0626914
:10DF00002169A069FEF72CFEBFE723681A88A18863
:10DF1000521AADF800205A88013AADF806201E8842
:10DF200020895A3000B20FF01DF9B4F90430B4F969
:10DF30000E209B1A03FB00F006EBE036ADF8046000
:10DF400023685E88B4F908000FF00CF9B4F90430C6
:10DF500003FB00F006EBE036ADF802602A466946A6
:10DF600068460EF0B5F8002892D0A369C3F808D02F
:10DF700062692169A069FEF7F3FD89E72089E188DC
:10DF80008842BFF41FAF23681A88A188521AADF8DF
:10DF900000205A88521AADF802201A88013AADF8CA
:10DFA00004205B88013BADF806302A466946684686
:10DFB0000EF08EF800283FF46BAFA369C3F808D0C9
:10DFC00062692169A069FEF7CBFD61E7032A7FF44E
:10DFD00000AFD8E770B582B0044683699D68438975
:10DFE000032B12D0032B65D0A289032A62D093425F
:10DFF00000F0DB80022B00F00081012B00F000819B
:10E00000022B5CD1012A5AD1D4E08289032AE9D1BA
:10E01000C08822899042E5D223681E885A3000B217
:10E020000FF0A0F8B4F90430B4F90E209B1A03FBEA
:10E0300000F006EBE036ADF8006023685E88B4F9C6
:10E0400006000FF08FF8B4F9043003FB00F006EB84
:10E05000E036ADF8026023681E8820895A3000B28D
:10E060000FF080F8B4F9043003FB00F006EBE03663
:10E07000ADF8046023685E88B4F908000FF072F808
:10E08000B4F90430B4F90E209B1A03FB00F006EB40
:10E09000E036ADF806602A46694668460EF018F884
:10E0A00068B1A369C3F808D062692169A069FEF765
:10E0B00057FD04E0032B06D0A389032B3CD0A369B2
:10E0C0009D6002B070BD23681A88A1880A44ADF82B
:10E0D00004205A88013AADF806201E88E0885A309C
:10E0E00000B20FF03FF8B4F90430B4F90E209B1AD7
:10E0F00003FB00F006EBE036ADF8006023685E88B5
:10E10000B4F906000FF02EF8B4F9043003FB00F068
:10E1100006EBE036ADF802602A46694668460DF027
:10E12000D7FF0028C8D0A369C3F808D06269216965
:10E13000A069FEF715FDBFE72368B3F90020ADF82D
:10E1400000205A88A188521AADF802201E88208922
:10E150005A3000B20FF006F8B4F9043003FB00F0B7
:10E1600006EBE036ADF8046023685E88B4F9080079
:10E170000EF0F8FFB4F90430B4F90E209B1A03FB3B
:10E1800000F006EBE036ADF806602A4669466846C0
:10E190000DF09EFF002892D0A369C3F808D06269F1
:10E1A0002169A069FEF7DCFC89E72089E1888842C3
:10E1B000BFF420AF2368B3F90020ADF800205988E0
:10E1C000A288891AADF8021019880A44ADF8042013
:10E1D0005B88013BADF806302A46694668460DF07B
:10E1E00077FF00283FF46BAFA369C3F808D06269DA
:10E1F0002169A069FEF7B4FC61E7002ADAD0FCE6E9
:10E20000002AD7D0FCE62DE9F84380461D46570882
:10E2100082F0010606F00106A1EB5209C0F15A0096
:10E2200000B20EF09FFF00FB09F4E41140460EF02F
:10E2300099FF00FB09F2D211002C15DD7F3CC4F3DD
:10E240000F24E31B16FA83F32B803C44AC80002A96
:10E2500014DD7F3AC2F30F22D31B16FA83F36B80CF
:10E260003A44EA80BDE8F8837F34C4F30F24E31B0B
:10E270002B803C44A4B2A41BAC80E8E77F32C2F3FD
:10E280000F22D31B6B803A4492B2921BEA80E9E7DB
:10E290002DE9F04FCDB002901F46BDF85851BDF8A2
:10E2A0005C410B7B022B40F200810E469046B1F997
:10E2B0000290B9F1000F00F0F880A54200F0F5805F
:10E2C000B94501DD0FFA87F93EA8FEF707FC737B1D
:10E2D000C3F301038DF8FA30B368002B54D0002249
:10E2E0008DF8FB204293337B8DF81231B8F8002073
:10E2F000A2EB070C0FFA8CFBADF8F0B0B8F80210E7
:10E30000A1EB070E0FFA8EFAADF8F2A03A4492B2E2
:10E31000013A93B212B2ADF8F420394489B201390E
:10E3200088B209B2ADF8F610ADF8E8B0ADF8EAA0E1
:10E33000ADF8EC20ADF8EE10728812FA8CFC1FFAE2
:10E340008CFCADF8E8C012FA8EFE1FFA8EFEADF816
:10E35000EAE09B1A9BB2ADF8EC30801A80B2ADF8BF
:10E36000EE00A3EB0C039BB201331BB2002B21DDAB
:10E37000A0EB0E039BB201331BB2002B0BDC00237E
:10E3800004934FF0FF3A19E0337B8DF8FB3033886C
:10E39000ADF8FC30AAE7012347F6FF723AA934A88A
:10E3A000FEF7D6FA002134A8FEF772F88246012360
:10E3B000049303E0002304934FF0FF3A002347F651
:10E3C000FF723CA92EA8FEF7C3FA00212EA8FEF783
:10E3D0005FF8039005F5B473A34203D004F5B4735A
:10E3E0009D421FD147F6FF73ADF8F8303CAA3EA915
:10E3F0000298FEF7B5FB0398FEF7A0F8BAF1FF3FCD
:10E4000009D12EA8FEF7C6F8049B002B4DD034A8E6
:10E41000FEF7C0F849E05046FEF790F8F1E7A5F5A1
:10E42000B475ADB2B5F5B47FF9D202E0A4F5B47419
:10E43000A4B2B4F5B47FF9D22BB207930FFA84FBE0
:10E44000CDF800B0B8F90220B8F9001013A8FEF713
:10E45000F3F9002113A8FEF71BF80590A54227D277
:10E46000631BC3F5B473029A926806923C2B01DDDC
:10E470000A2F1FD83CAA3EA90298FEF771FB13A8E9
:10E48000FEF788F82EA8FEF785F8049B002B3DD1F7
:10E490000598FEF753F80398FEF750F8BAF1FF3FDE
:10E4A00038D1737B13F0040F38D14DB0BDE8F08F35
:10E4B0002B1BD8E7CDF83080ADF83470ADF836506E
:10E4C000ADF838406B08574AA2FB0313C3F341135E
:10E4D000ADF83A306308A2FB0323C3F34113ADF850
:10E4E0003C30ADF83E903EAB10933CAB1193029B99
:10E4F00012930CA8FFF728FA0CA8FFF73EFB0CA814
:10E50000FFF750FC0CA8FFF765FDB8E734A8FEF74D
:10E5100041F8BDE75046FEF711F8C2E73FB25FFA97
:10E5200089F908AB4A4639460798FFF76CFEBDF8F3
:10E530002030B8F800201344ADF82030BDF8243066
:10E540001344ADF82430BDF82230B8F8022013444B
:10E55000ADF82230BDF826301344ADF8263008AAB5
:10E5600006990AA80DF0B4FD38BB08AB4A463946F7
:10E570005846FFF748FEBDF82030B8F80020134495
:10E58000ADF82030BDF824301344ADF82430BDF888
:10E590002230B8F802201344ADF82230BDF82630FE
:10E5A0001344ADF8263008AA06990AA80DF090FD8C
:10E5B000E8B9029B069A9A6077E7002347F6FF7254
:10E5C00008A90CA8FEF7C4F900210CA8FDF760FF0C
:10E5D00004460AAB029883603CAA3EA9FEF7C0FA43
:10E5E0002046FDF7ABFF0CA8FDF7D4FFBDE70023E5
:10E5F00047F6FF7208A90CA8FEF7AAF900210CA89B
:10E60000FDF746FF04460AAB029883603CAA3EA988
:10E61000FEF7A6FA2046FDF791FF0CA8FDF7BAFF1A
:10E62000C7E700BFB7600BB683B2C0F3072040EA6C
:10E6300003208BB2C1F3072141EA032104320B040A
:10E6400013FA81F10A4B19404FEA004C1CFA80F092
:10E650001840401AD20800FB02F201EB5211194097
:10E6600041EA114188B2C1F3072141EA0020704715
:10E670001FF8E00710B584460388C1F3C40002FB0D
:10E68000003303EB032003EBC013C3F3C4534FF079
:10E69000000063F3C700BCF8023001F00704C1F3C7
:10E6A000423E0EEBC40E0EFB023303EB032E03EBD4
:10E6B000CE13C3F3826E6EF30200C3F3C25363F34F
:10E6C0004F30BCF80430C1F3042101FB023202EBED
:10E6D000022302EBC312C2F3C45262F30C2010BD3A
:10E6E000022A2FD908B5C1F3C403C0F3C40C634494
:10E6F0001F2B28BF1F2363F3C70001F0070CC1F3D2
:10E70000423303EBCC0300F0070C03EBCC03C0F364
:10E71000423C63443F2B28BF3F23C3F3C20C6CF33E
:10E72000020063F34F30C1F30423C0F3042C6344AD
:10E730001F2B28BF1F2363F30C20FF2A01D0FFF7F4
:10E7400073FF08BD08467047022A2ED908B5C1F3E9
:10E75000C403C0F3C40CA3EB0C0323EAE37363F319
:10E76000C70001F0070CC1F3423303EBCC0300F008
:10E77000070C03EBCC03C0F3423C634423EAE3738E
:10E78000C3F3C20C6CF3020063F34F30C1F30423F4
:10E79000C0F3042CA3EB0C0323EAE37363F30C2014
:10E7A000FF2A01D0FFF740FF08BD08467047022A44
:10E7B00033D910B5C0F3C403C1F3C40404FB03F39D
:10E7C000C3F3441363F3C700C0F30423C1F3042469
:10E7D00004FB03F3C3F3441363F30C2000F0070CB2
:10E7E000C0F3423E0EEBCC0C01F00704C1F3423300
:10E7F00003EBC40303FB0CFCCCF3422464F30200E0
:10E800000EEBC40E0EFB03F3C3F3821363F34F301E
:10E81000FF2A01D0FFF708FF10BD084670472DE919
:10E82000F04F8BB005900D4606929A469DF850B079
:10E83000159EBDF958300993FBF7DEFC81469EB169
:10E84000AF882B88FF1ABFB201373FB2EB886A88C6
:10E850009B1A9BB201330FFA83F84FF0000C07901C
:10E86000E146CDF8208044E0B5F902703A46059EB5
:10E87000DDF818805B46AB461D4613E0D9F8000072
:10E88000C7690295ADF804A0BDF91430009323B216
:10E8900042463146B8470134BBF90430A342EDDAB1
:10E8A000059A0132BBF90630934227DBBBF90040E1
:10E8B0000592F1E70134BC4217DA325D002AF9D043
:10E8C000079B1868D0F81C802B882344698849442A
:10E8D00002FB0BF2120A0292ADF804A009B20091F9
:10E8E0001BB2069A0599C047E4E7099B1E4409F14B
:10E8F0000109089B994501DA0024DCE70BB0BDE86B
:10E90000F08F2DE9F04F8BB004900D4605921F4615
:10E91000BDF9503008939DF854B0DDF85880BDF92A
:10E920005C90FBF769FC8246AE882B88F61AB6B27B
:10E93000013636B2EB886A889B1A9BB201331BB250
:10E940000793B8F1000F27D04FF0000C0690E24675
:10E95000CDF82490B94647E0DAF80000C6692B8864
:10E9600023446A884A44CDF808B037F81410ADF84B
:10E97000041012B200921BB2059A0499B0470134F8
:10E980004445E9DB089B07EB430709F10109079BB5
:10E9900099452EDA0024F3E74FF00009B046F6E778
:10E9A0000134B44219DA18F80420002AF8D0069B82
:10E9B0001868C7692B8823446988514402FB0BF20D
:10E9C000120A029239F81420ADF8042009B200911D
:10E9D0001BB2059A0499B847E2E7099B9844089B43
:10E9E00009EB43090AF1010A079B9A4501DA002461
:10E9F000D7E70BB0BDE8F08F2DE9F04F87B00446A4
:10EA0000019299469DF840300093119DBDF948C090
:10EA10008F880B88FF1ABFB201373FB2B1F806B03A
:10EA20004B88ABEB030B1FFA8BFB0BF1010B0FFABF
:10EA30008BFB85B14FEA094111FA89FA009BFC2B47
:10EA400040F2EC80A7F104080023CDF800B09B460B
:10EA5000CDF808C0DDE0009BFC2B2ED84FF0000164
:10EA600021F0070121F0F80121F4F85121F460416F
:10EA70000E46009D2A464846FFF7D6FD2B46043336
:10EA800003F0F803C9F3C40203FB02F2ADF810204F
:10EA900009F00701C9F3423202EBC10213FB02F293
:10EAA000ADF81220C9F3042203FB02F2ADF81420E2
:10EAB00083F0FF094FF0000A26E00025019E5D4526
:10EAC00080F2F0803A46494620460DF08BFE04EB7A
:10EAD00046040135F3E734F815604A46314604A888
:10EAE000FFF7C8FDA8F800000135BD4207DAB3B250
:10EAF00004EB450834F815209342ECD1F2E7019B72
:10EB000004EB43040AF1010ADA4580F2CB800025C8
:10EB1000EBE7A4F80090013502340136BE4257DA23
:10EB200015F0030F08D02A78FF2AF2D02188484632
:10EB3000FFF77AFD2080EEE73B4657469A460BE00A
:10EB400014F0030F32D0A4F80090C4F80270A4F8B7
:10EB5000069008340435043646453DDC2B68B3F195
:10EB6000FF3FEDD08BB32A78FF2A22D02188484678
:10EB7000FFF75AFD20806A78FF2A1DD06188484639
:10EB8000FFF752FD6080AA78FF2A18D0A188484676
:10EB9000FFF74AFDA080EA78FF2A13D0E1884846B3
:10EBA000FFF742FDE08004350834D4E72760676052
:10EBB000CFE7A4F80090DEE7A4F80290E3E7A4F81A
:10EBC0000490E8E7A4F80690EDE704350834C2E7BE
:10EBD0003B4657469A46BFE75346BA461F4604E0AF
:10EBE000A4F80090013502340136BE4208DA2A78D2
:10EBF000FF2AF5D021884846FFF716FD2080F1E76F
:10EC0000019BDB1B04EB4304029BDB1B1D440BF14C
:10EC1000010B009B9B4545DA00267FE700880246F2
:10EC20004FF0000A5346CDF808B0D346A046CDF8C1
:10EC30000CC032E0DDF800A09C421ED0BAF1FF0FFC
:10EC400021D0524638F816104846FFF7EDFC38F848
:10EC5000162028F81600234601350136BE4214DA84
:10EC60002C78002CF8D09C42E6D0FF2CE2D0009902
:10EC700004FB01FA4FEA1A2ADEE793B238F81610BD
:10EC80008B42DBD1E5E74846E1E7019908EB410813
:10EC90000399CC1B25440BF1010B02998B4501DA3A
:10ECA0000026DBE707B0BDE8F08F2DE9F04F87B015
:10ECB000064601921F46BDF9403003939DF844A0DB
:10ECC000DDF84890BDF94CC0B1F804800B88A8EB82
:10ECD00003081FFA88F808F101080FFA88F8CB88B2
:10ECE0004A889B1A9BB201331BB20293B9F1000F01
:10ECF0000AD0BAF1FD0F40F21481A8F1040A4FF0D6
:10ED0000000BCDF814C0E1E0BAF1FC0F04D80025E7
:10ED10009946DDF80CB01AE00024029DDDF804905D
:10ED2000DDF80CA0AC4280F204814FEA480239467B
:10ED300030460EF075FC06EB490607EB4A07013436
:10ED4000F0E7019B06EB430607EB4B0701354D450A
:10ED500080F2EF8000244445F3DA524636F814106E
:10ED600037F81400FFF760FC26F814000134F2E7CE
:10ED700037F8143026F814300135013444457FDA71
:10ED800015F0030F0DD02A78002AF5D0FF2AEFD016
:10ED900036F8141037F81400FFF746FC26F8140074
:10EDA000EAE7CDF810B014E037F8143026F8143044
:10EDB000631C37F8132026F81320A31C37F8132000
:10EDC00026F81320E31C37F8132026F81320043507
:10EDD0000434544557DA2B68002BF8D0B3F1FF3FC9
:10EDE000E2D02A784AB1FF2A33D036F8141037F827
:10EDF0001400FFF719FC26F814006A785AB1FF2AAC
:10EE00002CD004F1010B36F81B1037F81B00FFF76C
:10EE10000BFC26F81B00AA785AB1FF2A24D004F173
:10EE2000020B36F81B1037F81B00FFF7FDFB26F826
:10EE30001B00EA78002ACAD0FF2A1BD004F1030B7A
:10EE400036F81B1037F81B00FFF7EEFB26F81B0007
:10EE5000BDE737F8143026F81430CEE7631C37F8D6
:10EE6000132026F81320D6E7A31C37F8132026F822
:10EE70001320DEE7E31C37F8132026F81320A6E75B
:10EE8000CDF810B0A5E7DDF810B009E036F81410A1
:10EE900037F81400FFF7C8FB26F8140001350134D9
:10EEA000444509DA2A78002AF8D0FF2AEED137F84B
:10EEB000143026F81430F1E7019B06EB4306039B60
:10EEC00007EB4307059B99440BF1010B029B9B4504
:10EED0002FDA4D46002451E7524636F815103BF81C
:10EEE0001500FFF7A1FB26F81500013444450ADAA6
:10EEF000254619F80420002AF7D0FC2AECD802FB9A
:10EF00000AF2120AE9E7019B06EB4306039B0BEBAF
:10EF1000430B049B99440137029B9F4209DA00246A
:10EF2000E4E74FF0000B3B465F46CDF810C09B4630
:10EF3000F2E707B0BDE8F08F2DE9F04F89B0054644
:10EF4000059299469DF848300393139FBDF95030C0
:10EF500007939DF85420B1F804800B88A8EB0308B0
:10EF60001FFA88F808F101080FFA88F8CB88498859
:10EF70005B1A9BB201330FFA83FB022A0FD0032ADC
:10EF80001AD0012A1BD0454B0093454B40F22D224D
:10EF9000444902200EF098F809B0BDE8F08FDFF880
:10EFA00008A17FB12B8819463B78FC2B37D8039AF0
:10EFB00002FB03F31A0A33E0DFF8F0A0F1E7DFF811
:10EFC000F0A0EEE72E88039C224631464846D04703
:10EFD000CDF810B0BB465746A24619E0ABF800008A
:10EFE000013444450DDAB3B205EB440B35F8142077
:10EFF0009342F3D035F81460524631464846B8473C
:10F00000ECE7DDF80CB0059B05EB43050BF1010BBC
:10F01000049B9B45C0DA0024CDF80CB0E1E7039ACD
:10F020000C464846D0470023CDF818B09B46A4466E
:10F030002CE01FFA8CF135F814E0714516D108E088
:10F04000039A35F816104846D0479BF8003035F83B
:10F0500016C025F81600013444450EDA264607EBA3
:10F06000040B3A5D002AF6D09A42E2D0FC2AE7D897
:10F07000039B03FB02F2120AE3E7DDF810B0059AE6
:10F0800005EB4205079A17440BF1010B069A9345CD
:10F0900082DA0024CDF810B0DEE700BF383B040868
:10F0A00008630408D43A040849E70108AFE70108F7
:10F0B000E1E601082DE9F04F8BB0804607929946B2
:10F0C000BDF9503008939DF854300393169CBDF958
:10F0D0005C3009939DF86020B1F804B00B88ABEB6D
:10F0E000030B1FFA8BFB0BF1010B0FFA8BFBCB8889
:10F0F00049885B1A9BB201331BB20693022A0FD0D8
:10F10000032A1DD0012A1ED0514B0093514B40F2CF
:10F110008532514902200DF0D7FF0BB0BDE8F08FCA
:10F120004E4B049394B1B8F800A0B9F8007023785E
:10F13000FC2B41D8039A02FB03F31B0A02933DE028
:10F14000474B0493EEE7474B0493EBE7B8F800A076
:10F15000B9F80070039A51463846049CA047002530
:10F160002E46254622E038F806A00F88039A51461D
:10F170003846A84728F8060001345C450EDABBB2D1
:10F18000660009EB440139F814209342EBD11FFAD1
:10F190008AF338F814209342E5D1EBE7029E079BEF
:10F1A00008EB4308089B09EB43090136069B9E4286
:10F1B000B3DA00240296E0E7039B0293029A5146D9
:10F1C0003846049B984700263546DDF808E0CDF820
:10F1D00008B0264634E0039DBBB209EB4B0139F879
:10F1E0001B20934219D038F81BA00F882A4651469D
:10F1F0003846049B9847AE4628F81B000134029B12
:10F200009C4213DAA346355D002DF7D0FC2DE2D8E1
:10F21000039B03FB05F52D0ADEE71FFA8AF338F896
:10F220001B209342DFD1AE45DDD1E5E7059D079B6D
:10F2300008EB4308089B09EB4309099B1E44013571
:10F24000069B9D42BFF669AF00240595D7E700BF36
:10F25000383B0408FC620408D43A040849E7010872
:10F26000AFE70108E1E601080B7E022B00D87047EA
:10F2700030B583B005460C468268096868460CF0D4
:10F2800027FF38B16B6B0BB1284698476B6D214651
:10F290002846984703B030BD2DE9F04F8BB00646A5
:10F2A0000C46CF680FB10B7C7BB1237C012B0FD0B8
:10F2B00073689D881B88ED1AADB201352DB2B26816
:10F2C000216808A80CF004FF20B90BB0BDE8F08F4E
:10F2D0000027EDE7FAF790FF0790D6F800B0036833
:10F2E000DA69002A5ED0D4F804A0BAF1000F00F069
:10F2F00081802268B2F80490B2F9001088B2A9EBBC
:10F3000000091FFA89F909F101090FFA89F9BDF914
:10F310002200B2F90220801ABDF92020521A00FB07
:10F3200009220AEB420A002F77D01B7C13F0080851
:10F3300063D06369B3F80480B3F9002091B2A8EBFD
:10F3400001081FFA88F808F101080FFA88F8BDF9DA
:10F350002210B3F90230C91ABDF920309B1A01FB03
:10F3600008331F44736819885A885242494212B2BE
:10F3700009B208A80CF09DFE079B1B68DB69002BF7
:10F380005AD06368002B4BD0237ECDF80C800297B7
:10F390000193CDF8009053462A4608A95846FFF736
:10F3A000B0FA92E71A7C12F0400F0FD1BDF922108B
:10F3B0007068B0F90220891ABDF92020B0F9000068
:10F3C000121A01FB05220BEB420B8CE7BDF9222040
:10F3D0007068B0F90210521A05FB02F202EB420209
:10F3E000BDF92010B0F90000091A01EB41010A44EF
:10F3F000934478E74FF0000995E760690CF03CFE14
:10F40000002302E0414611700133834291DAFA1879
:10F41000F95C8029F6D9FF21F5E74FF00008A1E754
:10F42000237ECDF808800197009323892A4608A9F6
:10F430005846FFF7F4F948E7637EDBB963686BB1C0
:10F44000237ECDF80C8002970193CDF800905346AF
:10F450002A4608A95846FFF728FC36E7237ECDF850
:10F4600008800197009323892A4608A95846FFF788
:10F47000C3FA2AE7626872B1227E0493CDF80C8049
:10F4800002970192CDF8009053462A4608A95846A3
:10F49000FFF710FE19E7227E0393CDF8088001974D
:10F4A000009223892A4608A95846FFF745FD0CE734
:10F4B000C0F3C40303EB4312C3EBC2030733C3F32C
:10F4C0004713002263F3174200F00701C0F34233F1
:10F4D00003EBC10303EBC31103EB41030333C3F39A
:10F4E000871363F30F22C0F3042000EB4013C0EB3B
:10F4F000C3030733C3F3471363F3070242F07F40AC
:10F500007047484080EA62007047B0F90C00400044
:10F51000033020F003001030704700000A4B1B68D6
:10F520007BB110B5044638B1FFF7EFFF2044074B1D
:10F530001B68984203D210BD054B1868FBE70020FA
:10F54000F9E70020704700BF78ED002074ED00203F
:10F550008CEF0020F8B506460D4617460020FFF751
:10F56000DDFF044603E02046FFF7D8FF04466CB1F8
:10F57000636833F0404307D029462046B04701284E
:10F58000F1D127B13C6002E0002000E00020F8BD8E
:10F590004368C3F31D030A68934200D20B60002046
:10F5A000704702680B689A4201D000207047012022
:10F5B000704700002DE9F04387B007460E46154618
:10F5C000437A03F00703022B41D09046B542B8BFFF
:10F5D00035466C00033424F0030410343C4BD3F85C
:10F5E00000903C4B1B68A9EB0303E1183A4A1268F0
:10F5F00091422ED299F8073023F0800389F8073022
:10F60000324641463846FFF77CFFC9F80000D9F87A
:10F610000430012262F31D03C9F8043099F8073061
:10F6200023F0400389F80730A9F80C50A9F80E80A0
:10F630005BB2002B47DB264A136803F11001C9F8BF
:10F64000081023441360484607B0BDE8F08388469D
:10F65000BCE7A2421BD220460DF098FE814628B39B
:10F66000C37943F08003C371CAE74FF0FF330593BA
:10F67000002205A91948FFF76DFF002205A91848C7
:10F68000FFF768FF124B1B68124A12689B1A23444B
:10F69000114A12689342E8D80D4BD3F8009099F8BC
:10F6A000073023F0800389F80730A9E70D4B029358
:10F6B0000D4B01930D4B00930D4BC0220D490320C0
:10F6C0000DF002FDFEE709F11003C9F80830BAE7B2
:10F6D00074ED00208CEF002078ED002091F50108FA
:10F6E0004DF70108FC2D0408C83B0408302E04081F
:10F6F00030630408603B04082DE9F0410646FFF73B
:10F7000004FF114A13689F1B1B1A13603F1A01D193
:10F71000BDE8F0810546C0F100083A463118304690
:10F720000DF07EFF344606E0A3684344A360204604
:10F73000FFF7EBFE0444044B1B68A342F4D12946B7
:10F74000F0190EF029F8E3E774ED002008B54368DE
:10F75000C3F31D030A68934201D0002008BDFFF7E0
:10F76000CBFF0120FAE7000030B585B004460F4D0D
:10F7700028680DF029FE20460DF008FE28600C4B8D
:10F78000186030B121460EF007F80A4B1C6005B036
:10F7900030BD094B0293094B0193094B0093094B70
:10F7A000F422094903200DF08FFCFEE78CEF0020C6
:10F7B00074ED002078ED0020FC2D0408D83B0408EF
:10F7C000302E040850630408603B04082DE9F0471C
:10F7D00082B00746837801FB03F3B2EB232F0EDDE3
:10F7E000884615461912027A501E07EB80039B7853
:10F7F00003FB08F3B5EB232F05DA012408E00088AA
:10F8000002B0BDE8F08737F82000F9E70134E4B230
:10F81000A2421FD907EB84039B7803FB08F34FEA4E
:10F820002329B5EB232FF1DC04F1FF3A37F82A0046
:10F83000FFF73EFE064637F82400FFF739FE844600
:10F8400007EB8A0A9AF8023003FB08F31912A9EBB6
:10F85000232300E00023002B3ED06D1A2DB2C5EB10
:10F86000052595FBF3F3DBB2DA43D2B2CCF30720E4
:10F87000C6F3072102FB01F103FB001101EB01209C
:10F8800001EBC011C1F302744FF0000064F30200F9
:10F89000CCF30745C6F3074402FB04F403FB05441D
:10F8A00004EB042504EBC514C4F3846464F3C700BB
:10F8B0005FFA8CFCF6B206FB02F203FB0C2303EBAF
:10F8C000032203EBC213C3F3846363F30C20C1F37D
:10F8D000426161F34F3093E7054B0193054B009371
:10F8E000054B4FF4A372054903200DF0EDFBFEE735
:10F8F000F43B0408FC3B040818630408603B04085C
:10F90000437A13F0070F51D070B584B005460C460A
:10F910001646274B1B78E3B16B7A03F00703022BE3
:10F920001ED0314622462846FFF7EBFD0390002308
:10F93000029302AA03A91F48FFF70CFE012811D069
:10F94000324621462846FFF735FE029098B1002442
:10F9500025E00020FFF708FF154B01221A70DBE7B6
:10F960002146DFE702984368C3F31D02013262F3C8
:10F970001D03436018E0104B0093104B40F211122E
:10F980000F4902200DF0A0FB02980DE08668224688
:10F990002846FFF71BFF26F81400013424B2029812
:10F9A000B0F90E10A142F1DC04B070BD0020704728
:10F9B00070ED0020A3F50108183C0408406304081A
:10F9C000603B040808B590F90730002B00DB08BD48
:10F9D0000DF0FAFCFBE710B584460388C1F3C400C0
:10F9E00002FB003303EB032003EBC013C3F3C45348
:10F9F0004FF0000063F3C700BCF8023001F00704C9
:10FA0000C1F3423E0EEBC40E0EFB023303EB032E9A
:10FA100003EBCE13C3F3826E6EF30200C3F3C25343
:10FA200063F34F30BCF80430C1F3042101FB023210
:10FA300002EB022302EBC312C2F3C45262F30C20A6
:10FA400010BD2DE9F04F87B08346019102920393D8
:10FA5000BDF940A09DF848300493139C149D043BCD
:10FA6000102B00F2DD80DFE803F0094D09DBDBDB62
:10FA7000DBDBDBDBDBDBDBDBDBDB8C000CF0FCFA7A
:10FA80000146029028460DF0B1FEBBF90260BBF9B9
:10FA9000003006FB0A37019A02EB4707BBF80480E7
:10FAA0009BB2A8EB03081FFA88F808F101080FFAC7
:10FAB00088F84FEA48084FEA4A0A0FFA8AFAA1463C
:10FAC00008E04246394648460DF0AAFD5744C14475
:10FAD000013636B2BBF90630B342F2DA049B062B8C
:10FAE00040F09E800023029800E00133834280F0C2
:10FAF000978034F813104EF207029142F5D100229C
:10FB0000EA54F2E7B0F90230B0F9001003FB0A1230
:10FB100002EB4202019810440246BBF8046089B22D
:10FB2000761AB6B20136B6B2AAEB060C1FFA8CFCF6
:10FB30000CEB4C0C0FFA8CFCBBF806E09BB2AEEB66
:10FB4000030E1FFA8EFE0EF1010E0FFA8EFE36B274
:10FB5000002712E09178E9541178507801EB0021E8
:10FB600024F81310033201331BB2B342F2DB04EB6F
:10FB700046043544624401373FB2774550DA0023EA
:10FB8000F3E7B0F90220B0F9003002FB0A3801991E
:10FB900001EB48084FEA4A0109B2B0F8069092B268
:10FBA000A9EB02091FFA89F909F101090FFA89F98C
:10FBB00087889BB2FF1ABFB201373FB2002604907C
:10FBC0008B46CDF814A00AE04FEA470A5246414658
:10FBD00020460DF025FD5444D844013636B24E453A
:10FBE000F2DBDDF810B0DDF814A0029B039A02FBF3
:10FBF00003F3BBF90210BBF9002001FB0A2202EB60
:10FC00004303019E1E44002408E03A46314628463C
:10FC10000DF006FD3D445644013424B24C45F4DB5E
:10FC200007B0BDE8F08F2DE9F04FA1B007900F4667
:10FC300090460C939DF8A83009938368B3F900208F
:10FC4000ADF87820B3F90220ADF87A20B3F904209A
:10FC5000ADF87C20B3F90630ADF87E301EA8FCF775
:10FC6000D5FC05460B903C680A941C2115A80DF0A4
:10FC700093FDFB7A8DF86C303B7BC3F303038DF867
:10FC80006D301CAB159345B9B4F1807F00F0BE8098
:10FC90000A9BB3F1807F00F0CA800B9B23B90A9BBB
:10FCA000B3F1807F00F0E380079B9A68B2F90010FF
:10FCB000ADF87010B2F90430ADF87430B2F90250FA
:10FCC000ADF87250B2F90620ADF87620B8F804000D
:10FCD000B8F80040001B80B2013000B20F90B8F8B5
:10FCE0000600B8F80240001B80B2013000B20E904E
:10FCF00094B2ADB2641BA4B2013424B29DB289B2F5
:10FD00006D1AADB201352DB2FAF776FA0BF058FE46
:10FD100006461CA80CF0B0F9864201D2B6FBF5F4F9
:10FD200005FB04F94FEA49000DF098FB06464846EA
:10FD30000DF094FB089018901CAB1A9302238DF8D9
:10FD400064301696BDF976A0BDF87230A2B20D925D
:10FD500013449BB2013BADF87630099B042B00F0B5
:10FD6000B28002238DF86430BDF97230534500F340
:10FD70000B81BDF97020ADF84C20ADF84E30BDF9C7
:10FD80007430ADF85030BDF97630ADF85230B8F877
:10FD90000010B8F802205242494212B209B213A828
:10FDA0000CF087F90A9BB3F1807F00F09480089BE8
:10FDB00005930496099B039302970F9B01930E9A58
:10FDC00000920C9A13A90798FCF7E2FE97F80AB084
:10FDD000BBF1020F00F28D800B9B002B40F0B28034
:10FDE00015A90798FFF740FABDF876300133ADF852
:10FDF00072300D9A12FA83F39BB2013B1BB2ADF83D
:10FE000076305345B0DDADF876A0ADE7099B042B05
:10FE10007FF43EAFBB7A002B7FF43AAF0C9B169376
:10FE2000CDF8548015A90798FFF71EFAB2E0099B98
:10FE30000E2B7FF432AF079CA268414613A80CF04A
:10FE400047F9002800F0A6800C9B1893CDF8688035
:10FE5000002316933B89ADF85C3002238DF86430A3
:10FE6000CDF8548015A92046FFF7FEF992E0099BD2
:10FE7000142B7FF419AFBB7A002B7FF415AFB8F8C1
:10FE80000430B8F800209B1A9BB201331BB2B8F8BB
:10FE90000620B8F80210521A92B2013212B20C992E
:10FEA0001691189102FB03F301EB43031893CDF86D
:10FEB0005480CDF8688002238DF8643015A9079826
:10FEC000FFF7D2F966E03B68B3F1807F01D00223EF
:10FED00048E7012346E7089B04930396099B029396
:10FEE00001970F9A00920E9B0C9913A8FFF7A9FD9A
:10FEF0006CE73B89C3F3C40202FB0BF2ADF844206C
:10FF000003F00701C3F3423202EBC1021BFB02F212
:10FF1000ADF84620C3F304230BFB03F3ADF84830E0
:10FF20006FEA0B0B5FFA8BFB002408E05A4636F8A9
:10FF3000141011A8FFF74FFD26F8140001344C45AA
:10FF4000F4D349E7BDF97240DDF820B009E0294655
:10FF500058460DF021FC02238DF86430AB44013487
:10FF600024B2BDF97630A342FFF63AAF2B462246C3
:10FF7000BDF970105846FCF7B7FA0028E7D0022800
:10FF8000ECD18DF86400E9E708980DF001FB3046EC
:10FF90000DF0FEFA21B0BDE8F08F000070B584B01E
:10FFA00012F0010F3FD106460C46154612F0020F23
:10FFB0005ED08B6A4FF4C04262F31E038B62084628
:10FFC0000CF05AF84200A36AC3F31E03B3EB400FD0
:10FFD00003D9A36A62F31E03A362A06A20F0004063
:10FFE0000DF0D4F9606140B304F1080394E8030014
:10FFF00083E80300B4F90230E381A2892389D21A8D
:020000040802F0
:1000000092B2013212B2A36AC3F31E0393FBF2F35E
:10001000304A82FB0312A2EBE37222825B08638206
:10002000204604B070BD2C4B00932C4B2E222C4943
:1000300002200DF049F80020F3E7A36AC3F31E0382
:100040004FF4C05202920193264B0093234B3A2265
:10005000234902200DF038F8A36A4FF4406060F3A2
:100060001E03A3620DF092F960610028BCD1D8E7AD
:1000700001F10803D1E9000183E8030020460BF0F9
:10008000FBFF400020F00040A36A60F31E03A36260
:100090000DF07CF96061A16A21F000410DF07CFB5C
:1000A00005F0010594F82B3065F3C71384F82B3065
:1000B00060690028B5D0306004F108037360B36054
:1000C000FAF79AF803681A7C65F386121A742046C8
:1000D000A7E700BF56555555A43C04086C630408B7
:1000E000403C0408DC3C0408F8B505460C461746BD
:1000F000FAF782F8064617F0010F10D194F82B306A
:1001000023F0800384F82B300268137C23F0400333
:10011000137463692B6008346C60AC60F8BDA16A2D
:1001200021F0004160690DF037FB94F82B3043F06B
:10013000800384F82B303268137C43F0400313743F
:10014000E7E770B584B004460D461646036803938E
:100150009DF8043023F0E0038DF804304268938862
:1001600011885B1A9BB20133019963F394210191C9
:10017000D38852889B1A9BB20133BDF8062063F3E3
:100180004F12ADF8062095F92B30002B24DB04220A
:100190009DF8043062F304038DF804302B6A236069
:1001A000EB696360AB69A360FAF726F8036895F81A
:1001B00024101A7C61F386121A7401AB05F108024F
:1001C00031462046FAF732FD2046FAF7DEF801A85C
:1001D000FCF7DAFD04B070BD0522D9E708B548691F
:1001E0000DF0F2F808BD00002DE9F04F99B009902C
:1001F0000D46079293F80E9009F00F098C7EB9F125
:10020000030F25D009F1FF32072A18D8DFE802F0E2
:10021000042F170A17171710022680220292DFF800
:10022000DCB21CE01026F0220292DFF8D4B216E015
:100230004FF48076FF220292DFF8C8B20FE0A94B9C
:100240000093A94BD822A94902200CF03DFF3AE1C6
:100250004FF004091026F0220292DFF8A4B2FC2C21
:1002600026D8A34A1278A24207D000210FE0042624
:10027000C0220292DFF890B2F1E79E4A12684A4526
:100280000FD0002103E022469B48425401318E42A8
:1002900007D91BF80120FF2AF5D004FB02F2120A4D
:1002A000F2E7934A1470934AC2F80090DFF848B21C
:1002B000DA8808921F8909FB02F1079BB3F9000055
:1002C000099B9B68B3F90020904202DA121A04924B
:1002D00001E000220492089A8218B3F90440A24275
:1002E00003DD241A04F1010801E0DDF82080079AFB
:1002F000B2F90200B3F90220904202DA121A039214
:1003000001E000220392C219B3F90640A24203DDC4
:10031000241A631C059300E00597049B09FB03F472
:10032000039801FB0044229E06EBD40604F0070468
:100330001C2111A80DF030FAAB89ADF84C30AB7E22
:100340008DF85C30AB7FC3F3C2038DF85D30F9F7F5
:1003500053FF0BF035FB089901FB07F73D46874239
:10036000A8BF0546069528460DF078F882461490F9
:10037000079D2B88049A9A1891B212B2ADF83C20CE
:1003800043449BB2013B98B21BB2ADF840306D883C
:10039000039F3D442FB2ADF83E70ADF84270411A54
:1003A00089B2013108B20A90ADF83420ADF8367048
:1003B000ADF83830ADF83A70059810FA85F5ADF81B
:1003C0003A500DA8FCF722F907900FAB1193169342
:1003D000C9F10807049B08990B44A3EB080309FB28
:1003E00003F30893002036E000230AF8053014E0F8
:1003F00001360299002401350132424513DA33787F
:100400000B40A7EB040C23FA0CF313F0FF0FEBD017
:10041000DBB21BF803300AF80530BC42E8D24C448A
:1004200021FA09F1E7E7079BFBB9049BA8EB03035B
:100430002B44069A93422CD2BDF942300133ADF8D9
:1004400042302846089B1C4406EBD40604F00704FF
:10045000039B01330393039B059A93422ADA029B81
:1004600023FA04F10546049AC7E70AEB000318468D
:100470000B930A9BBDF94220BDF93C10FCF734F800
:100480008DF854000028D0D10A990B980DF084F90A
:10049000CBE702238DF8543011A90998FEF7E4FE4A
:1004A000BDF8423001331BB2ADF83E30ADF84230FA
:1004B0000020C7E7BDF93E20BDF942309A4205D180
:1004C00050460DF065F819B0BDE8F08F013BADF86E
:1004D000423002238DF8543011A90998FEF7C4FE6A
:1004E000EEE700BFA03D0408846304083C3D040817
:1004F00080EE00207CEE00207CED0020C06404082B
:10050000AC640408AC630408BC640408F0B599B09A
:1005100006460D4617461C460023224614A92868A5
:100520000AF01EFF00284CD0BDF85810002952D008
:10053000BDF8560000284ED03B88BDF85A20134421
:100540001BB2ADF84C307F882A68B2F808C05289D7
:10055000ACEB020C17FA8CFC1FFA8CFCACEB010C18
:100560001FFA8CFCBDF85C20ACEB020C0FFA8CFC83
:10057000ADF84EC01844B268B2F90070B8422ADB38
:10058000B2F90400834226DC6144B2F90230994298
:1005900021DBB2F906309C451DDC214614980AF097
:1005A000BFFE002852D0149B1B7B13F0030F56D0C4
:1005B0002F4B00932F4B98222F4902200CF084FDE3
:1005C00009E01F2C07D94FF6FF039C4203D042F2EB
:1005D0000C039C4201D119B0F0BD0194274B00934C
:1005E000244B6922244902200CF06EFD3988BDF8A5
:1005F0005A3019447A88BDF85C301A44BDF8563038
:1006000013FA81F3BDF8580010FA82F000B200909E
:100610001BB212B209B203A80BF01BFD05A8FCF730
:100620005DFA02238DF817308DF83E308DF84A3090
:100630008DF82E30AB89ADF832300123ADF834306F
:10064000336903AA05A930469847C4E70C4B0093C9
:10065000084B9022084902200CF036FDBBE70090C1
:1006600014AB13AA29463046FFF7BEFDB3E700BF1F
:100670001C3E0408986304083C3D0408BC3D040883
:10068000EC3D04082DE9F04F8BB080460E46B1F9E1
:100690000210013901F0010000EB6100B3F90030F4
:1006A000B2F900401D46A342A8BF2546ADF8205030
:1006B000A342B8BF23469BB2013BADF82430538818
:1006C000181AADF8220003EB6103ADF82630D8F814
:1006D000082008A908460BF0FBFC002800F09D80CC
:1006E0000546B6F906302BB1B6F9043073B94FF0B0
:1006F000000901E04FF0000908A8FBF787FF044656
:1007000038B9B9F1000F05D12C4603E04FF00109CB
:10071000F2E700241C2101A80DF03EF808AB01937C
:100720003388ADF80C30337A8DF81C303CBBBDF803
:100730002440BDF920B01FFA8BF3E41AA4B20134AF
:1007400024B2BDF926A0BDF92230ADF82630B9F1AA
:10075000000F19D0B6F90630B6F9042013449BFBFC
:10076000F3F203FB12BB0FFA8BFB20460CF076FE74
:100770000746049008AB0693BDF9225033E001A967
:100780004046FEF771FD48E04FF0000BEDE7B6F98B
:1007900006000344994212DA0023BB540B4601328F
:1007A00012B2013319B2A2420BDAB6F904308B420D
:1007B000EDDB98B2411A12FA81F212B2EFE7002390
:1007C000EDE702238DF8143001A94046FEF74CFDF9
:1007D000BDF922300133ADF82230BDF926300133A6
:1007E000ADF826300135AA4514DB214638460CF019
:1007F000FDFF23462AB2BDF920103846FBF774FEF0
:100800008DF81400B9F1000FDED00028DCD0594675
:100810000022C8E738460CF0BBFE0BB0BDE8F08FF5
:100820002DE9F04F8BB080460E46B1F90210013928
:1008300001F0010000EB61001488201AADF82000DF
:1008400004EB6104ADF82440B3F90230B2F90220A0
:1008500019469342A8BF1146ADF822109342B8BF83
:1008600013469BB2013BADF82630D8F8082008A902
:1008700008460BF02DFC50B30546B6F906302BB1F7
:10088000B6F9043073B94FF0000A01E04FF0000AE6
:1008900008A8FBF7BBFE044638B9BAF1000F05D132
:1008A0002C4603E04FF0010AF2E700241C2101A8C6
:1008B0000CF072FF08AB01933388ADF80C30337A3B
:1008C0008DF81C3034B101A94046FEF7CDFC0BB0C9
:1008D000BDE8F08FBDF82450BDF82030ED1AADB260
:1008E00001352DB2BDF926B0BDF92230ADF8263064
:1008F00028460CF0B3FD8146049008AB0693BAF18C
:10090000000F0ED0BDF92270B6F90630B6F90420FA
:10091000134497FBF3F203FB12773FB2BDF9224079
:1009200012E00027FAE701373FB201A94046FEF77F
:100930009BFCBDF922300133ADF82230BDF92630E1
:100940000133ADF826300134A34521DB2946484662
:100950000CF04CFF2B4622B2BDF920104846FBF7A5
:10096000C3FD8DF81400BAF1000FDED00028DAD0F4
:10097000B6F90430BB4202DA00238DF81430B6F920
:100980000630B6F9042013449F42CCDB0027CAE7A7
:1009900048460CF0FDFD9AE72DE9F04FBFB00290FC
:1009A0000C46B2F90210B3F90200814280F2D48001
:1009B000ADF8F610ADF8F200B2F90020ADF8F42071
:1009C000B3F90030ADF8F030BDF9F050BDF9F46086
:1009D000A5EB0609BDF9F270BDF9F680A7EB080397
:1009E000059389EAE97BABEBE97B83EAE37AAAEB3F
:1009F000E37AB4F90220D34540F3BB804FEA4A13AF
:100A000093FBFBF3C649CB5C02FB03F33F331A12A3
:100A10000392C3F3C01202EB232104912A46B5428C
:100A2000A8BF324692B2C3F3CF13D21AADF8E82072
:100A30002A46B542B8BF324613FA82F2ADF8EC202E
:100A40003A464745A8BF424692B2D21AADF8EA20CC
:100A50003A464745B8BF424613FA82F3ADF8EE3046
:100A6000029B9A683AAB194618460BF031FB0028F6
:100A700000F05281D34540F3A680B9F1000F7DDD2F
:100A80001FFA88F2BDF80C309346D21A1FFA87FA83
:100A9000AAEB0303002101911BB200932B4612B273
:100AA00031462FA8FBF7E6FDBDF810300BEB030233
:100AB0009A44012301930FFA8AF300932B4612B252
:100AC000314624A8FBF7D6FD00212FA8FBF7E0FC58
:100AD0000390002124A8FBF7DBFC0490637A13F059
:100AE000100F00F091804FF0FF3B5F46BDF8EC50D7
:100AF000BDF8E830ED1AADB201352DB2F9F77CFB47
:100B00000AF05EFF064681463AA80BF0B5FAB042FD
:100B1000C0F0A88048460CF0A1FC8046BDF9EEA0CC
:100B2000BDF9EA30ADF8EE3049460CF05FFE1C210D
:100B30000DEB01000CF030FE3AAB07932288ADF8C4
:100B40002420227A8DF83420CDF828800C93BDF92A
:100B5000EA600024059795E0ADF8F600ADF8F210D4
:100B6000B3F90030ADF8F430B2F90030ADF8F03040
:100B70002AE74FEA4B1393FBFAF343E71FFA88F295
:100B8000BDF8103093461A441FFA87FA53440021E7
:100B900001911BB200932B4612B231462FA8FBF7EE
:100BA00069FDBDF80C30ABEB0302AAEB030A01238D
:100BB00001930FFA8AF300932B4612B2314624A810
:100BC000FBF758FD80E7B2B2BDF810309346D1185C
:100BD0001FFA85FA53440022019200971BB2424645
:100BE00009B22FA8FBF746FDBDF80C30ABEB0301B3
:100BF000AAEB03030122019200971BB2424609B2FD
:100C000024A8FBF737FD5FE7B3B2BDF814A0A3EB50
:100C10000A031FFA89F919FA88F20321019112B225
:100C200000921BB24246314619A8FBF723FDABB236
:100C3000A3EB0A0319FA87F9022201920FFA89F24B
:100C400000921BB23A4629460EA8FBF713FD00217D
:100C500019A8FBF71DFC074600210EA8FBF718FC9E
:100C6000834643E73AA80BF007FA814652E7294644
:100C700038460CF091FD14E0BDF9EE300133ADF8CB
:100C8000EE300136B24525DB08EB04072B4632B2C5
:100C9000BDF9E8103846FBF727FC8DF82C0000283A
:100CA000E5D02C442B194B45E6D302238DF82C308C
:100CB00007A90298FEF7D8FABDF8EE3001331BB24F
:100CC000ADF8EA30ADF8EE30494640460CF08EFD06
:100CD0000024D6E7059FBDF9EA20BDF9EE309A421F
:100CE00020D140460CF054FC2FA8FBF753FC24A85D
:100CF000FBF750FCB7F1FF3F1FD1BBF1FF3F20D105
:100D00000398FBF71BFC0498FBF718FC3846FBF72D
:100D100015FC5846FBF712FC3FB0BDE8F08F00BF52
:100D2000C4640408013BADF8EE3002238DF82C308A
:100D300007A90298FEF798FAD3E719A8FBF72AFC4F
:100D4000DBE70EA8FBF726FCDAE700BF2DE9F0474A
:100D500092B01D46B1F90230002B62D007460C4616
:100D600016460A7A022A5CD9B6F90020B5F90010B5
:100D70008A4205D1B6F902C0B5F90200844550D0C7
:100D80008A42A8BF0A4692B203EBD373C3F34F0360
:100D9000D21AADF84020B5F90020B6F900108A4209
:100DA000B8BF0A4613FA82F3ADF84430B5F9023001
:100DB000B6F9020019468342A8BF014689B2B4F9C8
:100DC000022002EBD272A1EB6201ADF84210834225
:100DD000B8BF03469BB203EB6203ADF84630BA6876
:100DE00010A908460BF074F9D8B1D7F8089010ABE9
:100DF000BB60B6F90220B5F902309A4214D0B6F9B8
:100E00000020B5F900309A4215D02B4632462146D3
:100E10003846FFF7C1FD637A13F00C0F12D1C7F803
:100E2000089012B0BDE8F0872B463246214638467E
:100E3000FFF728FCEFE72B46324621463846FFF7FE
:100E4000EFFCE8E702A8FBF749FE2388ADF80C3079
:100E500047F6FF73ADF80830237A8DF80B30B4F9FC
:100E600002804FEA680A88F0010808F00108637AF6
:100E700013F0040F22D1637A13F0080FCFD02B8820
:100E80001FFA8AFAA3EB0A02ADF800206A88A2EBE7
:100E90000A01ADF8021053449BB2A3EB0803ADF86E
:100EA000043092441FFA8AF3A3EB0803ADF806302E
:100EB0006A4602A93846FBF753FEB0E732881FFAAC
:100EC0008AF3D11AADF800107188C81AADF8020083
:100ED0001A4492B2A2EB0802ADF804200B449BB274
:100EE000A3EB0803ADF806306A4602A93846FBF7C3
:100EF00037FEC0E72DE9F04F8DB00591022B40F28F
:100F00005481054617469846002A00F04E81980005
:100F10000CF0A4FA0446002800F047813B68036007
:100F20000026314606E03B5844F826300136B6B27A
:100F3000013189B208F1FF33994212DA880007EBD8
:100F4000810E37F921204B1C07EB830C37F9233036
:100F50009A42E8D1BEF90220BCF902309A42E2D1AD
:100F6000E6E7B7F9002008F1804808F1FF3807EB01
:100F7000880137F928309A420FD057F8283044F8C2
:100F800026300136B6B2022E0ED9894B93E8030003
:100F90000CAB03E90300002232E0B7F90220B1F9FB
:100FA00002309A42E9D1EEE720460CF0F1FAFCE07B
:100FB00004EB820134F92230BDF928008342A8BF36
:100FC0000346ADF82830B1F90230BDF92A0083425A
:100FD000A8BF0346ADF82A3034F92230BDF92C0001
:100FE0008342B8BF0346ADF82C30B1F90230BDF9E9
:100FF0002E108B42B8BF0B46ADF82E30013292B2A4
:10100000B242D5D3AA680AA908A80BF061F80390E8
:1010100048B1AB68069308ABAB60B4F902104FF06F
:101020000008012305E020460CF0B2FABDE00133D0
:101030009BB2B34209D204EB8302B2F902208A4286
:10104000F5DA0FFA83F81146F1E7B2462C2006FBD9
:1010500000F00CF003FA04904746B8F101012DD4DA
:101060007B1CB3469E4200DC002304EB810234F873
:10107000211004EB880634F828E0A1EB0E0109B238
:1010800004EB830C34F82300A0EB0E0000B252886E
:101090007688921B12B2BCF802309B1B1BB200FB7D
:1010A00002F201FB03F39A4201DB00230393B946EA
:1010B000049B9E464FF00008079539E03144CFE786
:1010C0005D443AE07D1CAB4500DC0025B9F101062A
:1010D00039D44FEA850C04EB8503B3F90200B9005B
:1010E00004EB8703B3F90220904208DB04D034F903
:1010F0000C30615E8B4228D108F101082F46C245B1
:1011000041D0B50004EB8603B3F902004FEA890130
:1011100004EB8903B3F90220904207DB03D0635F3D
:10112000615E8B4220D108F10108B146C2452AD93F
:10113000039B002BC6D17D1EC2D409F10106B34525
:10114000C7DC0026C5E75E44C3E70127019700908E
:1011500077467046FBF78EFA04993846FBF798F904
:101160003B462C339E46C7E7002501950090754607
:101170007046FBF77FFA04992846FBF789F92B465E
:101180002C339E46CFE7079D0AAA05992846FBF710
:10119000E7FC049E3046FBF7E3F930460CF0F8F923
:1011A00020460CF0F5F9069BAB600DB0BDE8F08F62
:1011B000802404082DE9F04F8FB001900D461446AD
:1011C0001E461C2105A80CF0E7FA0CAB0593ADF800
:1011D0001C609DF860308DF82C30B5F90260B4F9D0
:1011E00002B0B5F906A0B4F90690B5F90080B4F9DB
:1011F00000300293B5F90470B4F904300393ADF8EC
:101200003080ADF83470ADF832606388013BADF8E2
:1012100036305E452EDDE3880133ADF83230B5F966
:101220000630ADF83630CA4529DAB5F90030ADF8E8
:1012300030302388013BADF834305E4524DCB4F90E
:101240000230ADF83230CA4521DBB4F90630ADF8D2
:101250003630029B98451DDDA3880133ADF8303050
:10126000B5F90430ADF83430039B9F4217DA0FB064
:10127000BDE8F08F05A90198FDF7F6FFCBE705A9BA
:101280000198FDF7F1FFD0E7B5F90230D9E7B5F9DC
:101290000630DCE705A90198FDF7E6FFDCE705A9C4
:1012A0000198FDF7E1FFE2E72DE9F04F83B0044636
:1012B000019117464FEA610811F0010F02D108F1C0
:1012C000FF3900E0C146660030460CF0C7F805461D
:1012D000BA464FF0000B22E00021521AA3EB09019D
:1012E000002911DD01F1004101393AF811100A44D9
:1012F000013B002B0BDB25F8132003EB0801A14277
:10130000EADA3AF81110E8E7BAF80010EFE73246E7
:10131000294650460CF084F9B2440BF1010B5C45B0
:1013200009DD04F10043013B3AF81320019B03FB64
:1013300002F2631EDDE74FF47F50019BB0FBF3FC2C
:10134000002302E027F801C0013304FB04F29A42B3
:101350000CD9590037F81320002AF5D0B2F57F5F79
:10136000F0D0019892FBF0F27A52EDE74FF0000CCA
:1013700035E04FF0000E10E0B0F800E018E0621E1B
:1013800002FB04C237F812207244013330449C42FD
:101390001ADD002AEDDBC2F38F1E25F813E0A3EB64
:1013A000080EBEF1000FE7DD0EFB04CE37F81EE09D
:1013B000A2EB0E0E09EB030201329442DFDD02FBC9
:1013C00004C237F81220DFE7002304E035F81320C9
:1013D0000A80013331449C42F8DC0CF1010C644575
:1013E00009DD07EB4C0137F81C20019B03FB02F2DF
:1013F00008460023CBE728460CF0CAF803B0BDE846
:10140000F08F2DE9F04F8BB0884691461A4603EBDA
:101410000904B0F90030ADF82030B0F90230ADF871
:101420002230B0F90430ADF82430B0F90610ADF830
:10143000261009EBD975C5F34F05AB189BB209F01F
:10144000010A19F0010F0CBF012600269B1B013B6E
:101450009EB2ADF824300135ADF82250838807885C
:10146000DB1B9BB201339BB2F61AADF8206089B248
:101470004388C91A89B2013189B211FA85F5ADF8EC
:101480002650002308A902A8FBF762FAB9F1010F60
:1014900009D04FEA690920460BF0E0FF05464646B1
:1014A0004FF0000B24E04FF00109F4E72B789B018B
:1014B000484693FBF9F33380012307E003F1004230
:1014C000013A36F8122026F813200133A3420BDA32
:1014D000EA5CE91811F8011C8A42EFD0920192FBF4
:1014E000F0F226F81320F0E706EB44060BF1010BAF
:1014F000A34513DA214628460CF078F902AB009395
:1015000023B20FFA8BF200212846029FB847002829
:10151000CCD1610030460CF03FF9E5E728460CF0ED
:1015200037F802A8FBF736F8B9F1010F1AD025B247
:10153000424649462846FFF7B7FE0AEB0901012952
:101540002ADD4FF47F5696FBF1F600230FE038F8C2
:101550001320920908F80320013304FB04F29A4295
:10156000F5DC24E00023F8E728F80060013304FBF1
:1015700004F29A420CD9580038F81320002AF5D00A
:10158000FF2AF1D0920192FBF1F228F80020EDE75A
:1015900042462846FFF788FE002304E038F813206F
:1015A00008F80320013304FB04F29A42F6DC0BB086
:1015B000BDE8F08FB1F92E30002B00F0BD862DE98B
:1015C000F04FA7B006460D46144691F83690B9F193
:1015D000020F49D9012B4AD02288298E0A4492B29F
:1015E000B5F834E0A2EB0E021FFA82FCADF89020B1
:1015F000A28811441EFA81F1ADF8941060886A8EB9
:10160000104480B2A0EB0E0087B2ADF89200E088E3
:1016100002441EFA82F2ADF8962003EBD373C3F3B3
:101620004F03ACEB030080B20138ADF8880013FA29
:1016300081F189B20131ADF88C10F91A89B2013902
:10164000ADF88A1013FA82F39BB20133ADF88E30F5
:10165000B9F1FD0F01D94FF0FF09B26822A920A806
:101660000AF036FD009050B927B0BDE8F08FB1F90F
:101670003420002AB0DC0A6B002AADD1F4E7B4F9BB
:101680000030ADF87830B4F90230ADF87A30B4F902
:101690000430ADF87C30B4F90630ADF87E304FF050
:1016A000FF3211461EA80AF0F5FCB5F900201746D6
:1016B000BDF87C10BDF87830C91A89B2013109B281
:1016C000BDF87E30BDF87A001B1A9BB201331BB205
:1016D000994200DA0B465910B2EB630F01DD02911B
:1016E00000E00292BDF89410BDF89030C91A89B29A
:1016F000013109B2BDF89630BDF892001B1A9BB2B9
:1017000001331BB28B4200DD0B465910B2EB630F65
:1017100000DD0F46B5F92E403C4404FB04F04000C8
:101720000BF09CFE014603903B46B5F92E2024A801
:10173000FFF767FE22A8FAF769FF20B96B88B3F5B7
:101740007F4F00F022810123029A1EA918A8FBF7FF
:10175000FFF8002118A8FAF79BFE079000230093DA
:10176000BDF88C00BDF88830C01A80B2013000B2DC
:101770000BF074FE074604901C210DA80CF00CF829
:1017800016A90D9112911097AB8DADF83C3095F8DC
:1017900036308DF84C30AB788DF84D30BDF8880080
:1017A000BDF98C701FFA87FAAAEB00039BB20133D4
:1017B000C3F3C03C0CFA83F300EB630003B2019364
:1017C000BDF98AC01FFA8CF3BDF88E00C01A80B232
:1017D0000130C0F3C03E0EFA80F003EB600082B22D
:1017E00006920FFA80F8ADF85C70A7B2AAEB070278
:1017F00092B2013212B2ADF85820ADF85AC03B4453
:101800009BB2013B1BB2ADF85E3001988242B8BF7B
:101810000246ADF858204345A8BF4346ADF85E30B8
:10182000B26814A80AF054FC002840F0B280BDF958
:101830008C30ADF85C309BB2DB1B9BB201331BB22A
:10184000ADF85830BDF98E108AB2D21B92B2013277
:1018500012B2ADF85A20ADF85E1001998B42B8BFB4
:101860000B46ADF8583008F1010305939A42B8BF12
:101870001A46ADF85A20B26816A914A80AF028FC36
:10188000002840F00381BDF888303B44ADF8583063
:10189000BDF88C30DB1BADF85C30BDF98A30ADF89B
:1018A0005A3017FA83F39BB2013B1BB2ADF85E309E
:1018B0004345A8BF4346ADF85E30B26816A914A8E8
:1018C0000AF006FC002840F05E8195F836308DF86D
:1018D0004C30BDF888303B44ADF85830BDF88C3002
:1018E000DB1BADF85C30BDF98E2093B2DB1B9BB2E5
:1018F00001331BB2ADF85A30ADF85E20059A934221
:10190000B8BF1346ADF85A30B26816A914A80AF049
:10191000DFFB002840F0BC8195F836308DF84C3064
:10192000BDF98C309AB2D21B92B2013212B2ADF82C
:101930005820ADF85C30BDF88A303B441BB2ADF89E
:101940005A30BDF88E10C91B09B2ADF85E10434580
:1019500002DD069B01331BB2ADF85A304145B8BFDA
:101960004146ADF85E10019B9A42B8BF1A46ADF8E9
:101970005820B26816A914A80AF0AAFB002840F063
:101980000D82DDF80CC0002588E24FF0FF3307938D
:10199000E6E6BDF908A052461EA914A80AF0CCFC40
:1019A00000287FF444AFBDF85430BDF9502091B207
:1019B0005B1A9BB201331BB20593BDF95210BDF9FE
:1019C0008A30C91ABDF98C301B1B0133A2EB030B03
:1019D00004FB01BB039B9B44009BEBB9009B194696
:1019E000059B002B7FF723AF049A1092BDF950306E
:1019F000ADF85830BDF95430ADF85C3002238DF8A5
:101A00004430BDF952A0CDF820900997A1465C461C
:101A10001746AB460D4623E052461EA914A80AF00D
:101A2000A2FD01460028DBD1009B1946D8E74A46B3
:101A3000214638460BF0F4FD059B5246BDF9501087
:101A40003846FAF751FD8DF84400012814D00DA94D
:101A50003046FDF709FC4C440AF1010A0FFA8AFAF4
:101A6000BDF9563053450BDBADF85AA0ADF85EA07A
:101A7000002DDCD01094EAE702238DF84430E6E72D
:101A8000099F4C46DDF820905D46D0E6BDF908A0E0
:101A900052461EA914A80AF04FFC00287FF4F3AEAA
:101AA000BDF85430BDF9502091B25B1A9BB201339E
:101AB0001BB20893BDF95E10BDF95630C91ABDF9C5
:101AC0008C301B1B0133A2EB030B04FB01BB039BFC
:101AD0009B44009BEBB9009B1946089B002B7FF7AA
:101AE000D2AE049A1092BDF95030ADF85830BDF91D
:101AF0005430ADF85C3002238DF84430BDF956A067
:101B0000CDF824900A97A1465C461746AB460D4691
:101B100023E052461EA914A80AF025FD014600281C
:101B2000DBD1009B1946D8E74A46214638460BF0E0
:101B300077FD089B5246BDF950103846FAF7D4FCA1
:101B40008DF84400012814D00DA93046FDF78CFB18
:101B50004C440AF1FF3A0FFA8AFABDF95230534564
:101B60000BDCADF85AA0ADF85EA0002DDCD01094CF
:101B7000EAE702238DF84430E6E70A9F4C46DDF899
:101B800024905D467FE6BDF908A052461EA914A820
:101B90000AF0D2FB00287FF498AEBDF85430BDF8AF
:101BA00050209B1A9BB201331BB20893BDF95230EF
:101BB000BDF95A209B1A039A04FB032B009BCBB957
:101BC000009B1A46089B002B7FF77FAEEAB9049B67
:101BD0001093BDF95030ADF85830BDF95430ADF820
:101BE0005C30BDF952A009971746CDF82880DDF882
:101BF000108034E052461EA914A80AF0B4FC024634
:101C00000028DFD1009B1A46DCE700231093E0E7B1
:101C1000089A9BF8001040460BF092FD089B524634
:101C2000BDF950104046FAF75FFC8DF844000128DA
:101C300004D00DA93046FDF717FB0BE002238DF809
:101C40004430F6E79BF800308DF84C300DA9304653
:101C5000FDF70AFBA3440AF1010A0FFA8AFABDF95B
:101C60005630534510DBADF85AA0ADF85EA0002FFA
:101C7000CED0B9F1FF0FE5D09BF8003095F83620B3
:101C800002FB03F31B0ADFE7099FDDF828801CE64F
:101C9000BDF9083008931A461EA914A80AF04CFB97
:101CA00000287FF439AEBDF85430BDF850209B1A9F
:101CB0009BB201331AB20992BDF95EB0BDF956303C
:101CC000ABEB030B039B04FB0B3B002A7FF724AE1B
:101CD000009BA3B9049B1093BDF95030ADF8583068
:101CE000BDF95430ADF85C30BDF956A00A97009F9D
:101CF000CDF82C80DDF824800995049D27E0089A12
:101D00001EA914A80AF02FFC00231093E4E7089AF8
:101D10001EA914A80AF027FCB9F1FF0F36D09BF8D2
:101D20000030099A92F8362002FB03F31B0A8DF863
:101D30004C300DA93046FDF797FA03E00DA9304667
:101D4000FDF792FAA3440AF1FF3A0FFA8AFABDF9B5
:101D5000523053451DDCADF85AA0ADF85EA0002FFF
:101D6000D5D142469BF8001028460BF0E9FC4346CB
:101D70005246BDF950102846FAF7B6FB8DF84400DC
:101D80000128DBD102238DF84430D7E79BF80030DF
:101D9000CDE70A9FDDF82C80099DBDE5BDF908500F
:101DA0002A461EA914A80AF0C7FA00287FF4E9AD54
:101DB000BDF85430BDF9502091B25B1A9BB201338B
:101DC0000FFA83FA611EBDF98C301B1B0133D31A45
:101DD00004FB0133039A02EB030B009BD3B9DDF83C
:101DE0000090049B1093BAF1000F7FF7CAADBDF9C4
:101DF0005030ADF85830BDF95430ADF85C300223A6
:101E00008DF84430BDF95250089723464C46049F44
:101E1000994612E02A461EA914A80AF0A4FB81469E
:101E200018B9DDF800905B46DCE75B46DAE70DA900
:101E30003046FDF719FA01352DB2BDF95630AB42E7
:101E400019DBADF85A50ADF85E50002CEFD1524678
:101E5000594638460BF0E4FB53462A46BDF950106C
:101E60003846FAF741FB8DF844000128DFD1022300
:101E70008DF84430DBE7089F4C4682E5087893F8FC
:101E800000E001F801EB03F80109013204EBD47022
:101E9000B2EB600FF2DBA44401352DB2A54204DAA7
:101EA000631E634461460022F0E7BDF98830ADF857
:101EB000583017FA83F39BB2013B1BB2ADF85C308C
:101EC000BDF88A10394409B2ADF85A10BDF88E2019
:101ED000D21B12B2ADF85E20414502DD06990131F8
:101EE00009B2ADF85A104245B8BF4246ADF85E207F
:101EF000019A551EAB42A8BF2B46ADF85C30B268C4
:101F000016A914A80AF0E4F800287AD1BDF988309F
:101F1000ADF8583017FA83F292B2013A12B2ADF826
:101F20005C20BDF98A30ADF85A3017FA83F39BB2C2
:101F3000013B1BB2ADF85E30AA42A8BF2A46ADF8FD
:101F40005C204345A8BF4346ADF85E30B26816A991
:101F500014A80AF0BDF8002840F0C380BDF988300D
:101F6000ADF8583017FA83F39BB2013B1BB2ADF8C2
:101F70005C30BDF98E108AB2D21B92B2013212B21D
:101F8000ADF85A20ADF85E1005999142B8BF1146E0
:101F9000ADF85A109D42A8BF1D46ADF85C50B2681E
:101FA00016A914A80AF094F8002840F01081BDF892
:101FB00088303B44ADF85830BDF88C30DB1BADF8B1
:101FC0005C30BDF88A303B44ADF85A30BDF88E30F5
:101FD000DB1BADF85E30049B1093B26816A914A801
:101FE0000AF076F8002840F06781009B002B00F093
:101FF0009C8103980BF0CCFA04980BF0C9FAFFF718
:1020000033BBBDF908904A461EA914A80AF094F9FA
:1020100000287FF47BAFBDF85430BDF9502091B259
:102020005B1A9BB201330FFA83FB611EBDF9583076
:10203000D31A04FB0133039AD3180193009BD3B93D
:10204000DDF800A0049B1093BBF1000F7FF75EAF9B
:10205000BDF95030ADF85830BDF95430ADF85C30B2
:1020600002238DF84430BDF952900695234654461C
:10207000049D9A4614E04A461EA914A80AF073FA71
:10208000824618B9DDF800A0019BDCE7019BDAE786
:102090000DA93046FDF7E8F809F101090FFA89F9B1
:1020A000BDF956304B4519DBADF85A90ADF85E904E
:1020B000002CEDD15A46019928460BF0B1FA5B4647
:1020C0004A46BDF950102846FAF70EFA8DF844003A
:1020D0000128DDD102238DF84430D9E7069D54460E
:1020E00014E7BDF908904A461EA914A80AF024F97D
:1020F00000287FF433AFBDF85430BDF9502091B2C1
:102100005B1A9BB201331BB20193BDF95230BDF98A
:102110005A105B1ABDF95810A2EB010A04FB03AA7E
:10212000039B9A44009BDBB9DDF800B0049A10923F
:10213000019B002B7FF712AFBDF95030ADF858303E
:10214000BDF95430ADF85C3002238DF84430BDF950
:1021500052905B46AB46A046544692461D4623E04D
:102160004A461EA914A80AF0FEF983460028DDD1CC
:10217000DDF800B0DAE74246214650460BF050FA4F
:10218000019B4A46BDF950105046FAF7ADF98DF85B
:102190004400012814D00DA93046FDF765F84444E9
:1021A00009F101090FFA89F9BDF956304B450BDBEE
:1021B000ADF85A90ADF85E90002DDCD01094EAE7AF
:1021C00002238DF84430E6E75D464446C6E6BDF995
:1021D00008502A461EA914A80AF0AEF800287FF479
:1021E000E6AEBDF854A0BDF950309AB2AAEB020A8F
:1021F0001FFA8AFA0AF1010A0FFA8AFABDF95E207B
:10220000BDF95610521ABDF95810A3EB010904FB91
:102210000299039B9944009BD3B9DDF800B0049A5E
:102220001092BAF1000F7FF7C2AEBDF95030ADF891
:102230005830BDF95430ADF85C3002238DF844308D
:10224000BDF95650A0464C46B1465E46934621E045
:102250002A461EA914A80AF086F983460028DED172
:10226000DDF800B0DBE74246214658460BF0D8F9CE
:1022700053462A46BDF950105846FAF735F98DF8FD
:102280004400012812D00DA94846FCF7EDFF444454
:10229000013D2DB2BDF95230AB420BDCADF85A50C6
:1022A000ADF85E50002EDED01094ECE702238DF8DE
:1022B0004430E8E74E467AE6029A1EA914A80AF0CE
:1022C0003BF800287FF491AEBDF954309DB2BDF9C2
:1022D000502091B26D1AADB201352DB2002D7FF7AD
:1022E00084AEADF85820ADF85C30BDF95240049F83
:1022F000BDF95630A342FFF678AEADF85A40ADF8BE
:102300005E40294638460BF071FA2B462246BDF94D
:1023100050103846FAF7E8F88DF844000DA9304619
:10232000FCF7A2FF013424B2E2E718A8FAF732F969
:102330000798FAF703F95CE67047CB78022B40F276
:10234000F1812DE9F04F9BB081460C46B2F9005067
:10235000ADF86050B2F90200ADF86200B2F90410B5
:10236000ADF86410B2F90630ADF86630B4F920204B
:10237000012A20DD94F82220FC2A1CD9B4F900207F
:10238000CAB194F82320C2F3C00616FA85F5ADF859
:102390006050C2F3800515FA80F0ADF8620089B292
:1023A000C2F30010091AADF864109BB2C2F34002E8
:1023B0009B1AADF86630D9F8082018A916A809F0BC
:1023C00087FE002800F07A8194F80FA01AF0070A1F
:1023D00078D1A588ABB26289934275D018A8FAF774
:1023E00015F900230F9310931193129313931493E1
:1023F0001593A3788DF85530ADF84450029028B964
:10240000B4F9003013B9BAF1000F60D0E37800934B
:10241000FC2B01D9FF230093BDF86450BDF8603058
:10242000ED1AADB201352DB2BDF86670BDF862305F
:10243000FF1ABFB201373FB2BB46AF42A8BFAB469F
:102440004FEA6B0BB4F900309B45A8BF9B46BDF823
:102450005C60BDF85830F61AB6B2013636B2BBF140
:10246000000F02DC029B002B3BD030460AF0F6FF47
:10247000804600235A4618A909A8FAF769FA0021EC
:1024800009A8FAF705F80390BDF95830ADF81C30EB
:10249000BDF95C30ADF82030CDF8488007AB0F9324
:1024A0001493FF238DF854303A462946A01DFDF7BA
:1024B00027FA019010B1BAF1020F18D0029B03BBAA
:1024C000002766E0E58885E74FF0000A86E718AB4D
:1024D0000F93E3788DF854300FA94846FCF7C4FEFB
:1024E000ECE04FF000084FF0FF330393CCE7836834
:1024F000BDF95820BDF96010521A03EB4203109346
:10250000DCE7BDF95A40009D019F08E002238DF8E9
:102510004C301FE00FA94846FCF7A6FE0134BDF978
:102520005E30A342C0F2BB800FFA84FBADF81EB050
:10253000ADF822B03246294640460BF001F9334649
:102540005A46BDF958104046F9F7CEFF8DF84C00B9
:102550000128DBD0BAF1010FDCD1BA68BDF96230D5
:10256000E31A32F81330ADF84430D3E702238DF884
:102570004C3031E0019B9B68BDF96220A41A33F80E
:102580001430ADF8443032E00FA94846FCF76CFE39
:1025900001375F4544DABDF86240BBB21C4424B247
:1025A000BDF86650ED1A2DB2BDF95A30A34203DDD5
:1025B000BDF95E30AB42EBDB3246009940460BF092
:1025C000BFF833462246BDF91C104046F9F78CFF90
:1025D0008DF84C000128C9D0BDF95A30A3420ADC5D
:1025E000ADF81E40ADF82240BAF1010FC2D00FA9DC
:1025F0004846FCF739FEBDF95E30AB42C8DBADF8AA
:102600001E50ADF82250BAF1010FBDD1019B9B685D
:10261000BDF96220AD1A33F81530ADF84430B3E798
:10262000BDF96030ADF81430BDF96430ADF8183044
:10263000BDF862301FFA8BF42344ADF81630BDF8B4
:1026400066301B1BADF81A3005A8F9F7DFFF054609
:1026500010B9BAF1000F0FD0009B8DF85430012350
:102660008DF84C30BDF96640A4EB0B04BDF96270E7
:102670005F44DDF804B038E0BDF862302344ADF8C3
:102680001E30BDF866301B1BADF82230009B8DF864
:102690005430002312930FA94846FCF7E5FDB8F12A
:1026A000000F02D040460AF073FF039BB3F1FF3FD7
:1026B00031D1019B13B11846FDF784F91BB0BDE879
:1026C000F08F3246009940460BF03AF833463AB262
:1026D000BDF958104046F9F707FF8DF84C0008E0A7
:1026E0000FA94846FCF7C0FD0137A742D7DC002DF3
:1026F000E7D13BB2ADF81E30ADF82230BAF1010F90
:10270000EED1DBF80820BDF96230FB1A32F8133045
:10271000ADF84430E4E71846F9F710FF09A8F9F7D7
:1027200039FFC6E7704700000B69002B00F02381DA
:102730002DE9F04192B006460C4615468B7E022BE1
:1027400002D812B0BDE8F0818268294610A809F0CD
:10275000BFFC0028F5D0B76810ABB3602069F8F76C
:1027600003F9022810D005A92069FAF73DFF0128D6
:1027700063D0814B0093814B40F287128049022045
:102780000AF0A2FCB760DCE74FF00008CDF8088043
:1027900041F6FF730193CDF80080434662692169D9
:1027A00005A80DF07FFB2B88AA88D21A92B20132BD
:1027B000C2F3C03101FA82F203EB62039BB2BDF9AE
:1027C000142002EBD271A3EB6103ADF8183092B282
:1027D00012FA83F39BB2013BADF81C306B88EA8898
:1027E000D21A92B20132C2F3C03101FA82F203EB83
:1027F00062039BB2BDF9162002EBD271A3EB610319
:10280000ADF81A3092B212FA83F39BB2013BADF8E5
:102810001E3008A8F8F770FA63690893238BADF8A7
:102820002C30A37E8DF83A30CDF80080236906AABB
:1028300008A93046F8F790FAA4E708A8F8F74CF88A
:10284000A2789DF82C3062F303038DF82C30238B93
:10285000ADF82830E37E8DF82A30A37E8DF82B303A
:10286000237F73B1B5F90230ADF81A30BDF81620E8
:10287000C2F34A1212FA83F39BB2013BADF81E3049
:1028800064E02A88AB889B1A9BB20133C3F3C03142
:1028900001FA83F302EB6302059BC3F38A20C3F3BF
:1028A000C9235B4213FA82F2ADF818206B88E988DD
:1028B000C91A89B20131C1F3C03505FA81F103EBC0
:1028C0006103BDF81610C1F34A15C1F389114942DD
:1028D00011FA83F3ADF81A3010FA82F292B2013A8B
:1028E000ADF81C2015FA83F39BB2013BADF81E3006
:1028F000236906AA08A93046F8F798F942E7236940
:1029000006AA08A93046F8F791F9BDF818C0059B4A
:10291000C3F38A239C44ADF818C0BDF81C201344AF
:10292000ADF81C30BDF91820B5F904309A42E6DD47
:10293000BDF81A20BDF81630C3F34A131A44ADF897
:102940001A20BDF81E201344ADF81E30BDF91A2020
:10295000B5F906309A423FF715AFB5F90030ADF83A
:102960001830059AC2F38A2212FA83F39BB2013B14
:10297000ADF81C30D6E77047D43E0408E86404087C
:10298000703E040870B504460D461646FFF7D5FCA8
:10299000324629462046FFF7C7FE70BD2DE9F04FAD
:1029A000ABB006460C4603921F46BDF9D0909DF889
:1029B000D8A00846F9F72AFE069018B917B9B9F158
:1029C000000F09D0B268214628A809F081FB0590C4
:1029D00060B92BB0BDE8F08FCDF800A0BDF8D430C1
:1029E000039A21463046FEF7E5FBF2E7BDF8A45016
:1029F000BDF8A030ED1AADB201352DB21C2121A8D1
:102A00000AF0CAFE28460AF029FD2490002F00F3A0
:102A1000A4804FF0FF330D9301234A46DDF80C806C
:102A2000414615A8F9F794FF002115A8F9F730FDE4
:102A30000C9013AB21932693BDF8D430ADF88C30B5
:102A40008DF89CA09DF8DC308DF89D30B8F90030F1
:102A50000793B4F9002008923A449A42B8BF1A4644
:102A600013B20E93ADF84430B8F904000990B4F9EC
:102A700004300A93DB1B8342A8BF034618B20F90B1
:102A8000ADF84800B8F902B0B4F902A007EB0A09A2
:102A9000D945B8BFD9460FFA89F9ADF84690B8F9CB
:102AA000061008460B91B4F90680A8EB0701814295
:102AB000A8BF014609B20491ADF84A109BB292B288
:102AC0009B1A9BB201331BB2069A002A51D1079A76
:102AD00008998A420CDB099A0A998A4208DCD34594
:102AE00006DB0B9A424503DC312B01DC069B059388
:102AF00001238DF89430D34503DB059B002B40F078
:102B000081800B9B434503DC059B002B40F08E80AE
:102B1000079B089A934280F29D80099B0A9A9342F0
:102B200040F3AB80059B002B40F0FA80BDF9A0304C
:102B3000ADF84C30BDF9A430ADF85030039BB3F97B
:102B400002A0B4F90230AAEB030ABA45B8BFBA46EC
:102B50000FFA8AFA4FF00009B9E000233A462146FD
:102B60001BA8F9F7F5FE00211BA8F9F791FC0D90C1
:102B700052E7BDF9A030ADF84C30BDF9A430ADF846
:102B80005030BDF9A240CDF80C9081461BE0C14504
:102B900002DD049BA34220DB27B2ADF84E70ADF8F6
:102BA0005270294624980AF021FE2B463A46BDF978
:102BB000A0102498F9F798FC8DF8940021A93046CC
:102BC000FCF752FB0134BDF9A630A34205DBD34527
:102BD000DDDA039BA342DADDF4E715A8F9F7DAFCA6
:102BE0000C98F9F7ABFC0D9CB4F1FF3F03D124988E
:102BF0000AF0CEFCEDE61BA8F9F7CCFC2046F9F76D
:102C00009DFCF4E70E9BADF84C300F9BADF85030B7
:102C1000B4F90230ADF84E30039B5B88013BADF850
:102C2000523021A93046FCF71FFB6AE70E9BADF836
:102C30004C300F9BADF85030039BDB880133ADF86F
:102C40004E30B4F90630ADF8523021A93046FCF7C9
:102C50000BFB5DE7B4F90030ADF84C30039B1B88EB
:102C6000013BADF85030ADF84E90049BADF85230BA
:102C700021A93046FCF7F8FA4FE7039B9B88013304
:102C8000ADF84C30B4F90430ADF85030ADF84E909A
:102C9000049BADF8523021A93046FCF7E5FA41E734
:102CA000294624980AF0A2FD2B463A46BDF94C105D
:102CB0002498F9F719FC8DF89400BDF9A230BB42B5
:102CC0001CDDBDF9A630434521DA09F10109CA45E9
:102CD00040F3DE8067881FFA89F31F443FB2B4F8DF
:102CE0000680A8EB03080FFA88F8BDF9A230BB42B2
:102CF000D6DDBDF9A6304345D2DAE6E7ADF84E7031
:102D0000ADF8527021A93046FCF7AEFAD9E7ADF81C
:102D10004E80ADF8528021A93046FCF7A5FAD4E7E1
:102D2000BDF9A020ADF84C200E9B013BBDF9A410CD
:102D30008B42A8BF0B46ADF850309FB292B2BF1A7B
:102D4000BFB201373FB2002F46DD079B089A93427E
:102D500001DAD3451BDBBDF9A24016E025B2ADF880
:102D60004E50ADF85250394624980AF03FFD3B468C
:102D70002A46BDF94C102498F9F7B6FB8DF894005B
:102D800021A93046FCF770FA0134A145E6DC079B27
:102D9000089A934202DA0B9B43451DDC049B5C1CA2
:102DA00016E025B2ADF84E50ADF852503946249891
:102DB0000AF01CFD3B462A46BDF94C102498F9F751
:102DC00093FB8DF8940021A93046FCF74DFA0134AD
:102DD000BDF9A630A342E4DA0F9A0132BDF9A03062
:102DE0009A42B8BF1A46ADF84C20BDF9A430ADF8F0
:102DF00050309FB292B2BF1ABFB201373FB2002F1C
:102E000046DD099B0A9A934201DDD3451BDBBDF9E0
:102E1000A24016E025B2ADF84E50ADF852503946FA
:102E200024980AF0E3FC3B462A46BDF94C1024984E
:102E3000F9F75AFB8DF8940021A93046FCF714FAF3
:102E40000134A145E6DC099B0A9A934202DD0B9B03
:102E500043451DDC049C013416E025B2ADF84E500C
:102E6000ADF85250394624980AF0C0FC3B462A4639
:102E7000BDF94C102498F9F737FB8DF8940021A97F
:102E80003046FCF7F1F90134BDF9A630A342E4DA8B
:102E900015A8F9F77FFB0C98F9F750FB1BA8F9F779
:102EA00079FB0D98F9F74AFB24980AF071FB90E53D
:102EB0002DE9F04F89B00490084691F82240022C89
:102EC0006FD91146B0F92020002A6AD090F823303B
:102ED00013F03E0F65D013F0010F62D1B1F90480F9
:102EE0001FFA88F30593B1F900A01FFA8AF7DB1BDC
:102EF0009BB201331BB2B1F906B01FFA8BFEB1F9D8
:102F000002901FFA89F6AEEB060C1FFA8CFC0CF14E
:102F1000010C0FFA8CFCB0F900509C45A8BF9C46F0
:102F20004FEA6C03B5EB6C0F00DC2B46ADF818A034
:102F3000ADF81A90ADF81C80ADF81EB090F8238063
:102F4000C8F3440C18F0080F2ED01FFA82F847443B
:102F5000ADF818701CF0080F2FD097B2059DED1B2F
:102F6000ADF81C501CF0020F2DD095B23544ADF8D1
:102F70001A501CF0010F2CD095B2AEEB050EADF837
:102F80001EE092B29A1A12B2002A28DB85780395C5
:102F90000294C08BADF80400009206AA0498FFF7D3
:102FA000FDFC09B0BDE8F08F13FA82F81FFA88F82B
:102FB000C8F100081FFA88F8C9E713FA82F7BFB210
:102FC0007F42BFB2CAE713FA82F5ADB26D42ADB22D
:102FD000CCE713FA82F5ADB26D42ADB2CDE7002277
:102FE000D4E72DE9F04F8BB0059091F82A90B9F114
:102FF000020F72D9B1F92630002B6ED0B2F9005011
:10300000ADF82050B2F90260ADF82260B2F9044088
:10301000ADF82440B2F906E0ADF826E0088D01389D
:1030200080B2ADB2A5EB00081FFA88FB0FFA88F852
:10303000ADF82080B6B2371A1FFA87FA3FB2ADF862
:10304000227010FA84F4A2B224B2ADF8244010FA2F
:103050008EFE1FFA8EFC0FFA8EFEADF826E0ADF85C
:103060001880ADF81A70ADF81C40ADF81EE09BB2A8
:10307000ABEB030BADF818B0D418ADF81C40AAEBBD
:10308000030AADF81AA00CEB0304ADF81E40451B73
:103090002A4492B2013212B2801B84441FFA8CFC83
:1030A0000CF1010C0FFA8CFCB1F900406245A8BF8D
:1030B00062465010B4EB620F00DC204603448A786D
:1030C0000392CDF808908A8CADF8042000901BB2D2
:1030D00008AA06A90598FFF761FC0BB0BDE8F08FC0
:1030E00070B504460D461646FEF764FA3246294688
:1030F0002046FFF722F9324629462046FFF714FB07
:10310000324629462046FFF7D3FE3246294620465E
:10311000FFF767FF70BD000083B2C0F3072040EAED
:1031200003208BB2C1F3072141EA032104320B04CF
:1031300013FA81F10A4B19404FEA004C1CFA80F057
:103140001840401AD20800FB02F201EB521119405C
:1031500041EA114188B2C1F3072141EA00207047DA
:103160001FF8E0072DE9F04F83B0019088469146A3
:103170009A460C9A0D9B0E9F0F9E109D12994FF030
:10318000000C06E0002401F80C400CF1010C0FFAD1
:103190008CFCAC4526DA07FB0CFE02EB2E2E06FB60
:1031A0000CF403EB242424125FEA2E2EEAD4F0451B
:1031B000E8DD002CE6DBA145E4DD04FB0AEE0EEBC6
:1031C0004E0E019800EB0E0B10F80E409BF801E03C
:1031D00004EB0E24119820F81C409BF8024001F8E3
:1031E0000C40D2E703B0BDE8F08F2DE9F04F8346E5
:1031F000884691469A46099A0A9B0B9F0C9E0D9D04
:103200000F994FF0000C06E0002401F80C400CF17F
:10321000010C0FFA8CFCAC4521DA07FB0CFE02EB2B
:103220002E2E06FB0CF403EB242424125FEA2E2E30
:10323000EAD4F045E8DD002CE6DBA145E4DD04FB43
:103240000AEE3BF81E400E9820F81C400AFB09F4D9
:103250000EEB440E1BF80E4001F80C40D7E7BDE81A
:10326000F08F30B4C4691CB98569B5F5807F15D07D
:10327000B0F928C0A1EB0C01B0F92AC0A2EB0C02F6
:1032800094B9046A856901FB05441C608169436A3D
:1032900002FB0133029A136030BC704709021960C7
:1032A0001202029B1A60F7E78469B4F5807F1AD096
:1032B000456901FB05FC056902FB15CC0CFB04F418
:1032C000056A05EBA4241C600469436902FB03F34F
:1032D00001FB0433826902FB03F3426A02EBA3237E
:1032E000029A1360D8E7446901FB04F4056902FB04
:1032F0001544056A05EBA4041C600469436902FBDC
:1033000003F301FB0433426A02EBA303029A136046
:10331000C2E72DE9F04F8FB00190894600920593E6
:10332000DDF870A09DF87CB04FF00003ADF82630BA
:10333000ABF10403102B00F29281DFE813F01100CF
:103340002E001600900190019001900190019001D3
:10335000900190019001900190019001900129004D
:103360000223029300230A9309E0F6F745FF03685E
:103370001B8FADF826300223029301230A93002409
:10338000DDF860801B9DCDF818B0DDF864B00EE06C
:103390000223029301230A93F1E7032302930123FB
:1033A0000A93ECE700231E9A1355013424B25445C6
:1033B00080F255811A9B03FB04F108EB212105FBE8
:1033C00004F60BEB262632120B12EBD49945E9DDFD
:1033D000002AE7DB00989042E4DDC8B2F7B211F0B2
:1033E000800F48D1C0F17F00410007914FF0FF30BE
:1033F00016F0800F44D1C7F17F07790008914FF094
:10340000FF3C059902FB01F10391029F03FB07F1C9
:10341000039E07FB0611019F7E18049610EB030E16
:1034200000F1C780F14540F3C4801CEB020E00F1AF
:10343000C080009F774540F3BC80029A00FB02F7F2
:103440000B9737440C97059F0CFB07FC02FB0CFC09
:10345000324662440D920A9A002A79D0069A052AC9
:1034600014D0069A142A49D0069B062B59D0FF2265
:10347000104616460FE08038410007910120B7E75B
:10348000803F790008914FF0010CBAE7B6780D9BA8
:1034900098780C9B9A78864208D0089FC7F580736D
:1034A00006FB03F307FB0033C3F30720964208D063
:1034B000079FC7F5807306FB03F307FB0233C3F3D3
:1034C00007228318C3F347031E9A1355002B3FF4BA
:1034D0006CAF019B5B5C0498427803EB02231946B6
:1034E00010F80C300D9A527803EB02260B9BC35C4C
:1034F0000C9A527803EB0223039336E0009F059A5F
:1035000002FB07F2019F07EB4207039A1A44BE5CD5
:1035100002443846BA5C059F0EFB073E10F80E00C9
:10352000B9E7019B5B5ABDF8262093420CD0049862
:1035300030F80C309A4207D00B9BC35A9A4203D002
:10354000FF2210461646A6E700231E9A13552CE7C5
:10355000019B5B5A19460B9B049AD35AADF80C3069
:1035600032F80C60FF231E9A13558BB2B2B293420D
:1035700017D0089B03F0FE020F463046FFF7CCFD44
:103580000646079B03F0FE023946BDF80C00FFF724
:10359000C3FD7F223146FFF7BFFD1D9B23F81400BA
:1035A00003E7BDF80C209342E3D11D9B23F81410D0
:1035B000FBE6019F795C049E96F801E0049401EB20
:1035C0000E2189B21D9F27F81410069F062F18D0D0
:1035D000142F1ED0052F27D1B1780BB9002827DB77
:1035E00009F1FF369E4221D012B9BCF1000F2CDB4D
:1035F000009B013B934225D000231E9A049953540B
:10360000D3E6BDF82660B14201D0FF21E5E70021F5
:10361000E3E70099059F07FB01F1039E06EB4106D6
:103620001E440199895DD8E7FF21D6E70028DBDD3C
:10363000079BC3F1FF0301FB03F31B121E9A0499BE
:103640005354B2E6BCF1000FD6DD089BC3F1FF0373
:1036500003FB01F109121E9B049A9954A5E60FB0D1
:10366000BDE8F08F2DE9F04F85B002908B460192B6
:103670000393DDF838A0DDF83C90DDF84080119F21
:10368000129C149D9DF85460F6F7B6FD03681B8FDD
:10369000ADF80230214628460AF0A8F80023DDF8EC
:1036A00004C0DDF84CE005E00022EA54062E1DD0EF
:1036B00001331BB2A34222DA08FB03F20AEB2222F7
:1036C00007FB03F109EB212109121212ECD49345F7
:1036D000EADD0029E8DB8C45E6DD039801FB0022EA
:1036E000029931F812202EF81320DFE73EF813106C
:1036F000BDF802209142DBD10022EA54D8E705B0A0
:10370000BDE8F08F2DE9F04FA1B00C4609920A9365
:10371000BDF9A8300B93BDF9AC300C93DDF8B09037
:103720009DF8B4B02E9E2F9DB9F9002050421C90F8
:10373000B9F802104FF4803393FBF1F31B93D9F8DF
:1037400004301F93DFF808A28AFB0013C017C0EBF8
:10375000A30808F101030D936FF0090707FB08F7B1
:10376000BF1A0FFA88F009F0FDFC0E90BDF9340085
:1037700009F0F8FC0F9008F15A0000B209F0F2FCD1
:1037800080460D9B03F15A0000B209F0EBFCC7F133
:103790000A010F9A07FB02F20E9B03FB01228AFB30
:1037A00002C3D217C2EBA302199200FB07F308FB76
:1037B00001338AFB031ADB17C3EBAA031A935211D6
:1037C00019925B111A93BDF97C301B021D93BDF950
:1037D0007E301B021E93B4F804802388A8EB0308F4
:1037E0001FFA88F808F101080FFA88F8B4F806A063
:1037F0006388AAEB030A1FFA8AFA0AF1010A0FFA90
:103800008AFA002723464446984642E000231A4697
:1038100067E0069505960494039302920190009147
:103820000C9B0B9A0A990998FFF79CFC2CE0CDF8A9
:103830001CB00695059604940393029201900091A2
:103840000C9B0B9A0A990998FFF70CFF1CE0069550
:103850000596049403930292019000910C9B0B9A9D
:103860000A990998FFF7C1FC0EE0CDF81CB0069547
:103870000596049403930292019000910C9B0B9A7D
:103880000A990998FFF745FD06EB440625440137E0
:103890003FB2574558DAB8F9022012AB009311AB8A
:1038A0003A44B8F9001015A8FFF7DBFCB8F902207C
:1038B00014AB009313AB3A44B8F9041015A8FFF702
:1038C000D0FC1199139B5A1A1298149B1B1A012CA5
:1038D0009CDD120204F1FF3C92FBFCF21B0293FB05
:1038E000FCF38031803099F814C01CF0010FBCD17A
:1038F000ABF1040CBCF1100FC6D80FF2080E5EF845
:103900002CF000BF2F380208133802082F380208A5
:10391000893802088938020889380208893802087B
:10392000893802088938020889380208893802086B
:10393000893802088938020889380208893802085B
:10394000893802084F38020821B0BDE8F08F00BF67
:103950006766666683880288981A80B2013000B272
:103960007047C3884288981A80B2013000B270470D
:1039700010B4019C012B07DD0138042846D8DFE88C
:1039800000F0150838271E00A0F1030CBCF1020F4F
:10399000F2D800230298038023888A1A02EBD2729D
:1039A00003EB620323805DF8044B70470023029809
:1039B000038023888A1A13FA82F22280F3E78A1A94
:1039C00012B2013B1BB292FBF3F2029B1A80EAE7B0
:1039D000029800888A1A12B292FBF3F303441BB2D6
:1039E000029A1380228803EBD37302EB63032380D4
:1039F000D9E78A1A12B201331BB292FBF3F3029A8F
:103A00001380228812FA83F32380CCE70023029AE2
:103A10001380C8E749B11368013B1360002B0FDB2B
:103A20008268126852F823007047136801331360EC
:103A3000826851688B4205DA126852F82300704799
:103A400000207047002070472DE9F04F8BB0814671
:103A50000E4690460693BDF950B0159D01220021F7
:103A6000F4F71EFB04B2042200214846F4F718FBC9
:103A7000F37813F0020F10D000B213F0010303D05B
:103A800042F2D172944204D03BB942F2D1739842CF
:103A900003D1F37823F00203F370F37813F00103FA
:103AA00013D0884A07929BB9DFF818A200236B80D5
:103AB000AB802B612B80AB60EB60CDF8248041465E
:103AC0004846F5F775F80446B4E07F4A0792EAE7FE
:103AD000DFF8F4A1EAE77D4B1A8800212046F4F7CD
:103AE000DFFA074610F0FF0F7AD02869013028610D
:103AF000AB885B44AB802B7D13F0010F00F082801C
:103B000000EB8000800009F0A9FC059000284BD054
:103B1000E96851B12B6903EB83039A00143A0598C5
:103B200009F07EFDE86809F033FD2B6903EB8303A0
:103B30009B00143B059AD450F37813F0010F41D049
:103B4000022200212046F4F7ABFA00B22B6903EB06
:103B500083039B00143B059A13449880F37813F079
:103B6000010F36D0032200212046F4F799FA00B263
:103B70002B6903EB83039B00143B05990B44D8800E
:103B80002B6903EB83039B00143B0B44FFB2DF6004
:103B90002B6903EB83039B00143B0B441A7C22F03C
:103BA00001021A74E9602DE0494B0293494B0193DD
:103BB000494B0093494B40F25B124949032009F0FD
:103BC00083FAFEE7052200212046F4F769FA00B2E5
:103BD000BCE7062200212046F4F762FA00B2C7E7EC
:103BE0002046079B9847F37813F0020F05D0B5F9EC
:103BF00004300344069A934234DCAB88584413FAE9
:103C000080F0A8802046D047B5F90030984202DD08
:103C10002046D04703462B80AB680133AB601AE0E7
:103C20000121099B1944099100291BDB4846F4F73F
:103C3000BFFF0446B4B1099B434505D04FF40001D2
:103C40002046F0F79CFA68B926492046F0F79DFA1D
:103C500000283FF440AFF37813F0040FE0D04FF0AA
:103C6000FF31DEE7B5F90430002B03DD9BB2A3EB97
:103C70000B03AB802B6913B9B5F904300693069B8F
:103C80006B8014B1099B434503D009980BB0BDE884
:103C9000F08FD9F80820126852F82340F17809AA69
:103CA000C1F380014846FFF7B5FE002CEDD0204659
:103CB000D04728802046079B984768800123AB6047
:103CC000E3E700BF4B5401085954010882EE00207D
:103CD000FC2D04085C3F0408302E04080465040829
:103CE000F83E0408010006002DE9F04F93B0039060
:103CF0008A460D920493BDF970300693BDF9743075
:103D00000793BDF97C300893209CCB7813F0010316
:103D100009D0AC4A0A924BB1AB4A05924BB9AA4BB7
:103D20000993012662E0A94A0A92F4E7A84A05929B
:103D3000F4E7A74B0993F4E70089091A09B20133A4
:103D4000206998420CD9E06803EB830500EB8500FD
:103D5000057C15F0010FEFD1C068024412B2EEE706
:103D60004FF0000C604618E09A4B01939A4B009379
:103D70009A4B40F2AB129A49032009F0A5F9FEE7ED
:103D8000E3683B44A3F808E0E3683B44DD68551B67
:103D90002AB21B89CB1A19B201302369834224D974
:103DA000E56800EB80039F0005EB83031D7C15F0A5
:103DB000010FF1D1002AD7D091FBF2F5D3F80CE036
:103DC00015FB0EF52DB2B3F906E0AE45A8BFAE4621
:103DD000B3F90480C645B8BFC6467545D0D01D7C32
:103DE00045F001051D74B446CAE7664636B16188E0
:103DF000A388C91A09B200221346A1E7162200219E
:103E00000398F4F74DF9C5B20C950023ADF8463090
:103E1000ADF8443011AB01930DF146030093B4F9B2
:103E20000830B4F90220BDF978109AF80000FFF7C5
:103E30009FFD9AF8033013F0010F01D0012D05D03A
:103E40000D990398F4F7B4FE0546E4E00398F1F702
:103E50000AFBBDF8463013FA80F3ADF84630EFE7C1
:103E60009AF803100DAAC1F380010398FFF7D2FD61
:103E70000546D0E0B0F908700FE0002322699A42AD
:103E80000AD9E26803EB830102EB810052F821209A
:103E9000AA42EFD00133F1E700279AF8033013F07C
:103EA000010F39D095F8233043F0080385F823300B
:103EB000DBB223F0040385F8233005F11406304605
:103EC000059B9847B84200F0CA802846F1F79BFE50
:103ED000B5F91430ADF83C30B5F91630ADF83E30D8
:103EE000B5F91830ADF84030B5F91A30ADF84230B8
:103EF000394630460A9B98470FAA29212846EDF7F4
:103F000067F92846F4F714FE2A462221EDF760F9F6
:103F10002846F1F778FEA2E095F8233043F0040339
:103F200085F82330DBB223F0080385F82330C4E79B
:103F3000268805F11400099B984783B2F61A36B219
:103F4000A3E00026A1E005F11400059B984782B28A
:103F5000BDF846309B1AADF846309FE02BF4C043C5
:103F6000B3F5FA6F00F3B780B3F57A7F01DDC3F5DF
:103F70007A730B9A03FB02F213461A4A82FB03126E
:103F8000DB17C3EB62130FFA83FBA4E029F4C043F1
:103F9000B3F5FA6F00F3A580B3F57A7F01DDC3F5C1
:103FA0007A7303FB00F00F4B83FB0023C017C0EBB9
:103FB00063130FFA83F994E0B1B2A6E0BDF846604E
:103FC000ABE000BF61C00208553902086DC00208AD
:103FD000633902086C3F0408FC3B0408F4640408DD
:103FE000F83E04081F85EB5105F11400059B984726
:103FF000089B1A18BDF944301344BDF846201344F9
:10400000ADF846309AF803100DAAC1F38001039869
:10401000FFF700FD0546002D00F0B4800D9B049ACB
:10402000934200F0AF8059492846F0F7AEF80028D7
:104030007FF416AF564B1A8800212846F4F730F863
:1040400010F0FF0F7FF419AF95F8233023F0080329
:1040500085F82330DBB223F0040385F823309AF887
:104060000130012B3FF464AF022B7FF46AAFB4F947
:104070000060013626F0010605F11400099B9847FF
:10408000361A06EBD67646F34F069AF8033013F04D
:10409000010F03D00C9B012B3FF455AF6B22002185
:1040A0002846F3F7FDFF80460FFA80FB6C220021C3
:1040B0002846F3F7F5FF07460FFA80F92846F1F78F
:1040C000C4F90B902846F1F7C7F908F4C048B8F5D1
:1040D000005F3FF443AF07F4C047B7F5005F3FF41C
:1040E00055AFAF8A069BDF1B1BFA87F7BFB2EB8A7F
:1040F000079AD31A19FA83F39BB29AF8032012F0A5
:1041000001023FF459AFBDF846100F441FFA87F87B
:104110003FB2002A3FF452AFB6B233441FFA83F9DC
:104120001EB207B9CEB12846F1F76DFDAB8A434404
:10413000AB822B8B9844A5F81880EB8A4B44EB821A
:104140006B8B9944A5F81A902846F1F75CFD002383
:10415000324639462846F1F7C1FB9AF8033013F08E
:10416000010F3FF441AF0C9B012B7FF43DAFBDF835
:104170004430089A13449BB2BDF84620D31AADF8D8
:1041800046303FE713B0BDE8F08F00BF01000600E6
:1041900082EE00202DE9F04F95B00446B14B1A880D
:1041A0000021F3F77DFF10F0010F0CBF0122002268
:1041B0009DF84F3062F300038DF84F30C0F380025A
:1041C000DBB262F341038DF84F30C0F3C000DBB2C5
:1041D00060F382038DF84F30A34B1A8800212046EC
:1041E000F3F75EFF8DF84C00A04B1A8800212046A3
:1041F000F3F756FF8DF84D009D4B1A88002120469D
:10420000F3F74EFF8DF84E00162200212046F3F7FB
:1042100047FF5FFA80F89DF84F3013F0010F40F030
:104220008480152200212046F3F73AFF0FFA80FA26
:104230009DF84F3013F0010F7FD01522002120464A
:10424000F3F72EFF06B29DF84F3013F0010F7BD02D
:104250002046F1F708F90746322200212046F3F7FD
:104260001FFF8146E58A102200212046F3F718FF40
:1042700015FA80F51FFA89F919FA85F5ADB22046CD
:10428000F2F776FA80B22D1AADF84A50A58A1222BA
:1042900000212046F3F704FF15FA80F519FA85F599
:1042A000ADB22046F2F75CFA80B22D1AADF8485054
:1042B0009DF84E3007939DF84F3013F0010F48D012
:1042C0000DF14A09012200212046F3F7E9FE03B26D
:1042D0000893042200212046F3F7E2FE03B21846B9
:1042E00009939DF84F3013F0010203D042F2D171CF
:1042F000884231D022B942F2D1710898884233D035
:10430000B8F1010F38D00022ADF84620079A002AF4
:1043100000F0958013F0040F00F08A80A3685A68BB
:10432000013A4FF0000B5D464DE01422002120467B
:10433000F3F7B6FE0FFA80FA7AE71422002120463E
:10434000F3F7AEFE06B27EE72046F1F7ACF807467B
:1043500082E70DF14809B5E794F8231011F0040F36
:10436000C8D100210791CBE794F8231011F0080F72
:10437000C6D100210791C3E7002AC4D1079A22B908
:10438000ADF84620CDF81C80C4E7079A012ABAD1BF
:104390000025ADF8465036E09DF8403023F001038B
:1043A0008DF840300BAB019300963B4613A9204695
:1043B000FFF74AFB0246BDF82C30534415FA83F34D
:1043C0001DB20BF1010BA3685B68934201DD002A6B
:1043D000E2DABBF1000F02D0A5EB0A052DB29DF881
:1043E0004F3013F0010F25D02046F1F75CF801465D
:1043F0000DF146030193CDF800900FFA8BF32A4696
:104400000798FFF7B5FA9DF84F3013F0040F18D056
:10441000A268526802F1FF3BB8F1010F38D113F0E6
:10442000010F35D1B9F800302B44A9F800302FE046
:10443000002276E72046F1F716F80146D8E7002576
:10444000E1E74FF0000BE7E79DF84F3013F0010F65
:1044500038D1B9F80030BDF82C209B1AA9F80030EB
:1044600030E000BF8AEE002088EE002086EE0020BB
:1044700084EE0020B9F80030BDF82C20BDF84610BD
:104480000A441AFA82F213FA82F2A9F80020AB4623
:10449000A3685B685B453CDDBBF1000F39DB9DF831
:1044A000403043F001038DF840300BAB0193009690
:1044B0003B465A4613A92046FFF7C6FA0546B8F10F
:1044C000010FC1D00BAB049303960297BDF94A309C
:1044D0000193BDF9483000932B465A4613A9204654
:1044E000FFF702FC0E9809F053F800230E93B8F181
:1044F000010FBFD19DF84F3013F0010FBAD1B9F8B9
:104500000020BDF8463053449BB2D31AA9F80030BE
:10451000BDE742F2D173089A9A420AD0099A9A42A8
:1045200007D000222B212046ECF752FE15B0BDE843
:10453000F08F2046F1F79AFEF3E700BF08B500219F
:104540000F48F0F7E3FE0F4B1880002009F052FEF1
:104550000D4B1880042009F04DFE0C4B18800420F0
:1045600009F048FE0A4B1880042009F043FE094B6D
:104570001880042009F03EFE074B188008BD00BFDC
:10458000954102088CEE00208AEE002088EE002083
:1045900086EE002084EE002082EE002008B50A4658
:1045A000024B19880AF0B6F808BD00BF8AEE002059
:1045B00008B513460A4602490988F3F7F1FF08BD1A
:1045C0008AEE002010B504460022FFF7F1FF00221A
:1045D000024B19882046F4F79DFA10BD8CEE00209E
:1045E00008B513460A4602490988F3F7D9FF08BD02
:1045F00088EE002008B513460A4602490988F3F7F9
:10460000CFFF08BD86EE002008B513460A460249D2
:104610000988F3F7C5FF08BD84EE002070B5044695
:1046200016461D460022FFF7DBFF002231462046DA
:10463000FFF7E0FF002229462046FFF7E5FF0022B2
:10464000024B19882046F4F765FA70BD8CEE002005
:1046500008B513460A4602490988F3F7A1FF08BDC9
:1046600082EE002010B504460022FFF7F1FF20463D
:10467000F4F75EFAF0F72AFE10BD00002DE9F041D4
:104680008446069D079E089C9DF8247019B100225F
:10469000228000226BE0111FC9B2022902D8012D2D
:1046A0000CD0002300200146A8420AD236F810E0C0
:1046B0009E4411FA8EF109B20130F5E70023012280
:1046C000F0E789B298B2A1EB000E0FFA8EFE062A2F
:1046D000DFD80FF2080858F822F000BFF9460208A8
:1046E000FF4602080F4702089346020847470208A0
:1046F0002D4702081747020800222280C9E7ACEBC9
:104700000E0E0EEBDE7E4FEA6E022280C1E7421AE9
:1047100062442280BDE700232380431A63441BB216
:104720006A1E12B293FBF2F31BB2B2E7421A624462
:1047300012B22BB292FBF3F213B2C2F3C0321A449C
:1047400052102280A5E7431A63441BB26A1C12B2BE
:1047500093FBF2F31BB223809BE734F8121036F878
:1047600012000144013213FA81F124F81210691E7B
:104770009142F2D805F10043013B34F8130036F8BA
:104780001330184480B22388C01A00B20FB9BDE8B4
:10479000F0810022AA42FAD234F81230ACEB0303C3
:1047A0009BB236F812105B1A24F812300132F1E78E
:1047B0000146002000E0013031F9102041F6FF737E
:1047C0009A42F8D17047000008B5034B1A880021BF
:1047D000F3F766FC08BD00BFA0EE002008B5034B50
:1047E0001A880021F3F75CFC08BD00BF9CEE002096
:1047F00008B5034B1A880021F3F752FCC0B208BD7C
:1048000090EE002008B5034B1A880021F3F748FC0E
:10481000C0B208BD92EE002008B5034B1A880021F3
:10482000F3F73EFCC0B208BD96EE002008B5034B7E
:104830001A880021F3F734FCC0B208BD98EE0020BE
:1048400008B5034B1A880021F3F72AFCC0B208BD53
:104850009EEE002008B5034B1A880021F3F720FCD8
:10486000C0B208BD9AEE002008B5034B1A8800219B
:10487000F3F716FCC0B208BD94EE002008B5034B58
:104880001A880021F3F70CFCC0B208BD8EEE0020A0
:104890002DE9F84F80460C46FFF7A0FF0746FFF7CB
:1048A00087FF6061400008F0D9FD606060694000EA
:1048B00008F0D4FDE06000262AE001354046F4F718
:1048C0008CF9A8421DD929464046F4F771F9814672
:1048D0004B49EFF75AFC0028EFD14846FFF788FF15
:1048E0000128EAD14846FFF78DFF8642E5D14846C8
:1048F000F0F7B2FD5845E0DB4846F0F7ADFD8346E2
:10490000DBE7BBF1000F12DBE36823F80AB00136E6
:104910006369B34210D94FEA460A37F9162041F6C7
:104920009A739A42F3D10025DFF8D8B0C6E7E3685E
:10493000002223F80A20EAE700263546324608E03E
:1049400041F69A718B4213D0E1680B5233441EB288
:1049500001326369934210D9500037F9123041F6A1
:104960009A718B42ECDD2B44A3F5FC551B3DEFE720
:10497000E3681B5A33441EB2EAE714220021404682
:10498000F3F78EFB0FFA80F94046F0F78CFD81B209
:104990006369013B19FB03F9A1EB090189B2891B8A
:1049A00009B2002904DB00264FF0FF3C334602E049
:1049B0000021F8E7013362699A4212D937F91320CE
:1049C00041F69A708242F5DDA2F5FC521B3A16B20E
:1049D00006FB01F2B2FBF5F2E06820F813209C46DA
:1049E000E8E7BCF1000F08DBAB1B01FB03F3B3FBF3
:1049F000F5F3E268C91A22F81C10BDE8F88F00BF71
:104A00000100060001E0FFFF2DE9F04F83B0814671
:104A10000C46FFF7D9FE80464846F0F724FD01908A
:104A20004046FFF7C5FE2061400008F017FD2060FA
:104A30002069400008F012FDA06000262AE0013540
:104A40004846F4F7CAF8A8421DD929464846F4F763
:104A5000AFF807464849EFF798FB0028EFD13846F2
:104A6000FFF7DAFE0128EAD13846FFF7DFFE86427B
:104A7000E5D13846F0F7E9FC5845E0DB3846F0F779
:104A8000E4FC8346DBE7BBF1000F12DBA36823F8ED
:104A90000AB001362369B34210D94FEA460A38F901
:104AA000162041F69A739A42F3D10025DFF8CCB074
:104AB000C6E7A368002223F80A20EAE70026354665
:104AC000324608E041F69A718B4213D0A1680B522E
:104AD00033441EB201322369934210D9500038F991
:104AE000123041F69A718B42ECDD2B44A3F5FC5554
:104AF0001B3DEFE7A3681B5A33441EB2EAE71522B9
:104B000000214846F3F7CCFA2369013B10FB03F080
:104B1000019B191A89B2891B09B2002904DB0026FE
:104B20004FF0FF37334602E00021F8E701332269F6
:104B30009A4212D938F9132041F69A708242F5DD73
:104B4000A2F5FC521B3A16B206FB01F2B2FBF5F2DB
:104B5000A06820F813201F46E8E7002F08DBAB1BF6
:104B600001FB03F3B3FBF5F3A268C91A22F817108F
:104B700003B0BDE8F08F00BF0100060001E0FFFFB9
:104B80002DE9F04F85B004460D460021F4F710F8EA
:104B9000002866D029462046FFF77AFE294620469F
:104BA000FFF732FF152200212046F3F779FA0FFABA
:104BB00080FA142200212046F3F772FA07B2162277
:104BC00000212046F3F76CFAC6B2012E14BF00266E
:104BD0000126012200212046F3F762FA0FFA80F93C
:104BE000042200212046F3F75BFA0FFA80F842F224
:104BF000D17399453AD04FF0000B2046F0F733FCC3
:104C000081462046FFF71CFE024603962B6802935E
:104C1000AB6801932B690093534659464846FFF70A
:104C20002DFD288342F2D17398452AD04FF0000819
:104C30002046F0F738FC06462046FFF70BFE0246FA
:104C4000002303936B680293EB6801936B690093F5
:104C50003B4641463046FFF711FD688305B0BDE88D
:104C6000F08F1C21284608F097FDF7E794F82330D1
:104C700013F0080F02D04FF0000BBEE74FF0010B0E
:104C8000BBE794F8233013F0040F02D04FF0000874
:104C9000CEE74FF00108CBE72DE9F04F89B004468D
:104CA0000D461646C449EFF770FA10B109B0BDE8D9
:104CB000F08F2046FFF7B0FD07462046FFF798FD2E
:104CC00083460028F2D0002FF0D02046FFF7AEFD3B
:104CD00081462046FFF796FD80462046FFF7C4FD3B
:104CE00082462046FFF7CAFD01902B6833F9192050
:104CF0004F446FF000410F4433F81730A86830F884
:104D0000170003449BB29B1A9AB204921BB20293FF
:104D10006B6833F91820C3448B4433F81B30E968BF
:104D200031F81B100B449BB29B1A9AB205921BB22E
:104D30000393162200212046F3F7B2F9C0B20128EE
:104D400000F0C280278BA38AFF1ABFB201373FB29F
:104D5000B4F81AB0E38AABEB030B1FFA8BFB0BF131
:104D6000010B0FFA8BFBBAF1020F00F0D780BAF1FA
:104D7000030F00F0B680BAF1010F00F0BD802B6880
:104D800033F9199094F8233023F0080384F8233082
:104D9000019B022B00F0F680032B00F0D580012B45
:104DA00000F0DE806B6833F9185094F8233023F05C
:104DB000040384F823302046F0F747FBB84200F0A4
:104DC000F480B4F91430ADF81830B4F91630ADF8F9
:104DD0001A30B4F91830ADF81C30B4F91A30ADF807
:104DE0001E302046F0F70FFF04F1140339461F462A
:104DF000184607F035F95946384607F037F9204686
:104E0000F0F701FF06AA29212046ECF7E1F9204638
:104E1000F3F78EFE22462221ECF7DAF96B2200210D
:104E20002046F3F73DF980460FFA80FB6C22002103
:104E30002046F3F735F907460FFA80FA2046F0F7D7
:104E400004FB01902046F0F707FB08F4C048B8F5D2
:104E5000005F00F0B38007F4C047B7F5005F00F0D3
:104E6000C58009EB0B0705EB0A02338913FA87F7B4
:104E7000BFB2A38AFF1A1FFA87F83FB2738913FAE9
:104E800082F292B2E38AD21A96B215B217B9002D05
:104E90003FF40CAF2046F0F7B6FEA38A4344A3824A
:104EA000238B9844A4F81880E38A3344E382638B0D
:104EB0001E4466832046F0F7A6FE00232A463946A4
:104EC0002046F0F70BFDF1E6BAF1000F06D0BAF17B
:104ED000020F7FF437AF4FF0000A33E74FF0020ABA
:104EE00030E72B6833F9199094F8233043F0080326
:104EF00084F82330029F4BE72B6833F81990029B0C
:104F0000DB1B03EBD37309EB63090FFA89F994F800
:104F1000233023F0080384F8233039E72B6833F873
:104F20001930049A1A441FFA82F92046F0F78DFAD4
:104F300080B2A9EB00090FFA89F994F8233023F025
:104F4000080384F8233023E76B6833F9185094F88A
:104F5000233043F0040384F82330DDF80CB02AE753
:104F60006B6833F81850039BA3EB0B0303EBD3736D
:104F700005EB63052DB294F8233023F0040384F885
:104F8000233018E76B6833F81830059D1D44ADB227
:104F90002046F0F761FA80B22D1A2DB294F8233032
:104FA00023F0040384F8233005E72046F0F754FA91
:104FB00058457FF406AF31E7010006002BF4C043EB
:104FC000B3F5FA6F3FF747AFB3F57A7F01DDC3F56D
:104FD0007A73019A03FB02F213460F4A82FB031213
:104FE000DB17C3EB62130FFA83FB34E72AF4C043E9
:104FF000B3F5FA6F3FF735AFB3F57A7F01DDC3F54F
:105000007A7303FB00F0044B83FB0023C017C0EB53
:1050100063100FFA80FA24E71F85EB5110B50446A0
:10502000006808F0B5FA606808F0B2FAA06808F005
:10503000AFFAE06808F0ACFA10BD70B58AB005466A
:10504000FFF7C2FB04462846FFF7C8FB002C5CD0E4
:1050500000285AD003A92846FFF792FD0C21684684
:1050600008F09AFB322200212846F3F719F8064689
:10507000122200212846F3F713F8B6B216FA80F48C
:10508000A4B2102200212846F3F70AF816FA80F697
:10509000B6B2AB8A1C44A4B22846F1F761FB80B2D9
:1050A000241AADF80840EB8AF418A4B22846F1F7A8
:1050B0005FFB80B2241AADF80A40002407E01B68A9
:1050C0006A4603A953F82400FFF7E6FD0134AB68F4
:1050D0005A68A242F3D803A8FFF7A0FF01220021DB
:1050E0002846F2F7DDFF04B2042200212846F2F739
:1050F000D7FF00B242F2D1739C4208D0984206D04A
:1051000000222B212846ECF763F80AB070BD284630
:10511000F1F7ACF8F4E7000008B500211B48F0F700
:10512000F5F81B4B1880042009F064F8194B18801F
:10513000042009F05FF8184B1880042009F05AF891
:10514000164B1880042009F055F8154B18800420E0
:1051500009F050F8134B1880042009F04BF8124B5B
:105160001880042009F046F8104B1880042009F03C
:1051700041F80F4B1880042009F03CF80D4B1880C3
:10518000042009F037F80C4B188008BD3B5002088A
:10519000A2EE0020A0EE00209CEE00209EEE00205B
:1051A0009AEE002090EE002092EE002096EE002075
:1051B00098EE002094EE00208EEE00208B691360A4
:1051C0000020704770B586B00D461446002313705A
:1051D00069462846E3F788FA0646F8B99DF808308C
:1051E00013F0100F14D020462F2300F8013B0DF1CF
:1051F000090116F009F80B492046DBF701F80028F1
:10520000E6D009492046DAF7FBFF0028E0D006E0A7
:105210000DF10901204615F0F7FFECE70C263046AA
:1052200006B070BD803F0408843F040838B50C46C2
:10523000342008F0ABF8054618B12146E3F7F1F940
:1052400008B9284638BD284608F0BEF80025F8E71A
:1052500010B50C460846E3F72FFA204608F0B4F8DC
:10526000002010BD08B50846012B07D0022B0AD03C
:1052700013B91146E3F755F8002008BD89691144B8
:10528000E3F74FF8F8E7C9681144E3F74AF8F3E7A2
:1052900008B5084611461A46029BE2F7C2FE00B95D
:1052A00008BD0C20FCE708B5084611461A46029BCB
:1052B000E2F7CBFD00B908BD0C20FCE710B50C46A9
:1052C0000846E3F711F8204608F07EF8002010BDEC
:1052D00070B50C46012A05D0022A11D0032A11D03C
:1052E000002600E012264FF40C7008F04FF8054637
:1052F00020B132462146E2F795FC28B9284670BD18
:105300000126F0E71326EEE7284608F05DF80025B1
:10531000F4E7000010B50F4C204607F0C6FC302320
:105320002370002363800C4BA3600C4BE3600C4B99
:1053300023610C4B63610C4BA3610C4BE3610C4B81
:10534000A3620C4B23620C4B6362204607F0B2FC55
:1053500010BD00BFA4EE0020D1520208BD520208C9
:10536000A75202089152020865520208BD51020874
:10537000515202082D520208C551020808B5FFF724
:10538000DDF8FFF7C9FEFFF7C5FF08BD83B2C0F324
:10539000072040EA03208BB2C1F3072141EA032131
:1053A00004320B0413FA81F10A4B19404FEA004C06
:1053B0001CFA80F01840401AD20800FB02F201EB00
:1053C0005211194041EA114188B2C1F3072141EA63
:1053D000002070471FF8E00770B50C460846F3F749
:1053E000A7FB70B1BF492046EFF782F900284DD0E6
:1053F0002046F3F79DFB0546BB49EFF779F9A0B1CD
:1054000070BDBA4D002229682046F3F72BF82968B1
:105410004FF4803208312046F3F724F82968B44A63
:1054200010312046F3F71EF8EAE72846F3F780FB31
:10543000AD49EFF75DF9A0B9AC4D296800221831EC
:105440002046F3F70FF829684FF4803208312046E0
:10545000F3F708F82968A64A10312046F3F702F856
:10546000CEE7A24D2968002280312046F2F7FAFFEC
:1054700029684FF4803208312046F2F7F3FF29689B
:105480009B4A10312046F2F7EDFFB9E799492046D3
:10549000EFF72EF9002856D0944D296800222031CC
:1054A0002046F2F7DFFF2968002228312046F2F774
:1054B000D9FF29680022D0312046F2F7D3FF2968AE
:1054C000202258312046F2F7CDFF29682022D8311A
:1054D0002046F2F7C7FF29680422A0312046F2F7E0
:1054E000C1FF29682022C8312046F2F7BBFF296896
:1054F000012238312046F2F7B5FF29688022603159
:105500002046F2F7AFFF2046F3F712FB7A49EFF798
:10551000EFF840B92046F3F70BFB7849EFF7E8F8CE
:1055200000283FF46DAF714D2968002201F5CC7160
:105530002046F2F797FF2968202201F5D471204612
:10554000F2F790FF5CE76E492046EFF7D1F840B1E3
:10555000664B1968002201F59C712046F2F782FF24
:105560004EE768492046EFF7C3F8002800F0D880DE
:105570002046F3F7DDFA6449EFF7BAF8002840D186
:105580002046F3F7D5FA5849EFF7B2F800286CD166
:10559000564D2968002218312046F2F763FF29682A
:1055A0000422A0312046F2F75DFF29680822A831C5
:1055B0002046F2F757FF29684FF4A02220312046F9
:1055C000F2F750FF2968514A60312046F2F74AFF4E
:1055D00029684F4A58312046F2F744FF29684D4A5E
:1055E00028312046F2F73EFF29684B4AA031204679
:1055F000F2F738FF2968494AA8312046F2F732FF0E
:10560000FEE63A4D2968002201F5E0712046F2F7E6
:1056100029FF2968002288312046F2F723FF2968F4
:105620004FF4A02220312046F2F71CFF2968384AA7
:1056300058312046F2F716FF2968344A6031204677
:10564000F2F710FF2968334A28312046F2F70AFFA3
:105650002968314A30312046F2F704FF29682F4A81
:1056600040312046F2F7FEFECAE6204D29680022AE
:1056700050312046F2F7F6FE29680422A031204678
:10568000F2F7F0FE2968042201F5FC712046F2F7DA
:10569000E9FE29681E4A58312046F2F7E3FE2968E0
:1056A0001C4E324630312046F2F7DCFE2968324685
:1056B00001F500712046F2F7D5FE2968033632461F
:1056C000A0312046F2F7CEFE2968144AA8312046C0
:1056D000F2F7C8FE2968324601F5FC712046F2F760
:1056E000C1FE8DE654600408086B040844EF0020F6
:1056F0004000010078270508806904089C690408B7
:10570000C8280508B4270508B46A04088000050005
:105710002000050001000500040005000800050048
:10572000BD492046EEF7E4FF38B3BC4D296800229E
:1057300030312046F2F796FE29680022B03120462B
:10574000F2F790FE29680422A0312046F2F78AFE83
:1057500029680822A8312046F2F784FE29684FF410
:10576000003228312046F2F77DFE29684FF40032DE
:10577000B0312046F2F776FE42E6A9492046EEF720
:10578000B7FF002842D0A54D2968002230312046BD
:10579000F2F768FE29680022B0312046F2F762FE77
:1057A00029680422A0312046F2F75CFE296808220D
:1057B000A8312046F2F756FE29684FF4003228310E
:1057C0002046F2F74FFE29684FF40032B0312046F0
:1057D000F2F748FE29684FF44032F0312046F2F7E4
:1057E00041FE29688F4E3246C8312046F2F73AFE14
:1057F00029684FF44032D0312046F2F733FE296851
:105800003246D8312046F2F72DFEF9E5864920468A
:10581000EEF76EFF002854D0804D29680022183121
:105820002046F2F71FFE2968002268312046F2F771
:1058300019FE29680022B8312046F2F713FE2968C4
:105840000422A0312046F2F70DFE29680822A83173
:105850002046F2F707FE29684FF4803208312046CF
:10586000F2F700FE2968714A10312046F2F7FAFD7E
:1058700029684FF4A02250312046F2F7F3FD296841
:105880004FF4A02201F5A0712046F2F7EBFD296844
:105890004FF4A02280312046F2F7E4FD2968644AE3
:1058A00058312046F2F7DEFD2968624A2831204649
:1058B000F2F7D8FD2968604A38312046F2F7D2FD68
:1058C0009EE55E492046EEF713FF00285CD0534D5D
:1058D0002968002248312046F2F7C4FD29680022D9
:1058E000B0312046F2F7BEFD29680022E83120469B
:1058F000F2F7B8FD2968802260312046F2F7B2FD48
:1059000029680422A0312046F2F7ACFD29684C4EEC
:10591000324628312046F2F7A5FD29684FF40032BF
:10592000B0312046F2F79EFD2968464A6031204694
:10593000F2F798FD29684FF44032F0312046F2F733
:1059400091FD29684FF4403250312046F2F78AFD2C
:1059500029684FF4403201F598712046F2F782FD34
:105960002968394A60312046F2F77CFD29683246C1
:10597000D8312046F2F776FD29684FF40032D8314D
:105980002046F2F76FFD3BE530492046EEF7B0FECA
:1059900000285DD0214D2968002218312046F2F7F9
:1059A00061FD2968002278312046F2F75BFD296805
:1059B000002201F594712046F2F754FD29684FF456
:1059C000803208312046F2F74DFD2968174A103120
:1059D0002046F2F747FD29684FF4A02201F58871AF
:1059E0002046F2F73FFD29684FF4003201F58C7133
:1059F0002046F2F737FD29684FF4C02201F5907177
:105A00002046F2F72FFD29684FF4E02201F5887156
:105A10002046F2F727FDF3E45C27050844EF002059
:105A20003429050820000300E8290508400001008A
:105A300020000500040005000800050050290508A5
:105A40000100020080000200800003006865040875
:105A5000B3492046EEF74CFE60B3B24D29680022F0
:105A600018312046F2F7FEFC29680022E03120467A
:105A7000F2F7F8FC2968002290312046F2F7F2FC98
:105A80002968002298312046F2F7ECFC29680422AC
:105A9000A0312046F2F7E6FC29680822A83120460A
:105AA000F2F7E0FC29684FF4802228312046F2F713
:105AB000D9FCA5E49C492046EEF71AFEF8B1994DB1
:105AC0002968002201F580712046F2F7CBFC296895
:105AD0004FF4003201F580712046F2F7C3FC2968CB
:105AE0004FF4003201F584712046F2F7BBFC2968BF
:105AF0004FF44032F0312046F2F7B4FC80E48B4999
:105B00002046EEF7F5FDC0B1864D2968002201F56B
:105B100080712046F2F7A6FC29684FF4003201F5A7
:105B200080712046F2F79EFC29684FF4003201F59F
:105B300084712046F2F796FC62E47D492046EEF738
:105B4000D7FDA8B1774D2968002218312046F2F719
:105B500089FC29680022B0312046F2F783FC2968CD
:105B60004FF4003201F5A8712046F2F77BFC47E4C0
:105B700070492046EEF7BCFD00283BD0694D2968EE
:105B8000002218312046F2F76DFC29680022783196
:105B90002046F2F767FC2968802260312046F2F740
:105BA00061FC29680422A0312046F2F75BFC2968D9
:105BB0000822A8312046F2F755FC29684FF48032BC
:105BC00008312046F2F74EFC29685B4A1031204626
:105BD000F2F748FC2968594A01F5AC712046F2F702
:105BE00041FC29684FF4002201F5B0712046F2F71C
:105BF00039FC05E452492046EEF77AFD002857D0DB
:105C00000022484B19682046F2F72CFC4D4B1B78BC
:105C1000012B49D0434B1968703100222046F2F71E
:105C200021FC404D29680422A0312046F2F71AFCDD
:105C300029680822A8312046F2F714FC29684FF49D
:105C4000A02220312046F2F70DFC29683E4A60313F
:105C50002046F2F707FC29684FF4A0225031204675
:105C6000F2F700FC29684FF4A02201F5E871204604
:105C7000F2F7F8FB2968354A58312046F2F7F2FB73
:105C80002968334A48312046F2F7ECFB2968314A4B
:105C900030312046F2F7E6FB29682F4A4031204692
:105CA000F2F7E0FBFFF7ACBB1E4B19687831B4E7A5
:105CB0002A492046EEF71CFDA8B929492046EEF7EF
:105CC00017FD00284ED0174D296800224831204684
:105CD000F2F7C8FB2968002201F5F4712046F2F7BB
:105CE000C1FBFFF78DBB0F4D2968002218312046FC
:105CF000F2F7B8FB2968002201F5EC712046F2F7B3
:105D0000B1FB29684FF4803208312046F2F7AAFB34
:105D10002968094A10312046F2F7A4FBFFF770BB4F
:105D20001829050844EF002040270508EC6A0408FC
:105D30007C6A0408642A050840000100020007008C
:105D4000FC6804081EEF002080000500200005000C
:105D50000100050004000500080005005069040862
:105D600018690408C0492046EEF7C2FC48B3BF4D8D
:105D70002968002250312046F2F774FB296800227E
:105D800001F5F0712046F2F76DFB296804222831F5
:105D90002046F2F767FB2968042201F5F4712046DA
:105DA000F2F760FB2968202201F5F4712046F2F732
:105DB00059FB2968202258312046F2F753FBFFF7A0
:105DC0001FBBAB492046EEF793FC78B1A74D29687D
:105DD000002218312046F2F745FB2968002201F520
:105DE000B4712046F2F73EFBFFF70ABBA1492046FB
:105DF000EEF77EFCB0B19D4D2968002201F5BC7123
:105E00002046F2F72FFB29684FF4803208312046F4
:105E1000F2F728FB2968984A10312046F2F722FB56
:105E2000FFF7EEBA95492046EEF762FCB0B18F4D10
:105E30002968002201F5C0712046F2F713FB29689A
:105E40004FF4803208312046F2F70CFB29688A4A69
:105E500010312046F2F706FBFFF7D2BA88492046F8
:105E6000EEF746FC10B3814D2968002201F5B871A8
:105E70002046F2F7F7FA2968202201F5D47120466E
:105E8000F2F7F0FA2968212230312046F2F7EAFAD7
:105E90002968012230312046F2F7E4FA2968042209
:105EA00028312046F2F7DEFAFFF7AABA75492046F4
:105EB000EEF71EFC20B974492046EEF719FC48B1F4
:105EC0006A4B1968002201F5C8712046F2F7CAFA38
:105ED000FFF796BA6D492046EEF70AFCB0B1634D64
:105EE0002968002201F5C4712046F2F7BBFA29683F
:105EF0004FF4803208312046F2F7B4FA29685E4A3E
:105F000010312046F2F7AEFAFFF77ABA6049204620
:105F1000EEF7EEFB48B1554B1968002201F5D07140
:105F20002046F2F79FFAFFF76BBA5A492046EEF780
:105F3000DFFB48B14D4B1968002201F5D8712046AE
:105F4000F2F790FAFFF75CBA53492046EEF7D0FB20
:105F500070B952492046EEF7CBFBC8B1434B1968E4
:105F6000002201F5E4712046F2F77CFAFFF748BA07
:105F70003E4D2968002218312046F2F773FA29684D
:105F8000002201F5DC712046F2F76CFAFFF738BA0F
:105F900043492046EEF7ACFB08B3344D2968002294
:105FA00018312046F2F75EFA29680022783120463F
:105FB000F2F758FA29680422A0312046F2F752FA83
:105FC00029680822A8312046F2F74CFA29684FF4D4
:105FD000E02228312046F2F745FAFFF711BA31499D
:105FE0002046EEF785FBA0B1204D0022296820460F
:105FF000F2F738FA29684FF4803208312046F2F778
:1060000031FA29681C4A10312046F2F72BFAFFF7C3
:10601000F7B925492046EEF76BFB78B1134D296897
:106020004FF4803208312046F2F71CFA2968124AF0
:1060300010312046F2F716FAFFF7E2B91B49204665
:10604000EEF756FB00283FF4DBA9084D0022296833
:106050002046F2F707FA2968002268312046F2F755
:1060600001FAFFF7CDB900BF3469040844EF0020FE
:10607000606A0408D469040840000100B869040893
:10608000286A0408806904089C690408446A0408B2
:106090000C6A0408F0690408B46A0408986A0408E1
:1060A000D06A0408406B0408246B0408086B0408D9
:1060B00038B50C4615460B4B1B6A13F0010F08D080
:1060C0000221122006F02AFC2A462146FFF75EF93B
:1060D00038BD0221122006F0DBFB2A462146FFF7DD
:1060E00055F9F5E720EF002038B504460D4608F0D5
:1060F00073FB2946204608F075FB38BD38B50C46C1
:1061000009B9204638BD054605F08AFC04FB00F0BD
:10611000EF2801DC0124F4E7284605F081FC00FBB0
:1061200004F45034034B83FB0423E417C4EBA3149F
:1061300024B2E6E76766666608B50846114606F0CB
:106140006EFB08BD38B504460D4608F00FFB294626
:10615000204608F017FB38BD38B504460D4608F058
:106160002FFB2946204608F031FB38BD38B50446E0
:106170000D4608F019FB2946204608F01BFB38BDE8
:1061800038B504460D4608F01BFB2946204608F0AA
:106190001DFB2946204608F007FB2946204608F04B
:1061A00009FB38BD08B5044B1B7813B107F0FEFF9F
:1061B00008BD07F0F6FFFBE70CEF00202DE9F043E8
:1061C00083B0BE4B1B6A13F0010F01F098804AF2B6
:1061D0001032BB4B1A80B94B1B6A13F0010F01F050
:1061E00096800521122006F053FBB64B1880B34B66
:1061F0001B6A13F0010301F0928044F22961B24A54
:106200001180002B01F0918048F22962AF4B1A8077
:10621000AF4C2068D030FFF7C5FF2068D830FFF7BB
:10622000C1FFDFF8BC92DFF8BC82AA4F00250195C0
:106230004623009350234A464146384608F0CAF8A0
:10624000A54E0195009550234A464146304608F038
:10625000C1F820683946D03008F072FB206831461A
:10626000D83008F06DFB20680830FFF79BFF934B98
:106270001B6A13F0010F01F060800221122006F06A
:106280004DFB0146924C2068083008F0B1FA2068B6
:1062900047F6FF71083008F035FB2668874D072167
:1062A000E868FFF72BFF014606F10800FFF768FFDB
:1062B00026680521E868FFF721FF014606F108007E
:1062C00008F054FA20686621083008F097FA206830
:1062D0008149083008F034FB20681030FFF762FF76
:1062E0002068FF21103008F089FA2068FFF75AFF74
:1062F000FF21206808F082FA714B1988206808F0A5
:1063000077FA704B1988206808F0EAFA2468734B12
:106310001B78012B01F01780022B01F01B800A2152
:10632000664BD868FFF7EAFE0146204608F054FAAB
:10633000674B1C68694B1B78012B01F01380022B03
:1063400001F018800A215D4BD868FFF7D7FE01469F
:10635000204608F047FA5E4C20681830FFF722FF0D
:10636000246818345D4B1B78012B01F00B80082149
:10637000524BD868FFF7C2FE0146204608F0C2FA29
:10638000534C2068FF21183008F038FA20684E4B33
:106390001988183008F02CFA20684C4B19881830EE
:1063A00008F032FA25680221444BD868FFF7A6FEB0
:1063B000014605F1180008F033FA20680121183071
:1063C00008F03AFA20683F4B1988183008F088FA2C
:1063D00024681834414B1B78012B00F0DB87022B1B
:1063E00000F0E0871021354BD868FFF787FE0146A3
:1063F0002046FFF7C5FE364B1C681834374B1B7818
:10640000012B00F0D787022B00F0DC870A212B4BF1
:10641000D868FFF773FE0146204608F0DDF92C4BE3
:106420001C6818342D4B1B78012B00F0D387022BEE
:1064300000F0D8870A21214BD868FFF75FFE01469C
:10644000204608F0CFF9224C2568122006F0F8F912
:10645000014605F1180008F02BFA2668174D0121B6
:10646000E868FFF74BFE014606F1180008F01AFA3B
:106470002068A030FFF796FE2068298AA03008F037
:10648000E7F926680321E868FFF738FE014606F1C0
:10649000A00008F0D7F926680321E868FFF72EFE70
:1064A000014606F1A00008F0DFF920687F21A03046
:1064B00008F0D4F92068A83016E000BF20EF0020D3
:1064C0001CEF002018EF002014EF002010EF002038
:1064D00044EF0020F8EE0020E4EE00201EEF002044
:1064E00081BD020814650408FFF75CFE2068698A14
:1064F000A83008F0ADF926680321E868FFF7FEFD33
:10650000014606F1A80008F09DF920687F21A83017
:1065100008F0A4F920682030FFF744FE24682034F6
:10652000BB4B1B78012B00F06587022B00F06987BD
:106530000821B84BD868FFF7E1FD0146204608F076
:10654000E1F9B54C2068FF21203008F057F92068A8
:10655000B24B1988203008F04BF9AE4B1B6A13F090
:10656000010F00F05687AC4C2068AD4B19882030E5
:1065700008F0B6F924682034A54B1B78012B00F0F5
:106580009287022B00F097871021A24BD868FFF763
:10659000B5FD01462046FFF7DFFD9F4B1C68203408
:1065A0009B4B1B78012B00F08E87022B00F093870A
:1065B0000A21984BD868FFF7A1FD01462046FFF756
:1065C000D5FD954C2668934D0521E868FFF796FDAB
:1065D000014606F1200008F005F926680521E86863
:1065E000FFF78CFD014606F1200008F0F5F88D4D0F
:1065F0008D4B2B608D4E8E4B336020685830FFF7EB
:10660000D1FD20682946583008F088F920682321F8
:10661000583008F089F920686030FFF7C3FD206822
:106620003146603008F07AF920687F21603008F048
:106630007BF92068C030FFF7B5FD20680121C0302C
:1066400008F066F920680121C03008F0F5F82068EC
:106650008030FFF7A7FD246880346D4B1B78012B39
:1066600000F04187022B00F046871021694BD86863
:10667000FFF744FD01462046FFF782FD664B1C688C
:106680008034634B1B78012B00F03D87022B00F018
:10669000428710215F4BD868FFF730FD0146204646
:1066A00008F09AF85C4B1C688034594B1B78012B1E
:1066B00000F03987022B00F03E871021554BD86837
:1066C000FFF71CFD0146204608F08CF8524C20686C
:1066D0007830FFF767FD246878344D4B1B78012B29
:1066E00000F03187022B00F036870A21494BD86829
:1066F000FFF704FD01462046FFF742FD464B1C68AC
:106700007834434B1B78012B00F02D87022B00F0CF
:1067100032870A213F4BD868FFF7F0FC014620463C
:10672000FFF7E2FC3C4C20688830FFF73BFD266811
:10673000384D0A21E868FFF7E1FC014606F18800C0
:1067400008F04AF826680A21E868FFF7D7FC0146F6
:1067500006F1880008F046F820689030FFF722FD27
:1067600026681421E868FFF7C9FC014606F190008D
:1067700008F0BCF820689830FFF714FD206802216B
:10678000983008F0B9F820686830FFF70BFD2068F2
:1067900000216830FFF7F4FC20680021683008F021
:1067A0001BF820680021683008F01CF82068703061
:1067B000FFF7F8FC24687034154B1B78012B00F0B0
:1067C000E286022B00F0E6860221124BD868FFF722
:1067D00095FC01462046FFF7D3FC0F4B1C68703434
:1067E0000B4B1B78012B00F0DD86022B00F0E286BC
:1067F0000221084BD868FFF781FC0146204607F0CC
:10680000EBFF054B1C687034014B1B78012B11E02A
:106810001EEF002020EF002044EF002010EF0020AA
:1068200018EF0020DCEE002039610208D4EE0020D1
:10683000B160020800F0D686022B00F0DB86022150
:10684000CD4BD868FFF75AFC0146204607F0CAFF37
:10685000CA4C20682830FFF7A5FC2068C64D298A5D
:10686000283007F0C5FF20684FF0FF31283008F0CE
:1068700037F82068FF21283007F0C0FF206830304B
:10688000FFF790FC2068298A303007F0B1FF2068BC
:10689000298A303008F024F820683321303007F09E
:1068A000ADFF20683830FFF77DFC2068698A3830FA
:1068B00007F09EFF20684FF0FF31383008F010F8E5
:1068C0002068FF21383007F099FF20684030FFF73B
:1068D00069FC2068698A403007F08AFF2068698A6D
:1068E000403007F0FDFF20683321403007F086FF7D
:1068F00020684830FFF756FC2068A14F398848309F
:1069000007F076FF2068FF21483007F077FF206806
:106910009C4E3188483007F0E3FF20685030FFF785
:1069200041FC2068984B1988503007F061FF2068BF
:10693000FF21503007F062FF20683188503007F0A7
:10694000CFFF2068B030FFF72DFC206847F6FF71BD
:10695000B03007F0D7FF2068B830FFF723FC20687D
:106960000021B83007F0CEFF2068C830FFF71AFCCE
:10697000D4F800800321E868FFF7C0FB014608F166
:10698000C80007F005FFD4F800800321E868FFF78E
:10699000B5FB014608F1C80007F000FF2068F030A1
:1069A000FFF700FC2068298AF03007F021FF2068FB
:1069B000FF21F03007F022FFD4F800800621E868BC
:1069C000FFF79CFB014608F1F000FFF7D9FB2068B8
:1069D00047F6FF71F03007F095FF2068E030FFF7D1
:1069E000E1FB2068C821E03007F0A4FF2068E83010
:1069F000FFF7D8FB20687821E83007F09BFF20687C
:106A000000F58070FFF7CEFB2068398800F58070B4
:106A100007F060FFD4F800800F21E868FFF76EFBF5
:106A2000014608F5807007F049FF2068012100F554
:106A3000807007F049FF206800F58470FFF7B2FB13
:106A40002068298A00F5847007F044FF206800F56B
:106A50009870FFF7A7FBD4F800800421E868FFF7DF
:106A60004DFB81B2494209B208F59870FFF788FBE7
:106A700020684FF0FF3100F5987007F0B9FE2068EC
:106A800000F59C70FFF78EFB2068012100F59C70DB
:106A900007F008FF2068318800F59C7007F008FFB8
:106AA000206800F59470FFF77DFB2068002100F559
:106AB000947007F0C1FED4F800800A21E868FFF75F
:106AC0001DFB014608F5947007F08CFE206839889C
:106AD00000F5947007F0ECFE206800F58870FFF771
:106AE00061FB27680321E868FFF708FB014607F50B
:106AF000887007F0D7FE27680321E868FFF7FEFAE1
:106B0000014607F5887007F0FDFE27680821E86850
:106B1000FFF7F4FA014607F58870FFF713FB2768C3
:106B20000221E868FFF7EAFA014607F5887007F0E6
:106B300059FE206800F58C70FFF734FB206847F69B
:106B4000FF7100F58C7007F0DDFE27680821E8680A
:106B5000FFF7D4FA014607F58C70FFF7F3FA2068C7
:106B6000298A00F58C7007F043FE2068FF2100F5AC
:106B70008C7007F043FE09E020EF002044EF002076
:106B800010EF002018EF002014EF0020206800F51F
:106B90009070FFF707FB27680121E868FFF7AEFA5E
:106BA000014607F5907007F07DFE2068318800F5FA
:106BB000907007F07DFE26680221E868FFF79EFAD4
:106BC000014606F59070FFF7DBFA2568122005F004
:106BD00037FE014605F5907007F082FE206800F54B
:106BE000B470FFF7DFFA2068002100F5B470FFF7FA
:106BF000C7FA2068002100F5B470FFF775FA206825
:106C0000002100F5B47007F07DFE2068012100F539
:106C1000B47007F07DFE2068002100F5B47007F025
:106C200005FE206800F5D070FFF7BCFA246804F573
:106C3000D074C34B1B78012B00F0E4840821C14BB6
:106C4000D868FFF75BFA0146204607F05BFEBE4CB2
:106C50002068012100F5D07007F05AFE2068FF215E
:106C600000F5D07007F0CAFD2068B84B198800F510
:106C7000D07007F0BDFD2068B54B198800F5D070C5
:106C800007F02EFE206800F5B870FFF78BFA246835
:106C900004F5B874AA4B1B78012B00F0BB84022BBF
:106CA00000F0C0840A21A74BD868FFF727FA0146F5
:106CB0002046FFF751FAA44B1C6804F5B874A04BAA
:106CC0001B78012B00F0B684022B00F0BB840A2154
:106CD0009C4BD868FFF712FA01462046FFF746FAA8
:106CE000994B1C6804F5B874954B1B78012B00F088
:106CF000B184022B00F0B6840A21924BD868FFF7CA
:106D0000FDF901462046FFF7EFF98F4C25688D4EBF
:106D10000121F068FFF7F2F9014605F5B87007F0B8
:106D20007FFD2068192100F5B87007F073FD206819
:106D3000874D298800F5B87007F066FD20680021AE
:106D400000F5B87007F072FD206800F5BC70FFF721
:106D500029FA2068002100F5BC70FFF711FA2068BD
:106D6000002100F5BC70FFF7BFF927680121F0682A
:106D7000FFF7C4F9014607F5BC7007F051FD206824
:106D8000192100F5BC7007F045FD2068298800F541
:106D9000BC7007F039FD2068082100F5BC7007F0D1
:106DA00045FD206800F5C070FFF7FCF92068002160
:106DB00000F5C070FFF7E4F92068002100F5C0700D
:106DC000FFF792F9206800F5C870FFF7EBF9246827
:106DD00004F5C8745A4B1B78012B00F04B84022B2E
:106DE00000F04F840A21574BD868FFF787F9014616
:106DF0002046FFF7B1F9544B1C6804F5C874504B9A
:106E00001B78012B00F04584022B00F04A840221FC
:106E10004C4BD868FFF772F901462046FFF7A6F9F8
:106E2000494B1C6804F5C874454B1B78012B00F0D6
:106E30004084022B00F045840A21424BD868FFF7BA
:106E40005DF901462046FFF74FF93F4C206800F5F9
:106E5000CC70FFF7A7F9246804F5CC74384B1B7885
:106E6000012B00F03684022B00F03B840221354BCD
:106E7000D868FFF743F901462046FFF76DF9324B1A
:106E80001C6804F5CC742E4B1B78012B00F0318468
:106E9000022B00F0368402212A4BD868FFF72EF926
:106EA00001462046FFF762F9274C2068002100F5D3
:106EB000CC7007F0F1FC2068002100F5CC7007F0E1
:106EC0009DFC2068224B198800F5CC7007F008FD66
:106ED000206800F5C470FFF765F92068002100F50F
:106EE000C470FFF739F92068002100F5C470FFF77E
:106EF000FBF8206800F5D470FFF754F920683321BF
:106F000000F5D47007F07AFC2568122005F098FC93
:106F1000014605F5D47007F06BFC206800F5D870C9
:106F2000FFF740F92068002100F5D87007F066FCF3
:106F3000246804F5D874024B1B78012B0AE000BFCB
:106F40001EEF002020EF002044EF002014EF00206F
:106F500018EF002000F0DD83022B00F0E183022116
:106F6000C74BD868FFF7CAF801462046FFF7FEF87E
:106F7000C44C206800F5A470FFF714F92668C04DD2
:106F80000521E868FFF7BAF8014606F5A47007F096
:106F900089FC2068BC4E318800F5A47007F088FC9D
:106FA00027681421E868FFF7A9F8014607F5A470DF
:106FB000FFF7C8F827680F21E868FFF79FF8014638
:106FC00007F5A47007F0FCFB206800F5A870FFF738
:106FD000E9F8206847F6FF7100F5A87007F092FC09
:106FE0002068318800F5A87007F002FC2068FF21B6
:106FF00000F5A87007F002FC27680F21E868FFF78A
:107000007DF8014607F5A870FFF79CF8206800F5A9
:10701000A070FFF7C7F827680121E868FFF76EF84E
:10702000014607F5A07007F0FBFB2068974B198815
:1070300000F5A07007F0E8FB2068032100F5A070C0
:1070400007F0F4FB206800F5AC70FFF7ABF82068A0
:10705000318800F5AC7007F0D7FB26680221E8689C
:10706000FFF74CF8014606F5AC7007F0D9FB26682F
:107070000121E868FFF742F881B2494209B206F5FA
:10708000AC7007F09DFB2068042100F5AC7007F0A0
:10709000CDFB20684FF4C87100F5AC7007F04AFCD6
:1070A000206800F5B070FFF77DF8246804F5B0742F
:1070B0002B6A13F0010F00F03A830221122005F031
:1070C0002DFC0146204607F00BFC6E4C206800F5B5
:1070D000E070FFF767F825680421694BD868FFF76F
:1070E0000DF8014605F5E070FFF74AF8206800F555
:1070F000DC70FFF757F8206842F2640100F5DC709D
:1071000007F03AFB206800F5E470FFF74BF82568BC
:10711000122005F095FB014605F5E47007F068FBC9
:1071200020687F2100F5E47007F068FB206800F517
:10713000E870FFF737F82068002100F5E87007F0E5
:1071400099FB246804F5E874514B1B78032B00F07D
:10715000F482012B00F007830821494BD868FEF721
:10716000CDFF0146204607F0CDFB464C206800F5D8
:107170000070FFF717F82068414D298A00F500706C
:1071800007F042FB26680221E868FEF7B7FF81B2EC
:10719000490009B206F5007007F042FB20680121A2
:1071A00000F5007007F042FB206800F5FC70FEF768
:1071B000F9FF26680221E868FEF7A0FF81B2494284
:1071C00009B206F5FC7007F04FFB206800F5EC7083
:1071D000FEF7E8FF246804F5EC742D4B1B78012BB7
:1071E00000F0C882022B00F0CB821021244BD8681B
:1071F000FEF784FF01462046FEF7AEFF214C2068D3
:10720000002100F5EC70FEF7B1FF2068002100F5C9
:10721000EC70FEF769FF2068012100F5EC7007F0C3
:1072200077FB206800F5F070FEF7BCFF25680121B0
:10723000134BD868FEF762FF014605F5F07007F0C2
:10724000EFFA2068114B198800F5F07007F0DCFAAE
:107250002068012100F5F07007F0E8FA246804F5D1
:10726000F0740B4B1B78012B00F09182022B00F085
:1072700095820A21024BD868FEF740FF014609E0DB
:1072800020EF002044EF002018EF002010EF002036
:107290001EEF00202046FEF773FFCA4B1C6804F562
:1072A000F074C94B1B78012B00F07F82022B00F099
:1072B00083820A21C54BD868FEF720FF014620468D
:1072C00007F090FABF4C206800F5F470FEF76AFFF3
:1072D000246804F5F474BC4B1B78012B00F0738216
:1072E000022B00F077821021B84BD868FEF706FF1A
:1072F0000146204607F04CFA03B0BDE8F0830421B4
:10730000122005F0C5FAB24B1880FEF764BF0421C5
:10731000122005F003FBAF4B1880FEF768BF4FF655
:10732000FF71AD4A1180FEF76CBF0221122005F0FB
:10733000AFFAAA4B1880FEF76BBF122005F080FA57
:107340000146FEF79FBF0E21E868FEF7D7FE014613
:10735000FEF7EBBF0C219D4BD868FEF7CFFE014630
:10736000FEF7E3BF0E21994BD868FEF7C7FE014632
:10737000FEF7EEBF0C21954BD868FEF7BFFE014625
:10738000FEF7E6BF0C21914BD868FEF7B7FE014629
:10739000FEF7F3BF18218D4BD868FEF7AFFE01460C
:1073A000FFF726B81421894BD868FEF7A7FE0146DF
:1073B000FFF71EB80E21854BD868FEF79FFE0146E9
:1073C000FFF72AB80C21814BD868FEF797FE0146DB
:1073D000FFF722B80E217D4BD868FEF78FFE0146DD
:1073E000FFF72EB80C21794BD868FEF787FE0146CF
:1073F000FFF726B81021E868FEF780FE0146FFF788
:107400009DB80C21714BD868FEF778FE0146FFF756
:1074100095B82568122005F013FA014605F1200001
:1074200007F034FA24682034002004F0F9FA00EB65
:107430004000EF281CDC0121204607F01BFA614CBC
:1074400020687F21203007F027FA246820345F4B22
:10745000DD68002004F0E4FA3B2818DC012128460E
:10746000FEF74CFE0146204607F00AFAFFF77BB80C
:10747000002004F0D5FA00EB400000F15001584B19
:1074800083FB0123C917C1EBA31109B2D4E7002084
:1074900004F0C6FA1430524B83FB0023C117C1EB32
:1074A000231109B2DBE71821484BD868FEF726FE06
:1074B0000146FFF76FB81421444BD868FEF71EFE53
:1074C0000146FFF767B80E21404BD868FEF716FE5D
:1074D0000146FFF773B80C213C4BD868FEF70EFE4F
:1074E0000146FFF76BB81821384BD868FEF706FE47
:1074F0000146FFF7C0B81421344BD868FEF7FEFDF3
:107500000146FFF7B8B81821304BD868FEF7F6FDF2
:107510000146FFF7C4B814212C4BD868FEF7EEFDE6
:107520000146FFF7BCB81821284BD868FEF7E6FDE6
:107530000146FFF7C8B81421244BD868FEF7DEFDDA
:107540000146FFF7C0B80E21204BD868FEF7D6FDE4
:107550000146FFF7D0B80C211C4BD868FEF7CEFDD2
:107560000146FFF7C8B80E21184BD868FEF7C6FDD4
:107570000146FFF7D4B80C21144BD868FEF7BEFDC6
:107580000146FFF7CCB80821E868FEF7B7FD0146D1
:10759000FFF720B906210D4BD868FEF7AFFD014675
:1075A000FFF718B90821094BD868FEF7A7FD014677
:1075B000FFF724B90621054BD868FEF79FFD014669
:1075C000FFF71CB944EF00201EEF002020EF002041
:1075D0001CEF002018EF002014EF002010EF002017
:1075E0006766666608217F4BD868FEF787FD01460F
:1075F000FFF72BB906217B4BD868FEF77FFD0146CC
:10760000FFF723B90C21774BD868FEF777FD0146C9
:10761000FFF71ABB0E21734BD868FEF76FFD0146CA
:10762000FFF746BB0C216F4BD868FEF767FD01469C
:10763000FFF73EBB0E216B4BD868FEF75FFD01469E
:10764000FFF74BBB0C21674BD868FEF757FD01468F
:10765000FFF743BB0E21634BD868FEF74FFD014691
:10766000FFF750BB0C215F4BD868FEF747FD014682
:10767000FFF748BB0E21F068FEF740FD0146FFF71B
:10768000B7BB0C21574BD868FEF738FD0146FFF712
:10769000AFBB0821534BD868FEF730FD0146FFF71A
:1076A000BCBB06214F4BD868FEF728FD0146FFF70B
:1076B000B4BB0E214B4BD868FEF720FD0146FFF707
:1076C000C1BB0C21474BD868FEF718FD0146FFF7F8
:1076D000B9BB0821434BD868FEF710FD0146FFF700
:1076E000CBBB06213F4BD868FEF708FD0146FFF7EC
:1076F000C3BB08213B4BD868FEF700FD0146FFF7EE
:10770000D0BB0621374BD868FEF7F8FC0146FFF7DF
:10771000C8BB0821334BD868FEF7F0FC014624E4CF
:107720000621304BD868FEF7E9FC01461DE4012133
:10773000122005F0ADF80146C4E4012B09D0082160
:10774000284BD868FEF7DAFC00EBD07040F34F010D
:1077500008E50C21234BD868FEF7D0FC00EBD07075
:1077600040F34F01FEE40C211E4BD868FEF7C6FC27
:107770000146F7E41821E868FEF7C0FC01463AE547
:107780001421184BD868FEF7B9FC014633E50E21E9
:10779000144BD868FEF7B2FC01467BE50C21114B77
:1077A000D868FEF7ABFC014674E50E210D4BD86896
:1077B000FEF7A4FC014682E50C210A4BD868FEF7CF
:1077C0009DFC01467BE51821064BD868FEF796FC28
:1077D00001468EE51421034BD868FEF78FFC014665
:1077E00087E500BF20EF0020024B1868003818BF63
:1077F0000120704790EF00202DE9F84305468946A7
:1078000090461E46089FFFF7EFFF30B304F0D2F812
:1078100004F0D6F8B0F5A07F2BDC1D4B03221A70C4
:107820001C4CE560A4F81090A4F812806761A76171
:10783000E761194B23602662FEF7C0FC25B128469C
:10784000E9F73CFA844202D10020F0F789FE134B9D
:1078500001221A700F48BDE8F883104B00221A70FD
:107860004FF4027005F092FD0D4B18600D4B18603F
:10787000CCE704F09FF804F0A3F8B0F5347F03DA06
:10788000034B02221A70CBE7014B01221A70C7E7A3
:107890001EEF002020EF0020D95302080CEF00203B
:1078A00090EF002044EF002008B5FFF79DFF08B1DE
:1078B000014808BD0020FCE720EF002070B5064617
:1078C0000C46EDF7D0FDB6F8843003FB00F545F328
:1078D0000F25122200213046F0F7E2FB211A09B2EF
:1078E000002922DB8D4209DB96F8883003F007037C
:1078F000012B07D0022B11D0002070BDB6F88200FA
:107900000138FAE7B6F88220013A05EBD57343F364
:107910004F0302FB013393FBF5F0EEE7B6F882303C
:1079200003FB01F191FBF5F0E7E70020E5E7B0F894
:1079300082308B4200D870472DE9F04383B0044673
:107940000E46EDF790FDB4F8843003FB00F040F3F1
:107950000F252046EEF774FF074694F8883013F0A1
:10796000080F0CD003F00703012B0CD0022B00F002
:107970008D802046EEF747F903B0BDE8F08320463E
:10798000EEF741F9F8E7322200212046F0F788FBB4
:107990008046122200212046F0F782FBA38A03448E
:1079A00018FA83F39BB2DF1BBFB249224FF4A02128
:1079B0002046F0F775FB804601224FF40031204647
:1079C000F0F76EFBB4F91430ADF80030B4F91630AE
:1079D000ADF80230B4F91820ADF80420B4F91A203B
:1079E000ADF806209BB21FFA88F81FFA80F908EB61
:1079F000090189B25B1AADF8023011FA82F2ADF8D2
:107A00000620B4F88230013B9E4222DB002EB3D028
:107A1000731E05FB03F3B4F88220013A93FBF2F3E3
:107A20003B449BB2A3EB08039BB2A3EB0903ADF865
:107A3000003005FB06F090FBF2F03B1818FA83F3D8
:107A400019FA83F3ADF8043069462046EEF7B3F82F
:107A500092E705FB06F292FBF3F23A4492B2A2EBF4
:107A6000080292B2A2EB0902ADF8002006FB055213
:107A700092FBF3F33B4418FA83F319FA83F3ADF85E
:107A8000043069462046EEF796F8BFE7152200213C
:107A90002046F0F705FB00B2B4F8843003FB00F099
:107AA0004FEA202805EB2025B4F8823095FBF3F54A
:107AB000322200212046F0F7F3FA1FFA85F915FB70
:107AC00006F5ADB2B4F9143003FA80F612220021A3
:107AD0002046F0F7E5FA06FA80F00544ADB26946B3
:107AE0002046EDF75FFCEB1B9AB2ADF800309144F5
:107AF000ADF80490A2EB0802ADF8002069462046DC
:107B0000EEF759F838E700002DE9F04FA3B004462E
:107B10000E468A6800F1140120A804F0D9FA10B9C1
:107B200023B0BDE8F08FB368019320ABB36032227D
:107B300000212046F0F7B4FA074612220021204621
:107B4000F0F7AEFABFB217FA80F083B204931022B6
:107B500000212046F0F7A4FA17FA80F5ADB22046CE
:107B6000EDF781FCB4F8843003FB00F848F30F28EC
:107B70002046EDF798FCB4F8863003FB00F949F392
:107B80000F290DF16C0A5046F3F765FC52460021AF
:107B90002046EDF72EF9314609A8EDF738FA00270F
:107BA0001697944B0A930B97CDF83CA04FF0FF33F8
:107BB00017931297139709AA1A212046E9F708FB91
:107BC000312239462046F0F76BFAC3B202933222D3
:107BD00039462046F0F764FA02B20692332239465B
:107BE0002046F0F75DFA03902046EEF729FE059057
:107BF0002046EEF7C5FDB4F87E70002F76D0E38AFC
:107C00001D44ADB2281A1FFA80FBB4F91430ADF848
:107C10007C30B4F91830ADF878300FFA87FA029B4F
:107C2000022B29D9069A002A2BDD039B13F0020FA1
:107C300008D10025039B13F0010F0ED1CDF81C8055
:107C4000B0464EE0102200212046F0F729FA00B29B
:107C500008B10025EEE70125ECE7112200212046BE
:107C6000F0F71EFA00B2002873D1013F0FFA87FA2D
:107C7000CDF81C80B04634E00025CDF81C80B0461D
:107C80002FE00025CDF81C80B0462AE009FB05F363
:107C9000B4F87E20013A93FBF2F3ADF87E301BFA84
:107CA00083F31BB2ADF87E30ADF87A30514B0A93B6
:107CB00001230B931FAF12971EAE1396179509AAB7
:107CC0001A212046E9F784FA33463A461BA9404672
:107CD000F3F7D6FB09AA1B212046E9F779FA01350B
:107CE0002DB25545D2DB4646DDF81C80B4F88070D5
:107CF000002F70D0A38A049A1A441FFA82F9059BB8
:107D0000A9EB03091FFA89F9B4F91630ADF87E30F2
:107D1000B4F91A30ADF87A300FFA87FA029B022BC9
:107D200026D9069B002B25DD039B13F0040F14D1ED
:107D30000025039B13F0080F4BD01322002120468F
:107D4000F0F7AEF900B2002843D1013F0FFA87FAED
:107D50003FE0CDF81C80B046C3E712220021204648
:107D6000F0F79EF900B208B10025E2E70125E0E74F
:107D700000252EE000252CE008FB05F3B4F8802058
:107D8000013A93FBF2F3ADF87C3019FA83F31BB29E
:107D9000ADF87C30ADF87830164B0A9302230B9384
:107DA0001FAF12970DF1780BCDF84CB0179509AABB
:107DB0001A212046E9F70CFA5B463A461BA93046E1
:107DC000F3F75EFB09AA1B212046E9F701FA01350A
:107DD0002DB25545D0DB4FF0FF331793002312939C
:107DE000139309AA1B212046E9F7F2F9019BB3601E
:107DF00096E600BF6865040870B50D4606E02146AA
:107E0000304605F0EBF8204605F0DEFAAB6A6BB1C0
:107E100005F12406304605F09FF80446037B13F075
:107E2000040FECD1406805F0CFFAE8E705F1240033
:107E300005F016F90CE005F13006304605F08CF837
:107E400004460146304605F0C9F8204605F0BCFA64
:107E50006B6B002BEFD105F1300005F001F970BD1F
:107E600010B50C46102104F1240005F02FF8102164
:107E700004F1300005F02AF80023A4F86C30A4F8CF
:107E80007430A4F86E30A4F876306422A4F8702020
:107E9000A4F87820A4F87220A4F87A200322A4F889
:107EA0007E200522A4F880200A22A4F8822047F62A
:107EB000FF72A4F87C2094F88820012161F302026B
:107EC00084F88820D2B263F3C30284F888204FF488
:107ED0008073A4F88430A4F8863010BD31B190F8D6
:107EE000883013F0080F11D14889704700B585B06C
:107EF000074B0293074B0193074B0093074B40F24C
:107F000007120749032005F0DFF8FEE7002070475D
:107F1000DC37040814400408302E04084C650408BB
:107F2000883F04082DE9F04FBFB081460D4600F1AF
:107F300014048A6821463CA804F0CAF8002854D0EA
:107F4000D5F808A03CAB0A95AB60B9F88230012B9C
:107F50004BD9322200214846F0F7A2F807461222F8
:107F600000214846F0F79CF8BFB217FA80F6B6B287
:107F7000102200214846F0F793F817FA80F5ADB2C9
:107F80004846EDF770FAB9F8843003FB00F040F38F
:107F90000F2301934846EDF786FAB9F8863003FBC4
:107FA00000F00312119340F30F230493B9F8143037
:107FB0001E44B6B24846EEF743FC80B2361AB3B25E
:107FC00009930FFA86FBB9F816301D44ADB2484646
:107FD000EEF7D6FB80B22D1AABB203930A9A9268E1
:107FE000214638A804F074F810B93FB0BDE8F08F0E
:107FF00035A8F3F730FA35AA4FF4A0214846ECF73C
:10800000F8FE27A8F4F76AFD27AA4FF40031484686
:10801000ECF7F8FC01224FF400314846F0F740F845
:10802000C0F3C03303FA80F04FEA600804224FF433
:1080300000314846F0F734F8C0F3C03303FA80F05B
:1080400043100E931A464345A8BF4246BDF9D630A9
:1080500003EBD371B2EB610F05DD9DF8DD2042F03B
:1080600010028DF8DD20012B09D0B9F882300B9376
:1080700009F12405284604F073FF07460EE19DF838
:10808000DD3043F010038DF8DD30EEE713460133A9
:10809000ADF8EA30D5E089B21FFA88F3CA1AADF814
:1080A0004C201944ADF85010BDF81400BDF838301C
:1080B000C21AADF84E201844ADF85200069B013BA1
:1080C00023937B68029A540033F9122047F6FF731A
:1080D0009A4200F0C4803BAB1E937B6833F91520B5
:1080E00047F6FF739A4200F0BC803AAB1F9313AB84
:1080F00018937B681B5F259315AA1A214846E9F758
:1081000067F87B68195F47F6FF72914206D033F932
:10811000152047F6FF739A4240F0A580B8F1000F92
:1081200008D00E9B33B17B681A5F47F6FF739A4203
:1081300040F0A08015AA1B214846E9F749F801360E
:10814000B6B20295B9F88220B24240F29980BDF9E8
:10815000E810ADF8EC10BDF9EA300593ADF8EE305B
:10816000BAF9043043440133994200F389800696FA
:10817000019B06FB03F3541E93FBF4F3099C234479
:108180001FFA83FE1BB2ADF8E830089CA51995FBD9
:10819000F2F402FB14552DB2D7F804C03CF9154097
:1081A0003A7BC2F3001202F1340B09EB4B0BBBF923
:1081B00004B0A4EB0B04049800FB04F4383239F942
:1081C0001220A2EB0B0294FBF2F40798041B039815
:1081D00010FA84F424B2ADF8EA40BAF90020A2EB18
:1081E0000802013A9342AADB002EA8D00B98019A0C
:1081F0009042FFF650AF029A3CF9120047F6FF7228
:1082000090429CD03CF91500904298D00C9AA24222
:10821000B8BF22460C920D98A042A8BF20460D90F0
:1082200099428CD00EF1FF3E0FFA8EFEADF8E8E0D9
:10823000ADF8ECE0ADF8EE00ADF8EA2082423FF494
:1082400025AF3AAB3BAA35A90A98F3F719F9BDF95E
:10825000E8300133ADF8E8300C940D946FE700235B
:108260003AE7002342E73AAB3BAA35A90A98F3F76D
:1082700007F953E713AA27A90A98F4F771FC59E7FD
:108280000F9DDDF840B00B9B01998B4201DAB242A1
:1082900053D03946284604F06BFE0746002F00F005
:1082A00083803B7B13F0010FF3D13B89ADF8D430D1
:1082B000ADF8A03039464846FFF710FE04B20894E6
:1082C000ADF8ECB0ADF8E8B07B6833F914303A7B28
:1082D000C2F3001202F1340109EB4101B1F90410BB
:1082E0005B1A049800FB03F3383239F91220521A52
:1082F00093FBF2F3BDF844200792D31A039A12FAC3
:1083000083F3ADF8EA300A9915A8ECF780FE284B04
:108310001693032317934FF4A023229335AB1B939B
:1083200027AB19932697BDF9EA300D930C9302946D
:1083300000260F95CDF840B004E77B68029833F92A
:10834000102047F6FF739A42A3D0BDF8E8301FFA19
:1083500088F2991AADF84C101344ADF85030BDF8BE
:10836000EA30BDF83820991AADF84E101344ADF834
:108370005230013E239600231E931F9313AC189492
:108380007B6833F91030259315AA1A214846E8F77F
:108390001FFF224627A90A98F4F7E2FB15AA1B2122
:1083A0004846E8F715FF74E70A9BC3F808A01CE6E7
:1083B000686504082DE9F04FAFB006460C460491FD
:1083C0008A6800F114012CA803F082FE10B92FB0C6
:1083D000BDE8F08FD4F808B02CABA36012220021C6
:1083E0003046EFF75DFE0546102200213046EFF7DC
:1083F00057FE04463046EDF736F8B6F8843000FBF9
:1084000003F343F30F2306933046EDF74CF8B6F829
:10841000863000FB03F31A12019243F30F220392FA
:1084200006F12407384604F031FE8146152200216A
:108430003046EFF735FE03B2B6F8842002FB03F3B3
:108440001B12B6F882104A1E069803FB120393FB18
:10845000F1F31BB2079315224FF4A0213046EFF73A
:108460001FFE0FFA80F8B6F8843003FB08F84FEAD5
:10847000282809F1FF33079A03FB1823B3FBF9F30C
:108480001BB20093002B41DD322200213046EFF772
:1084900007FE81463046EEF7D3F983B2EB1A1FFA96
:1084A00089F919FA83F39DB23046EEF769F983B280
:1084B000E31A19FA83F39BB202931CA8F4F70EFB9C
:1084C0001CAA4FF4A0213046ECF79CFA9DF87F30AF
:1084D00023F007038DF87F30FF238DF87330738B03
:1084E000BDF870201344ADF8AE3004990AA8ECF73B
:1084F0008EFD4FF4A0231793584B0B9304230C933A
:108500004FF0000A0895CDF824B083E001230093D2
:10851000BAE70DF1A809CDF834901CAD0E951B9467
:10852000636833F910301A930AAA1A213046E8F723
:108530004FFE4A4629460498F4F712FB0AAA1B216B
:108540003046E8F745FED14600E0D14621463846A0
:1085500004F00EFD0446002C56D0237B13F0010FCF
:10856000F4D121463046FFF7B9FC00B2ADF8A8902F
:108570001FFA89F2BDF800A002EB0A039BB2013B8F
:108580001BB2ADF8AC30C24412FA8AFA0FFA8AFA7A
:10859000BDF9B0209342D8DBBDF9B4304B4533DB95
:1085A0002389ADF874305844B6F8823090FBF3F26A
:1085B00003FB120000B2D4F804C03CF91030217B58
:1085C000C1F3001101F1340506EB4505B5F904507E
:1085D0005B1B039A02FB03F3383136F91110491B78
:1085E00093FBF1F3019AD31AF18A11FA83F3029AF9
:1085F00012FA83F3ADF8AA303CF9102047F6FF7366
:108600009A4286D1D146A1E7DDF814A00AF1010A09
:108610001FFA8AFAB6F88220524519D9069B0799A3
:108620005B1AD3460AFB03F3013A93FBF2F3B6F865
:1086300014909944089B13FA89F90FFA89F9CDF837
:1086400060A0384604F08CFC0446CDF814A082E704
:10865000DDF824B0049BC3F808B0B8E668650408E8
:108660002DE9F04FB7B007460C4608918A6800F133
:10867000140134A803F02CFD10B937B0BDE8F08F19
:10868000D4F808A034ABA360322200213846EFF7BB
:1086900007FD0446122200213846EFF701FD064689
:1086A000102200213846EFF7FBFC05463846ECF770
:1086B000DAFEB7F8843003FB00F040F30F23049395
:1086C0003846ECF7F0FEB7F8863003FB00FB4FEAC4
:1086D0002B2302934BF30F230593BB8A1E44A4B2B2
:1086E00014FA86F6B6B23846EEF7AAF880B2361A11
:1086F0001FFA86FB33B20A93FB8A2B4414FA83F4E5
:10870000A4B23846EEF73CF880B2241AA3B2039321
:108710002FA8F2F7A0FE2FAA4FF4A0213846ECF7BD
:1087200068FB21A8F4F7DAF921AA4FF400313846A2
:10873000ECF768F901224FF400313846EFF7B0FC4E
:10874000C0F3C03303FA80F04410069404224FF4BF
:1087500000313846EFF7A4FCC0F3C03303FA80F0D1
:108760004310079322469C42A8BF1A46BDF9BE306B
:1087700003EBD371B2EB610F05DD9DF8C52042F02C
:1087800010028DF8C520012B08D007F124084046BF
:1087900004F0E6FB0646CDF82CA007E19DF8C530B5
:1087A00043F010038DF8C530EFE7336833F91A0052
:1087B000337BC3F3C00303F1380107EB410103F13D
:1087C0003C02049B0093002337F91220B1F90410F6
:1087D00004F0A7FDADF8C8001BFA80F0ADF8C800A2
:1087E000736833F91A00337BC3F3001303F13401C8
:1087F00007EB410103F13802059B0093002337F991
:108800001220B1F9041004F08CFDADF8CA0083B257
:10881000029AD31AADF8CA30039A12FA83F3ADF86C
:10882000CA30E5E0002380E0002388E00FAA1B2186
:108830003846E8F7CDFC0135ADB2A146B7F8823035
:10884000AB4240F2AB80BDF9C820ADF8CC20BDF9F9
:10885000CA20ADF8CE200AEB050494FBF3F203FB2B
:10886000124424B2736833F9140047F6FF73984238
:10887000E1D0337BC3F3001303F1340107EB410173
:1088800003F13802059B0093002337F91220B1F958
:10889000041004F046FDADF8CA0080B2029B181A1D
:1088A000ADF8CA00039B13FA80F0ADF8CA00336834
:1088B00033F91400337BC3F3C00303F1380107EB32
:1088C000410103F13C02049B0093002337F912207D
:1088D000B1F9041004F025FDADF8C8001BFA80F0D2
:1088E000ADF8C800002DA6D0BDF8CC30BDF81820DA
:1088F000991AADF834101344ADF83830BDF8CE30C5
:10890000BDF81C20991AADF836101344ADF83A3072
:108910006B1E1D9373684FEA490833F9192047F617
:10892000FF739A423FF47EAF33AB1893736833F909
:10893000142047F6FF739A423FF476AF32AB199397
:108940000DAB1293736833F908301F930FAA1A21E5
:108950003846E8F73DFC736833F9081047F6FF72B4
:1089600091423FF463AF33F9142047F6FF739A4204
:108970003FF45CAF32AB33AA2FA90898F2F780FD21
:10898000069B002B3FF452AF079B002B3FF44EAFEA
:108990000DAA21A90898F4F7E3F847E7DDF8248049
:1089A0003BD03146404604F0E3FA0646002E6AD03A
:1089B000337B13F0010FF4D13389ADF8BC30ADF83F
:1089C000883031463846FFF789FA0FFA80FA0A9B59
:1089D000ADF8CC30ADF8C830736833F91A300A2BD3
:1089E0007FF4E3AE4EF20103ADF8C830ADF8CA3003
:1089F00008990FA8ECF70BFB4FF4A0231C93254B11
:108A00001093032311932FAB159321AB139320964F
:108A1000D1460025CDF8248010E7736833F919207A
:108A200047F6FF739A42BCD0BDF8C830BDF8182095
:108A3000991AADF834101344ADF83830BDF8CA3087
:108A4000BDF81C20991AADF836101344ADF83A3031
:108A5000013D1D950023189319930DAC1294736872
:108A600033F919301F930FAA1A213846E8F7B0FBE3
:108A7000224621A90898F4F773F80FAA1B2138465B
:108A8000E8F7A6FB8DE7DDF82CA0089BC3F808A04B
:108A9000F3E500BF686504082DE9F04F8BB00028AE
:108AA0007CD00F4616461D460446002900F08480FF
:108AB000B0F88230934240F28D80ECF7D4FCB4F8E9
:108AC000843003FB00F848F30F282046ECF7EBFC5A
:108AD000B4F8863003FB00F94FEA292A49F30F293D
:108AE00094F8883003F00703012B00F08180032BFA
:108AF00000F08780022B00F09B803222002120466C
:108B0000EFF7CEFA0FFA80F8122200212046EFF795
:108B1000C7FA08FA80F02B8803442B802046EDF733
:108B20008FFE2B8880B21B1A2B8039462046FFF718
:108B3000D5F90644B4F8823096FBF3F203FB1266D3
:108B40007B68B6B233F916303A7BC2F3001202F1F9
:108B5000340104EB4101B1F904105B1A09FB03F382
:108B6000383234F91220521A93FBF2F3AAEB030ABB
:108B7000A5F802A0102200212046EFF791FA08FA8A
:108B800080F06B8803446B802046EDF7F9FD6B881D
:108B900080B21B1A6B800BB0BDE8F08F574B02936D
:108BA000574B0193574B0093574B40F20F125749C5
:108BB000032004F089FAFEE7504B0293544B0193D3
:108BC000504B0093504B4FF488725049032004F0EF
:108BD0007BFAFEE701924F4B00934B4B40F215128C
:108BE0004A49022004F070FA00232B806B80D2E700
:108BF00006FB08F3B4F88220013A93FBF2F32B80D2
:108C00007BE73B6833F916003B7BC3F3C00303F1FA
:108C1000380104EB410103F13C02CDF80080002350
:108C200034F91220B1F9041004F07BFB288064E7CA
:108C300004F124039B46184604F028FA05901522F7
:108C40004FF4A0212046EFF72BFA03B2B4F88420AA
:108C500002FB03F31A120692152200212046EFF7B9
:108C60001FFA03B2B4F8842002FB03F31B12194667
:108C70000793B4F88220531E01FB138393FBF2F396
:108C80001AB20892CDF810B0584604F069F90146BE
:108C90004FF0000BCDF824A0DDF810A041B1B9428F
:108CA00006D00BF1010B504604F062F90146F5E7DE
:108CB000DDF824A0079B434406FB03F3B4F88220AD
:108CC00093FBF2F32B8008980BFB00F20599B2FBA3
:108CD000F1F212FA83F31FFA83FCA5F800C04A1ED2
:108CE000069B02FB1302B2FBF1F2C2F3C03101FAA0
:108CF00082F20CEB62032B80FFE600BFDC37040836
:108D000020400408302E04082C650408883F04081D
:108D1000144004082C4004082DE9F04FBFB005466C
:108D2000884600F13009484604F0C0F9009010B1BF
:108D30003FB0BDE8F08F05F11402D8F808103CA848
:108D400003F0C6F902900028F2D0D8F808703CABC6
:108D5000C8F8083037A8F2F77EFB37AA4FF4E021B5
:108D60002846ECF746F829A8F3F7B8FE9DF8E4305A
:108D70008DF8A73047F6FF73ADF8A43001224FF409
:108D8000E0212846EFF78CF9C0F3C03303FA80F0F6
:108D90004FEA600A01224FF4E0212846EFF780F9FC
:108DA000C0F3C03303FA80F043100193414606A894
:108DB000ECF72DF926AB0C9318AB0A934FF4E02394
:108DC0001393674B079305230893484604F0C8F8AC
:108DD0000446039774E0B4F9042047F6FF739A42FF
:108DE00069D004AB92B2A1682846FFF755FEBDF9E1
:108DF0001070BDF9123081E000230993DDF800B056
:108E0000237B13F0030F25D013F0010F00D13A4656
:108E1000ADF8EC20ADF8EE6013F0020F02D0B5F91A
:108E2000183000E03B46ADF8E830ADF8EA6006AA3D
:108E30001A212846E8F7CCF93AAB3BAA26A94046C6
:108E4000F2F71EFBBBF1000F10D106AA1B2128462A
:108E5000E8F7BEF9237B13F00C0F2CD0ADF8EC70C3
:108E600013F0040F08D0B5F9162006E004AA18A9DB
:108E70004046F3F775FEE8E73246ADF8EE20ADF870
:108E8000E87013F0080F01D0B5F91A60ADF8EA6088
:108E900006AA1A212846E8F79BF93AAB3BAA26A96D
:108EA0004046F2F7EDFABBF1000F4FD106AA1B21A5
:108EB0002846E8F78DF92146484604F059F804465B
:108EC000002C49D00A2237A926A804F0A9FB382291
:108ED00029A918A804F0A4FBE388ADF89830ADF8F0
:108EE00064303BAB0F933AAB1093637B13F0010FED
:108EF0003FF471AFB4F90070B4F90230B5F9142041
:108F000017FA82F7B9B23FB2EE8A1E44B3B236B254
:108F1000BAF1000F3FF470AF019800283FF46CAF36
:108F20001FFA8AF0A1EB000CADF810C00144ADF8B7
:108F30001410BDF80410581AADF812000B44ADF827
:108F4000163004AB0993DDF808B059E704AA18A954
:108F50004046F3F705FEA9E7039FC8F80870E7E667
:108F60006865040804290CD8DFE801F00307050B45
:108F700009003C30704748307047543070476030CB
:108F800070470020704700002DE9F04FB1B0044653
:108F9000069190461146FFF7E5FF074690F9093024
:108FA000002B01DB03685BB13E89C6F30E06012E80
:108FB00006D9013EFB88C3F30E0303FB06F616B980
:108FC00031B0BDE8F08FB8F1000918BF4FF00109CA
:108FD000322200212046EFF763F8054610220021D7
:108FE0002046EFF75DF882462046ECF75CFAB4F8CD
:108FF000863003FB00F040F30F230593E38A5344CC
:1090000015FA83F5ADB22046EDF7BAFB80B22D1A02
:10901000ABB20493B8F1000F3AD112224FF4C02141
:109020002046EFF73DF803B20993B4F914A0B7F95D
:1090300000300793B7F902300893B8F1010F32D02E
:109040000DF1AC0B5846F2F706FA5A464FF4C02120
:109050002046EBF7CEFE23AD2846F1F74DFE2A461B
:109060004FF4C0212046EBF71FFE069911A8EBF73D
:10907000CEFF824B129306231393CDF87C804FF4DE
:10908000C0231E93CDF85CB016950025BB4687E043
:1090900013224FF4C0212046EFF702F803B20993E0
:1090A000B4F918A0C3E7079B5B421BB20793089B68
:1090B0005B421BB20893C3E70AF10103ADF8BC3071
:1090C0008AE0BDF8BC30079A9B1AADF8B83001278A
:1090D00094E00DAF03466A4A1021384605F03CF88B
:1090E00023AB16931C9710231D9311AA1A21204617
:1090F000E8F76EF80023029341F6FF730193BDF980
:109100009E300093BDF9A030239A1C990AA806F05E
:10911000C9FEBDF8BA30BDF92A2002EBD272C2F303
:109120004F02991A09B2ADF82E1013441BB2ADF8D4
:109130003230B8F1000F1ED1BDF8B800BDF82820BC
:10914000821A92B2BDF82470D21BADF82C20C01B3D
:10915000ADF83000B4F91620934273DBB4F91A303D
:1091600099426FDC002300931C9B0BAA23A906984D
:10917000F1F7F2FD66E0BDF8B820BDF8240017183D
:10918000ADF82C70BDF828703A4410FA82F2ADF8B0
:109190003020DFE711AA1B212046E8F719F8013536
:1091A000B5423FF60DAFBDF9AE30059AD31A05FBB7
:1091B00003F3B3FBF6F3049A13441BB2ADF8BE30CD
:1091C000ADF8BA30ADF8BCA0B8F1000F7FF474AFC1
:1091D0000AF1FF33ADF8BC30BBF80630C3F30E0321
:1091E000B5FBF3F203FB1253002B3FF46AAFBDF85B
:1091F000BC30089A9B1AADF8B83000272FAB1A93F1
:109200002EAB1B9309F1340304EB430309F138023D
:1092100034F912200092B3F9043032460021701B59
:1092200004F07FF8219027B19BF90930002BFFF65D
:1092300050AF002316931C931D9311AA1A212046A8
:10924000E7F7C6FFBDF9BE20BDF9AE3003EBD3731F
:10925000591002EB6303B4F9162093429ADBBDF96F
:10926000BA305B1AB4F91A20934293DC2EAB2FAAC2
:109270002BA90698F2F704F98CE700BF686504088B
:10928000404004082DE9F04FB1B0044605919046E6
:109290001146FFF767FE0789C7F30E07012F0DD9A7
:1092A000064690F90930002B01DB036833B1013F1A
:1092B000F388C3F30E0303FB07F717B931B0BDE81A
:1092C000F08F122200212046EEF7EAFE1FFA80F905
:1092D000322200212046EEF7E3FE19FA80F91FFA48
:1092E00089F92046ECF7BFF8B4F8843003FB00FBA3
:1092F0004FEA2B2308934BF30F2B26A8F1F7FCFC26
:1093000026AA4FF4C0212046EBF7CEFCA38A99444D
:109310001FFA89F92046EDF793FA80B2A9EB00090C
:109320001FFA89F309930FFA89F9B8F1020F4FD0A8
:1093300096F90930002B5EDB00230693E58A013D98
:109340002DB2B8F1020F12D1059B9A68B2F906301E
:10935000AB42B3DB069BEB182699B1F908100B441E
:10936000B6F900100B44B2F902209342A6DB0DF1CE
:109370008C0A5046F2F76FF852464FF4C02120464F
:10938000EBF737FD0023ADF89230ADF8903005993A
:1093900011A8EBF73CFEA34B129306231393022371
:1093A0001F934FF4C0231E9326AB1693CDF85CA0F9
:1093B000B8F1020318BF0123079394F8883003F033
:1093C0000703022B20D0ADF8BE500025BA467EE040
:1093D00096F90930002B05DB00230693658B0135D8
:1093E0002DB2AEE711224FF4C0212046EEF758FE11
:1093F00003B20693F2E710224FF4C0212046EEF7A5
:109400004FFE03B2069399E7152200212046EEF79E
:1094100047FE02B2B4F8843003FB02F20BEB222BBE
:10942000B4F882309BFBF3FB0FFA8BF3A3EB222300
:1094300003EBD373099901EB63030FFA83F9CBEBC9
:10944000222B089B9B440FFA8BFBBCE701274BE0C8
:10945000B6F9022092B29B1AADF8BA302FAB1A932C
:109460002EAB1B9394F8883003F00703032B62D0D4
:10947000F388C3F30E03B5FBF3F321931FB196F901
:109480000920002A69DB002316931C931D9311AA5F
:109490001A212046E7F79CFEBDF9BC20BDF98E30AD
:1094A00003EBD373591002EB6303B4F91420934216
:1094B00007DBBDF9B8305B1AB4F91820934240F3CA
:1094C000AA8011AA1B212046E7F782FE01355545E7
:1094D0003FF6F4AEF388C3F30E03B5FBF3F203FBE0
:1094E0001253002BB2D00027BDF98E30ABEB030333
:1094F00005FB03F3B3FBFAF34B441BB2ADF8BC30EE
:10950000ADF8B830B8F1020F07D0BDF8BE30002F6B
:109510009ED0B6F9002092B29DE7BDF8BE3037B1BB
:10952000B6F9002092B21344ADF8BA3096E7B6F916
:10953000022092B2F7E7079A02F1380304EB4303E3
:109540003C3234F912200092B3F904305246002123
:10955000284603F0E6FE03468FE70DAF324A10219E
:10956000384604F0F9FD26AB16931C9710231D9383
:1095700011AA1A212046E7F72BFE0023029341F699
:10958000FF730193BDF9AA300093BDF9AC30269A60
:109590001C990AA806F086FCBDF8B830BDF9282051
:1095A00002EBD272C2F34F02991A09B2ADF82C1035
:1095B00013441BB2ADF83030B8F1020F1ED0BDF825
:1095C000BA200698121A90B2ADF83220BDF82A20BF
:1095D000821AADF82E20B4F914209342FFF65CAF46
:1095E000B4F9183099423FF757AF002300931C9B02
:1095F0000BAA26A90598F1F7AFFB4DE7BDF8BA20F5
:1096000006980244ADF82E20BDF82A0010FA82F226
:10961000ADF83220DFE72EAB2FAA23A90598F1F78A
:109620002FFF4EE7686504084040040838B504463B
:109630000D460022FFF7A8FC012229462046FFF72D
:10964000A3FC022229462046FFF71CFE04222946DD
:109650002046FFF717FE38BD70B582B00D46814831
:10966000E7F70CFD012801D002B070BD2846E7F7EE
:10967000DDFD04462846E7F7D5FD0646631E2B2B85
:10968000F2D801A252F823F039970208699602082D
:1096900069960208699602086996020869960208A6
:1096A000699602089397020869960208699602086B
:1096B0006996020869960208699602086996020886
:1096C0006996020869960208699602086996020876
:1096D000AD97020869960208059802086996020883
:1096E0006996020869960208699602086996020856
:1096F0006996020869960208699602086996020846
:109700006996020869960208699602086996020835
:109710006996020869960208699602086996020825
:109720006996020869960208A797020869960208D6
:1097300069960208D7970208E8F7E0FD01A9E8F763
:1097400054FEBDF80440B38AE41AA4B2ADF8044054
:109750003046EDF775F814FA80F109B23046FEF79D
:10976000ADF80446B6F97C3083423FF47DAF81B258
:109770003046FEF7DCF8B6F97C1089B23046FEF7C9
:10978000D6F8A6F87C4000221C213046E7F720FDE1
:109790006AE7B0F97C1089B2FEF7C9F847F6FF73A3
:1097A000A6F87C3060E7ECF77FF85DE7B0F964106D
:1097B000B0F958309942B8BF1946B0F94C30B0F9F9
:1097C00040209342B8BF13469942B8BF1946284675
:1097D000E7F7F0FD48E72846E7F72CFD044630465A
:1097E000EBF741FEB6F8843000FB03F31B12238035
:1097F0003046EBF758FEB6F8863000FB03F31B1239
:10980000638031E72846E7F7B1FD0446014630465C
:10981000FEF77AF921463046FFF708FF06F12400EB
:1098200003F044FC48B996F8883003F00703012B95
:1098300008D0022B0BD0032B0ED021463046FFF769
:109840006BFA11E721463046FEF76CFBF5E721463F
:109850003046FEF7AFFDF0E721463046FEF700FF49
:10986000EBE700BF6865040838B5044690F83D3062
:1098700013F0010F07D090F83C20144B53F822103E
:1098800008F0DAFD38BD008E400003F07FFD05468C
:1098900094F83C10228E52000C4B53F8211003F028
:1098A000BFFE002307E035F8132022F4806225F87C
:1098B000132001339BB2228E9A42F4D829462046C7
:1098C00008F0BAFD284603F07FFDDBE758000020D2
:1098D00010B5044690F83C20044B53F8221008F0D1
:1098E0009DFC2046FFF7C0FF10BD00BF7C0000209C
:1098F00038B50C4604212046EAF7EAFB0025A563AB
:1099000084F83C5094F83D3065F3000384F83D3012
:109910002B462A4605212046EBF737FD2B461C2215
:1099200006492046E7F79EFC2A4629462046EFF7DF
:10993000F8F82046FFF7CCFF38BD00BF4199020878
:1099400070B5E7F76FFC044608F0FEFD4FF6FF73B5
:10995000984239D0204608F0F7FD0146204608F02D
:10996000F5FD054680B36D49D6F74AFC08B36C494E
:109970002846D6F745FC40B36A492846D6F740FC4E
:1099800078B369492846D6F73BFC20B16749284699
:10999000D6F736FC88BB002220212046E7F718FCCA
:1099A000012811D1A06B78B100222021E7F710FC2B
:1099B0000AE0002384F83C305D4B1968204608F02B
:1099C0002DFC2046FFF750FF70BD012384F83C308A
:1099D000574B5968204608F021FC2046FFF744FF0A
:1099E000F2E7022384F83C30514B9968204608F096
:1099F00015FC2046FFF738FFE6E74E492846D6F724
:109A0000FFFBD8B1A66B002EDED04B492846D6F717
:109A1000F7FB20B149492846D6F7F2FBE8B90A21FD
:109A200030460EF025FDA06B0EF03BFC0028CBD09D
:109A300000221F21A06BE7F7CBFBC5E700221F2107
:109A40002046E7F7C5FB0128BED1A06B0028BBD09C
:109A500000221F21E7F7BCFBB6E739492846D6F7B5
:109A6000CFFB48B337492846D6F7CAFB40B336493F
:109A70002846D6F7C5FB38B334492846D6F7C0FB8D
:109A8000002845D130460EF093F80546A06B0EF045
:109A900055F803782D2B1BD02B2B29D00021A06B40
:109AA0000EF0D4F92D21A06B0EF0E2FCA9B2013129
:109AB000A06B0EF0CBF987E730460EF06EFE83E721
:109AC00030460EF061FE7FE730460EF051FD7BE739
:109AD0000121A06B0EF0BAF9A06B0EF049FD2B210D
:109AE000A06B0EF0C5FCA9B2A06B0EF0AFF96BE74E
:109AF0000121A06B0EF0AAF9A06B0EF039FD2D210B
:109B0000A06B0EF0B5FCA9B2A06B0EF09FF95BE75D
:109B1000294630460EF0EAFB56E700BF44400408F1
:109B2000484004084C4004085040040854400408CD
:109B30007C000020584004085C400408644004088D
:109B4000684004086C40040870400408744004082D
:109B500008B501F1540003F083FA08BD10B50C46B6
:109B600001212046FAF72EFD02212046EAF7B0FA3D
:109B700010BD10B50C4600212046FAF723FD022344
:109B80001A4600212046FAF749FD02212046EAF74D
:109B90009FFA10BD70B50C464C4B19882046EBF768
:109BA000ABFB00212046FAF70DFD94F8623023F05C
:109BB000060384F86230DBB223F0080384F86230D5
:109BC000002584F8605084F86150DBB265F300032F
:109BD00084F86230042104F1540003F077F9204640
:109BE000EAF76AFA60620121EAF702FDE56365645B
:109BF000A564E564256421463548EAF7A3FD0646D9
:109C0000EAF74FFE42F264013046EBF724FB0121F4
:109C10003046FAF727FD01213046FAF7D3FC4FF41E
:109C200080413046EAF7E4FC02213046EAF750FA78
:109C3000A66231462748EAF785FD0646EAF731FE77
:109C400042F2D17242F264013046EBF71BFB294627
:109C50003046FAF7B7FC02231A4629463046FAF78F
:109C6000DDFC02213046EAF733FA4FF480413046FA
:109C7000EAF7BEFC2663304607F062FE064623463E
:109C800007221549E7F7EEFA4FF480413046EAF72C
:109C9000AFFC29463046FAF795FC6663304609F07A
:109CA00005FB0E4909F00EFB206B09F0AFFD0646DF
:109CB0000121EAF79DFCA663E562256523461C2287
:109CC00007492046E7F7CEFA70BD00BF8CEE0020B2
:109CD000B86904089C690408719F02086840040878
:109CE000AD9D0208486A30B110B50C4603F06CFB1C
:109CF0000023636210BD704710B50C460846EEF7AE
:109D000017FF416A2046EFF74FF801212046FAF786
:109D100059FC02231A4600212046FAF77FFC4FF433
:109D200080412046EAF764FC10BD10B50446006B84
:109D300010B3E36A03B394F86230C3F34103012B19
:109D40001BD0022B21D033B90021EFF7B1F801214C
:109D5000E06AFAF787FC206BECF788FAE06AECF728
:109D600085FA206BECF77CFC206BEBF79CFBA0B931
:109D70000121206BEAF73CFC10BD0021EFF798F8B9
:109D80000021E06AFAF76EFCE5E70121EFF790F8B1
:109D90000121E06AFAF766FCDDE70121206BEAF7B2
:109DA00097F9E9E7C06A7047006C704710B5E7F7AC
:109DB00043FA0446FFF7F6FF50B10346A06B38B1F3
:109DC000596AA9B10AF00AFA0121A06BEAF780F9F1
:109DD0002046FFF7E9FF034648B1E06C38B1596A05
:109DE00051B10AF0FBF90121E06CEAF771F910BDFD
:109DF0000121EAF7FDFBEBE70121EAF7F9FBF6E7C2
:109E0000836C8B420AD0436B8B4201D00020704799
:109E100090F86130012B03D9002070470120704772
:109E20000120704710B50446543003F019F900239F
:109E300084F8603010BD000030B585B00446C06ABB
:109E4000884246D00D4610B1616AEEF7ADFF002D95
:109E50004ED004F1540003F041F800283BD00560D7
:109E600094F86030013384F86030A16A2846EEF738
:109E70009BFFE562206D28B1236C002B3CD00121B3
:109E8000EAF765F9236C002B4CD094F8623013F09C
:109E9000010F0AD013F0080F32D00121A06CEAF7AD
:109EA00017F90221A06CEAF7A3FB94F86030012BAC
:109EB0002FD90121606BEAF70BF90221606BEAF7F9
:109EC00097FB00221C212046E7F782F92046FFF786
:109ED0002CFF05B030BD214B0293214B0193214B48
:109EE0000093214BD4222149032003F0EDF8FEE733
:109EF0002046FFF797FFBCE70121EAF734F9C1E7F5
:109F00000121A06CEAF774FB0221A06CEAF7E0F8EB
:109F1000CBE70121606BEAF76BFB0221606BEAF78C
:109F2000D7F8CEE794F86030012B04D894F862306B
:109F300013F0080F08D00121606BEAF7C9F802217D
:109F4000606BEAF755FBBCE70121606BEAF750FB59
:109F50000221606BEAF7BCF8B3E700BFFC2D0408F0
:109F60000C420408302E04086C690408944104086B
:109F7000F8B50446E7F75AF9072800D0F8BD20469F
:109F8000E7F750F905462046E7F756F90446436BD4
:109F9000AB4202D0836CAB42F0D194F8603084F8CD
:109FA000613029462046FFF72BFF0028E6D104F157
:109FB0005406304602F0D0FF05460146304602F016
:109FC000D3FF07460028D9D02946304603F006F8CB
:109FD000284603F0F9F994F86030013B84F86030CA
:109FE0003946304602F0FAFF94F86030013B84F8BD
:109FF000603039682046FFF71FFF384603F0E4F968
:10A00000BCE7000083B2C0F3072040EA03208BB214
:10A01000C1F3072141EA032104320B0413FA81F151
:10A020000A4B19404FEA004C1CFA80F01840401AC5
:10A03000D20800FB02F201EB5211194041EA114132
:10A0400088B2C1F3072141EA002070471FF8E007FA
:10A050002DE9F04F9DB080468B46154618AC204642
:10A06000F0F798F951224FF4A0214046EEF718F886
:10A07000003818BF01209DF86D3060F382038DF821
:10A080006D30AF882B88FF1ABFB20137C7F3C032DB
:10A0900002FA87F7C7F34F073B44ADF85C306B8893
:10A0A0003B44ADF85E3000214046EEF79FFC039044
:10A0B000594605A8EAF7ABFF0D944FF4003312930D
:10A0C000324B06930023079308F1300A504602F002
:10A0D00047FF044642E0039B8DF86C302668B6F9D2
:10A0E0002030F58B1D44B2697169A068009503F0BA
:10A0F00018F90546B6F92030B6F81EC09C44B2697E
:10A100007169E068CDF800C003F00BF9ADB2ADF8AD
:10A11000645086B2ADF86660638B3B44ADF8503056
:10A1200016940DF15C09CDF8389005AA1A21404625
:10A13000E7F74EF8BDF95030019600959BB24A46BC
:10A1400018A95846F0F73BF905AA1B214046E7F746
:10A150003FF82146504602F00BFF044694B12379A4
:10A16000032BF6D1238BADF86030B4F91030ADF885
:10A1700062306379FD2BAED8039A02FB03F3C3F37D
:10A180000723A9E71DB0BDE8F08F00BF7C6A040873
:10A190002DE9F04FD7B004900891104693881188AC
:10A1A0005B1A9BB20133C3F3C03202FA83F3C28855
:10A1B0004088121A92B20132C2F3C03505FA82F217
:10A1C00052100B92B2EB630F01DD5C100B94BDF8E3
:10A1D0002C300A931944ADF854111844ADF85601C7
:10A1E00052AC2046F1F737F922464FF4C021049DC6
:10A1F0002846EAF7FEFD9DF8513143F010038DF833
:10A2000051314AA8F0F778FD4AAA4FF4C0212846F8
:10A21000EAF74AFD089926A8EAF7F9FEAE4B27931C
:10A220004FF4C0233393032328932C9405F1240681
:10A23000304602F095FE0D96834662E14FF0010A2A
:10A240004FF000080EE1BBF80030ADF81C301FE104
:10A25000BBF90630059326E1638AADF81C3010E0A7
:10A26000DBF81820DBF81410FF23009300232846A6
:10A2700003F057F8C2B2618AA08AFFF7C3FEADF8B7
:10A280001C002146304602F073FE0446DCB12379FF
:10A29000022BF6D1A168A942F3DCE268AA42F0DB06
:10A2A000238A3B441FB2608AA38A9842D4D0A37DFC
:10A2B00013F0010FD4D0FF2300930023284603F0AE
:10A2C00030F8C2B2D7E7BBF81E30069A03FB02F2A1
:10A2D00002EB82046400BBF80230013B94FBF3F410
:10A2E000BBF9203003EB830304EB4304BDF81C30BF
:10A2F000ADF84831ADF84A71BDF854310A9A1344AB
:10A300000B9A822AB8BF822292B212FA83F30FAE5E
:10A31000ADF83C30BDF95631ADF83E3055AF3B4657
:10A320004FF480722146304602F07CF92F97309628
:10A33000CDF8D0904AAB2B93BAF1000F00F0BC805F
:10A340000998F2F7FBF8BBF910200C9B9A1ABDF89C
:10A3500054311344ADF84030BDF95631ADF84230B8
:10A360003B464FF48072214610A802F05BF91EAC08
:10A3700020224AA9204603F053F92B941AAC2B460D
:10A38000564A1021204603F0E7FE319426AA1A21EE
:10A390000498E6F71DFF0024029441F6FF73019331
:10A3A000BDF98A300093BDF98C301E9A319911A8FD
:10A3B00005F078FDBDF84020BDF9441001EBD173E4
:10A3C000A2EB6302ADF86020BDF84230BDF9460053
:10A3D00000EBD075A3EB6503ADF8623089B211FADA
:10A3E00082F2ADF8642082B212FA83F3ADF86630DF
:10A3F0000094319B18AA2B990898F0F7ADFC2146E0
:10A4000038A8F2F745F80990BAF1000F5DD03EA8E0
:10A410000021F2F73DF8044655AB0FAA52A908985F
:10A42000F1F72EF82046F2F789F826AA16210498AB
:10A43000E6F7CEFEBDF81E30ADF84831059BADF80D
:10A440004A3109F101091FFA89F9BBF802204A458E
:10A4500046D908F10108BBF80A3043453FF4EEAE97
:10A460004FF0000ACDF81890DBF81430DBF8181024
:10A470000091013A0021484602F053FF054636900C
:10A48000BAF1000F3FF4DFAEBBF80830ADF81C3076
:10A49000BDF81C30ADF81E30BAF1000F3FF4D8AE55
:10A4A000BBF90E300593049B03F13006304602F0F1
:10A4B00057FD0446059FE9E600232B93319326AA16
:10A4C0001A210498E6F784FE9EE744A8A0E74FF619
:10A4D000FF784FF00009B8E77C6A040840400408A0
:10A4E00044A8F2F757F83EA8F2F754F838A8F2F764
:10A4F00051F80998F2F722F859460D9802F038FD04
:10A500008346BBF1000F6AD0CDF8DCB0BBF8043055
:10A510000A9EF21A92B2BBF80C40311B8DB209B2FE
:10A520000C91BDF854119B1B9BB2C818ADF84800A4
:10A53000BDF856010344ADF84A301144ADF84C1053
:10A540000244ADF84E20012347F6FF7212A944A839
:10A55000F2F7FEF9BDF85421A31B9BB29918ADF890
:10A560005010BDF856110B44ADF85230AB189BB2E9
:10A57000013BADF854306B189BB2013BADF856303F
:10A58000012347F6FF7214A93EA8F2F7E1F9BDF8DE
:10A590005421931BADF85830BDF85631991BADF8D6
:10A5A0005A10324492B2013AADF85C2033449BB267
:10A5B000013BADF85E30002347F6FF7216A938A8BC
:10A5C000F2F7C6F9002138A8F1F762FF0990BBF84D
:10A5D0000A30002B3FF47BAF03F1FF3879E757B027
:10A5E000BDE8F08F2DE9F04FA5B007468A46968862
:10A5F0001388F61AB6B20136C6F3C03101FA86F6F0
:10A60000C6F34F063344ADF88C3053883344ADF86D
:10A610008E3020A8F0F71FFF20AA4FF4A021384663
:10A62000EAF7E7FB1AA8F0F757F91AAA4FF4A021A6
:10A630003846EAF78AFB00213846EEF7D7F9834619
:10A64000514608A8EAF7E3FC754B099323AB119335
:10A650004FF40033159307F13009484602F080FCAF
:10A66000044681E0B5F92030B5F81EC09C44AA69C3
:10A670006969E068CDF800C002F053FEAD8B354447
:10A68000638A13FA85F52DB20390BDF90C0002F030
:10A6900069FD05FB00F0DFF88C8188FB0023034493
:10A6A000C017C0EBA330BDF88E300344ADF81A30AC
:10A6B00003985A3000B202F055FD00FB05F588FB07
:10A6C0000538A844ED17C5EBA835BDF88C302B44F0
:10A6D000ADF81830A38AADF88030B4F91030ADF879
:10A6E00082306379FD2B20D803FB0BF3C3F30723E0
:10A6F0008DF8883001230A9320AD0E950DF11808CE
:10A70000CDF8488023AB119308AA1A213846E6F702
:10A710005FFD4346119A29465046F0F7B1FE08AA5C
:10A720001B213846E6F754FD19E05B46E0E75B463F
:10A7300063E0ADF8683002230A931AAD0F9508AABA
:10A740001A213846E6F744FD236906AA29465046F1
:10A75000F0F76CFA08AA1B213846E6F739FD2146C6
:10A76000484602F005FC0446002C56D02568199492
:10A770002379012B3FF476AF002BF0D12369002B16
:10A78000EDD0B5F92030B5F81EC09C44AA696969BE
:10A79000E068CDF800C002F0C4FD054605A92069B7
:10A7A000F2F722FFBDF88C20B4F914C01FFA8CF325
:10A7B000D21AADF81820BDF88E30B4F9160081B267
:10A7C0005B1AADF81A300599C1F38A2111FA82F2A9
:10A7D00092B2013AADF81C20BDF81620C2F34A121D
:10A7E00012FA83F39BB2013BADF81E306379FD2B67
:10A7F0009DD803FB0BF3C3F307238DF87330ADF83B
:10A800006CC0ADF86E0005EB85056D002B46B5F507
:10A81000616F8EDDA5F561638BE725B0BDE8F08F34
:10A820007C6A0408030001802DE9F04194B00C46D5
:10A830003A48E6F723FC012802D014B0BDE8F081C5
:10A840002046E6F7F3FC06462046E6F7EBFC054615
:10A85000152EF2D12046E6F789FD044602A92846C6
:10A86000EAF741FE02AA21462846FFF7F1FB02AAB9
:10A8700021462846FFF78CFC02AA21462846FFF70E
:10A88000B1FEBDF80C30BDF808209B1A9BB2013315
:10A89000C3F3C03101FA83F3C3F34F031A4497B2F1
:10A8A000ADF80420BDF80A2013441FFA83F8ADF870
:10A8B000063006A8F2F712F906AA4FF4003128462E
:10A8C000EAF7A0F801224FF400312846EDF7E8FB43
:10A8D000C0F3C03303FA80F0461004224FF4003175
:10A8E0002846EDF7DDFBC0F3C03303FA80F0B3B2C6
:10A8F000FA1AADF81020C0F34F00A8EB0002ADF833
:10A9000012201F44ADF814708044ADF8168004AADC
:10A9100006A92046F2F724F98FE700BF7C6A0408F5
:10A9200010B50C4601F1300002F09AFB04F124004E
:10A9300002F096FB10BD10B50C462421601802F001
:10A94000C5FA1C2104F1300002F0C0FA10BD00006D
:10A95000F0B58BB00446122105A802F01DFFE36E8E
:10A96000002B23DB012605AF636E002BB8BF5B42D3
:10A970003F4A0E2101A803F0EFFB94F8745005F054
:10A980000F0501A8D5F75CFE0346281A002824DD30
:10A99000002B17DB1A1803F12801694411F8241C55
:10A9A00028326A4402F8241C013BF1E7636E002B55
:10A9B00006DB2B238DF8143000260DF11507D3E7A5
:10A9C0002D23F7E70023834207DA03F128026A44C4
:10A9D000302102F8241C0133F5E794F874300F2B72
:10A9E00000D91D09002302E007F8012B0133AB4217
:10A9F00006DA03F128026A4412F8242C002AF3D163
:10AA000094F874200F2A13D92E2207F8012B02E0A4
:10AA100007F8012B013394F8742002F00F029A42D8
:10AA200006DD03F128026A4412F8242C002AEFD133
:10AA300005A920460DF012FE236F94F8741001F062
:10AA40000F0107E00B4A82FB0302DB17C3EBA203F3
:10AA50000139C9B2092BF5DCA94201DD0131C9B2C6
:10AA6000891BC9B220460DF0F1F90BB0F0BD00BF53
:10AA7000404004086766666638B50C4600234B669E
:10AA800091F8742063F3071281F87420D2B2052183
:10AA900061F3030284F87420012525670D4AA2663C
:10AAA0000D4AE26694F8752063F3000284F875207D
:10AAB000D3B2022262F3420384F87530294620465D
:10AAC0000DF008F8294620460CF0FDFF2046FFF760
:10AAD0003FFF38BD9F8601006179FEFF08B5036F17
:10AAE000074A82FB0312D917C1EBA201092B03DD30
:10AAF0000167FFF72DFF08BD01230367F9E700BFDA
:10AB00006766666608B5C36E002BB8BF5B42826E8F
:10AB10009342B8BF1346026F02EB8202B3EB420FBF
:10AB200001DB51000167FFF713FF08BD08B5426E56
:10AB3000036F02EB030C816E8C450DDCBCF1000F42
:10AB400001DD002A05DB426E13444366FFF700FF78
:10AB500008BD52424266F6E790F8753013F0010FD7
:10AB600001D08A4201D04166F0E7C36E4366EDE74B
:10AB700008B5436E016FA3EB010CC26E94450DDB6B
:10AB8000BCF1000F05DB436E5B1A4366FFF7E0FE86
:10AB900008BD002BF7DD5B424366F4E790F87510C3
:10ABA00011F0010F01D0934201D04266EEE7836EAF
:10ABB0004366EBE770B50C465D48E6F75FFA01289F
:10ABC00000D070BD2046E6F731FB06462046E6F78A
:10ABD00029FB0546082E11D00D2EF2D1E7F78EFB8A
:10ABE000E7F792FB06462046E6F724FB0368113B95
:10ABF000032BE6D8DFE803F09498808AE7F77EFB22
:10AC0000E7F782FB042825D028460CF097FF04467E
:10AC1000D5F716FD6B6CE25C2E2A53D0834255D0DB
:10AC200013B9EB6E002B56DB95F8740000F00F01A2
:10AC300001396A6C93B2B2EB101F03D90F2801D906
:10AC4000013B9BB2C91AEB6E002B49DB01232B673A
:10AC500000224EE02846E9F7A6FAE6F7F4FD0028C0
:10AC6000AFD095F8742002F00F02012AA9D995F807
:10AC7000753003F00603042B10D12B6F012B03DD7D
:10AC80002846FFF72BFF9CE7023A0A20002102F03A
:10AC90002BFB28672846FFF735FF92E72E6FF41746
:10ACA000013A0A20002102F01FFB86428C4103DAA0
:10ACB0002846FFF727FF84E70A232B672846FFF77C
:10ACC0000DFF7EE728460DF068FDADE7411E2846E2
:10ACD0000DF0BCF8A8E7012128460DF0B7F8A3E76E
:10ACE0000131B3E72B6F03EB83035B002B6701326A
:10ACF00092B28A42F6D364E7042E03D02846FFF7C7
:10AD0000EDFE5EE72846FFF711FF5AE7042E03D059
:10AD10002846FFF7F7FE54E72846FFF729FF50E7DC
:10AD20002846FFF703FF4CE72846FFF721FF48E7D7
:10AD3000D06A040870B592B00C4602212046E9F7AB
:10AD4000C7F901A801F04CF80194164B02934FF695
:10AD5000FF73ADF84430144B1B680C93134B1B6806
:10AD600003F5B47209930A930B9201A801F084F8D9
:10AD70000F4B0893002509950A954FF4B4760B966E
:10AD80000C4B029301A801F077F832462946204681
:10AD900005F040FE4FF48771204605F046FE12B0E4
:10ADA00070BD00BFC3AD02084CEF002048EF00208B
:10ADB000C1BF0208B9AD020808B589B205F09FFC11
:10ADC00008BD08B589B205F0DDFC08BD38B50C46F4
:10ADD00091F82C3013F00C0F18D194F82C3013F09C
:10ADE000030F23D1606A02F0EFFA0023636238BDDB
:10ADF000636A53F8250002F0E7FA636A002243F819
:10AE000025200135238DAB42F2D8E6E70025F9E78E
:10AE1000636A53F8350002F0D7FA636A002243F8F8
:10AE200035200135238DAB42F2D8DBE70025F9E769
:10AE300070B50C46524B1B7881F82C30013B072B28
:10AE400009D8DFE803F0595E080408080854012116
:10AE50002046F9F7B7FB42F2640211462046EAF7B2
:10AE600011FA204607F0CEF906462046E9F724F904
:10AE700005460121304607F00FFF042002F086FA54
:10AE80006062404B0360616A304607F0C7F90023F7
:10AE90001C223D493046E6F7E5F94FF48041304643
:10AEA000E9F7A6FB00231A4638492846E6F7DAF9FF
:10AEB00000212846EBF7FBFB94F82C30042B27D01D
:10AEC00024D8013BDBB2012B33D842F26402304B71
:10AED000B3F900103046EAF7D5F942F2640128468A
:10AEE000EAF7B9F901212846F9F7BCFB21E009216D
:10AEF0002046F9F767FBAEE700212046F9F762FB31
:10AF0000A9E708212046F9F75DFBA4E7082B10D13B
:10AF10001F4BB3F9002042F264013046EAF7B2F960
:10AF200042F264012846EAF77FF901212846F9F741
:10AF300099FBE6F719FB10B13146E6F7A7FB94F849
:10AF40002C3013F00C0F11D000212846F9F73AFBF2
:10AF500003212846EBF7CEFB80212846E9F748FB82
:10AF60004FF480612846E9F7B3F870BD0121284607
:10AF7000F9F728FB03212846EBF7C7FBECE700BFF6
:10AF800052EF00204C5804088FB10208A9B0020803
:10AF900050EF0020408D704708B50121EDF708FE05
:10AFA00008BD08B50021EDF703FE08BD2DE9F84303
:10AFB00090F8233013F0100F57D104460D46164673
:10AFC000038D8B4200D85D1E2046EBF749FB2046DF
:10AFD000FFF7E2FF0746002847D094F82C3013F023
:10AFE0000C0F26D015220021EDF75AF80FFA80F841
:10AFF0003846EAF738FA8146162200212046EDF756
:10B000004FF8C3B2012B09D008EB090111FB05F180
:10B01000324609B23846EBF75FFE1CE06B4208EBA4
:10B02000090010FB03F1324609B23846EBF754FE33
:10B0300011E014220021EDF733F80FFA80F83846BA
:10B04000EAF731FA08EB000111FB05F1324609B2CB
:10B050003846EBF755FE2046FFF7A3FFADB24FF49D
:10B060008072294607F02DFA6585BDE8F883000057
:10B0700038B50C460B48E6F701F8012800D038BD7A
:10B080002046E6F7D3F805462046E6F7CBF8044617
:10B09000292DF4D1FFF77EFF014600222046FFF75D
:10B0A00085FFECE7086B040870B582B00446E6F74C
:10B0B000B9F805462046E6F7B9F804462846EDF704
:10B0C00037FD06462B2C03D00A2C09D002B070BDE8
:10B0D000FFF760FF014600223046FFF767FFF5E704
:10B0E000E7F70CF910B10379012BEFD001A928463D
:10B0F000EBF780FC96F82C3013F00C0F21D028468B
:10B10000EAF7B1F90546162200213046ECF7C8FFF0
:10B11000C0B201280AD0BDF9044005EBD57343F352
:10B120004F031C4494FBF5F424B217E005EBD574EF
:10B1300044F34F04BDF90430E41A94FBF5F004B273
:10B140000CE02846EAF7AFF9BDF9064000EBD073F2
:10B1500043F34F031C4494FBF0F424B2002C12DBA5
:10B160003046FFF717FF84420FD001250122214608
:10B170003046FFF71BFF002DA8D000221C213046CF
:10B18000E6F726F8A2E70024EAE70025EEE738B55F
:10B19000E6F748F80546EDF7CBFC0446284607F0ED
:10B1A000D3F9014600222046FFF700FF38BD00001A
:10B1B00010B50C4642F2640211462046EAF762F8E6
:10B1C00000231A4608492046E6F74CF8802120461D
:10B1D000E9F70EFA03212046EBF78CFA032120460B
:10B1E000EBF793FA10BD00BFEDB102082DE9F04373
:10B1F00083B00546E6F71AF804462846E6F712F843
:10B200000A2C02D003B0BDE8F0830746E7F776F8D2
:10B2100010B10379012BF5D03846EAF724F9054639
:10B220003846EAF740F9044601A93846EBF7E2FB55
:10B23000BDF90480BDF9069005EBD57343F34F03C8
:10B24000984498FBF5F818FB05F80FFA88F804EB1A
:10B25000D47343F34F03994499FBF4F919FB04F9B0
:10B260000FFA89F9002400E001343846EDF7B5FC07
:10B27000A04217D921463846EDF79AFC0546EAF771
:10B280009EF806462846EAF7BDF8B045ECD1814560
:10B29000EAD17D6295F8244000221C213846E5F76A
:10B2A00097FF00E00F2421463846EBF713FAA9E791
:10B2B000F8B50C460846EDF73BFC064642F2640240
:10B2C00011462046E9F7DEFF2046EBF7C9F9304684
:10B2D000EAF7C9F80F4F3D6815FB00F52DB230466F
:10B2E000EAF7E1F80C4B1A6812FB00F212B2294699
:10B2F0002046E9F78FFF094B197884F824103B6842
:10B3000013B9054B1B6803B1F8BD3046EBF7E2F902
:10B31000FAE700BF58EF002054EF00205CEF002058
:10B3200000B585B020B14268904705B05DF804FBD8
:10B33000064B0293064B0193064B0093064B3322B8
:10B340000649032001F0C0FEFEE700BFDC37040819
:10B3500078420408302E04088C6B0408204204084C
:10B360002DE9F04784B048B10D4616469A4681460D
:10B3700089B100230B60044698461CE0344B0293CD
:10B38000344B0193344B0093344B44223449032013
:10B3900001F09AFEFEE72E4B0293324B01932E4BA7
:10B3A00000932E4B45222E49032001F08DFEFEE72F
:10B3B0002C6020E064698CB1534632462946204611
:10B3C0002768B84703460028F4D0AA7B12F0100F74
:10B3D000EED0B8F1000FEDD1A046EBE7B8F1000FC9
:10B3E0000DD0D8F800405346324629464046A04783
:10B3F000C5F800800123184604B0BDE8F0871F2E71
:10B4000011D94FF6FF039E420DD042F20C039E422B
:10B4100009D0B9F9083003EBD373C3F34F03EB80C2
:10B420000233AB8002E00023EB80AB8000232B6073
:10B43000B9F808202A816B81AB81AA7B012161F3D5
:10B440000302AA73D2B242F01002AA73D3E700BF7C
:10B45000DC37040878420408302E0408746B0408B2
:10B46000204204088842040800B589B048B1134658
:10B470000A4604A9FFF774FFBDF8140009B05DF88F
:10B4800004FB064B0293064B0193064B0093064BBD
:10B490008A220649032001F017FEFEE7DC37040884
:10B4A00098420408302E04085C6B0408204204080B
:10B4B00003780A78934201D0981A704740784B7805
:10B4C000C01A704703880A88934201D0981A7047BF
:10B4D00040884B88C01A704700880B88C01A704794
:10B4E00070B584B00D46002969D0046960690028F0
:10B4F0005DD003688B4218D00022638AC3F308032F
:10B50000934256D9A16802EB82039E0001EB8303AC
:10B510008959691AB3F804C08C4508D39A7C032A68
:10B5200043D8DFE802F0102B0715406809E001322C
:10B5300092B2E2E7D8880844636913B11D60636979
:10B54000586004B070BDDA68D888535C1844F3E7DB
:10B55000ADF80E1099681A8A1B4B009302230DF167
:10B560000E0004F015FD38B1A36833449968421AFF
:10B57000D88800EB6200DFE70020DDE7ADF80E10B1
:10B5800099681A8A104B009302230DF10E0004F003
:10B59000FFFC40B1A36833449968421AD968D8883F
:10B5A0008B5A1844C8E70020C6E70020C4E70022F1
:10B5B000A3E730B10560636900205860C1E7084621
:10B5C000BFE70020BDE700BFD9B402080369D87CFB
:10B5D00010F0200F3AD130B585B0DC68E37A3F2B0C
:10B5E00006D903F0C003402B1AD0002005B030BDAF
:10B5F0002568120292B21144ADF80C10A2681D4BDE
:10B600000093022322F04042294603A804F0C0FC24
:10B6100020B1431B5B106268D056E7E70020E5E7E6
:10B62000256801EB02410391A268134B00930423A8
:10B6300022F04042294603A804F0AAFC20B1431B93
:10B640009B106268D056D1E70020CFE7DB685868CE
:10B65000415C9868825C41B14AB1186801395B7BF2
:10B66000013A03FB012280567047002070470020FA
:10B67000704700BFB1B40208C5B4020810B582B06B
:10B68000092910D00469FFF72BFF0346B8B16168A0
:10B69000E27C3F2A09D8206851F83330C3F3130302
:10B6A000184402B010BD2021ECE7064B0093064B76
:10B6B00083220649022001F007FD0020F1E7002067
:10B6C000EFE700BF08430408A86B0408A842040879
:10B6D0002DE9F84307460C4615469946092A11D02C
:10B6E00011463E693846FFF7FBFE8046002842D0EF
:10B6F000F3687BB149463846FFF7F2FE024618B9B7
:10B70000002308E02021ECE741463846FFF75EFFC2
:10B71000034600E00023716801EBC801328A02FB96
:10B7200003F31B114A88C2F30B12092D1DD01344D9
:10B7300008331B09A3804B7923810A79E28091F9B0
:10B740000630638191F90730A381F37CC3F343038F
:10B75000A17B63F30301A173CBB223F01003A373A6
:10B76000092D04D00120BDE8F8835200DFE7520024
:10B77000E2800120F7E70020F5E7704710B50446A6
:10B78000502102F009F84FF4A0732380F023638066
:10B790004FF6FF73A380E380002323816381227C23
:10B7A00042F008022274D2B263F386122274236933
:10B7B000822262F3D01323614EF207032387034BE7
:10B7C000236463645823A36410BD00BFBDD801087F
:10B7D000F8B504460D4617461E461C2101F0DCFF55
:10B7E00025606760A560E660F8BD000070B584B0B4
:10B7F0000546634801F072FB00287CD00446EB6BE1
:10B80000002B00F085804FF4B471204601F0C4FF96
:10B8100025600123C4F85431082104F5AC7001F00F
:10B8200055FB584B1E681C6022461E21564803F0EB
:10B830009FF86060002800F083802B7C13F0020FDB
:10B840000AD0EB68DA68B5F90030B5F9021001FBEF
:10B8500003F39A42C0F081804FF6FF736385FF23A4
:10B8600084F82930FBF7C0FF002840F083800520D2
:10B8700000F0E6FF0546002000F0E2FF0246434BE1
:10B880000093002329462046FBF7B6FFA060002066
:10B89000E8F712FC20610020E8F70EFCE0610020D0
:10B8A000E8F70AFC20623A4D2A460021E069ECF7ED
:10B8B0007DFF2A460021206AECF778FF0221E0692B
:10B8C000E8F706FC0221206AE8F702FC0021E069A3
:10B8D000EAF7EDFE0021206AEAF7E9FE2069EAF7BF
:10B8E00092F9284B1E60002E48D0606803F072F970
:10B8F000204604B070BD274B0293274B0193274B82
:10B900000093274BA9222749032001F0DDFBFEE726
:10B91000A86C01F03BFD064628B12B6C0146284679
:10B920009847EE636FE71B4B02931F4B01931B4B32
:10B9300000931B4BB1221B49032001F0C5FBFEE71E
:10B94000144B0293194B0193144B0093144BC422D4
:10B950001449032001F0B8FBFEE72B7C23F002031F
:10B960002B74134B00930E4BCC220E49022001F096
:10B97000ABFB71E7FBF798FFA06088E71C60B4E7BA
:10B9800080F1002070EF002005A20108C46B0408BC
:10B99000FFFF0F00FC2D0408B4430408302E0408F8
:10B9A0008C21050858430408EC370408C4430408F4
:10B9B000E0430408014B1868704700BF70EF002097
:10B9C00008B5034650B11A68137CC3F30113012B69
:10B9D0000BD0032B09D0B2F9000008E0FFF7EAFF13
:10B9E00003460028EFD1002001E0B2F9020008BDB3
:10B9F00008B5034650B11A68137CC3F30113012B39
:10BA00000BD0032B09D0B2F9020008E0FFF7D2FFF8
:10BA100003460028EFD1002001E0B2F9000008BD84
:10BA200008B5034620B11B681869C0F3C91008BDEA
:10BA3000FFF7C0FF03460028F5D18220F7E7C26870
:10BA400000231361C26853617047000008B520B13C
:10BA50000146044801F088FA08BD024801F07CFA6A
:10BA6000FAE700BF80F100200368D868704710B57E
:10BA70000446202101F090FE002323700A23237640
:10BA800063764FF4C873A3836423E3833223E3769E
:10BA90000323A37610BD000030B585B005460369C9
:10BAA000BBB12C69CCB1184801F018FA0446E8B1D2
:10BAB0005C2101F071FE2560637943F0020363713C
:10BAC00022461E21114802F053FF6861204605B04E
:10BAD00030BDFFF76FFF2861E3E70D4B00930D4B7F
:10BAE00051220D49022001F0EFFAEFE70B4B0293D0
:10BAF0000B4B01930B4B0093064B57220649032037
:10BB000001F0E2FAFEE700BF74F100208D29010880
:10BB100078440408B42105081C440408FC2D0408DA
:10BB2000D0440408302E040808B520B1014604486A
:10BB300001F01AFA08BD024801F00EFAFAE700BF58
:10BB400074F1002030B583B004460D46102128461C
:10BB500001F022FE23681B78012B06D0022B11D0A6
:10BB6000042B08D10A236B6005E0B4F914302B8054
:10BB7000B4F916306B802068436833B12946984782
:10BB800003B030BDE3686B60F5E7044B0093044BF2
:10BB9000BD220449022001F097FAF1E7E0440408CD
:10BBA000A42105081C44040808B5DEF749FA08BDBD
:10BBB00010B50446FFF7F8FFA04201D3001B10BDEB
:10BBC000001BFCE708B5084B01221A70074801F07A
:10BBD000C3F920B1064B186802F0F7FF08BD044B0B
:10BBE000186802F0EDFFF9E779EF00205CF1002022
:10BBF00074EF002010B5044690F8423013F00203B1
:10BC000009D1B0F8402032B14FF6FF718A4202D01C
:10BC1000013AA0F84020B4F84020A2B9A26B02B1CA
:10BC20008BB12146154801F0D9F9FFF7CBFFE36846
:10BC30000BB12046984723690BB120469847204610
:10BC400001F0C2FB18E0E26B52422263A26B9AB190
:10BC500013B9616B49422163B3FA83F35B0994F82A
:10BC6000421063F3410184F84210236AA16A216201
:10BC7000A362E36AE262A36310BD00BF5CF100202F
:10BC800038B53B4B1868FFF793FF0546394A1378E0
:10BC900083F001031370384801F05EF9044625E093
:10BCA00000293FDB12F0010F09D163693BB1204647
:10BCB0009847236A03442362A36A0344A362A368E8
:10BCC0000BB12046984794F8423043F0080384F8BB
:10BCD000423027E0226BE36A9A423ADA274B1B781C
:10BCE000002B3AD0244801F037F90446002C3AD012
:10BCF000224B00221A7094F84230C3F380031D4A8D
:10BD000012789342EAD094F8423062F3820384F8C6
:10BD10004230236B591994F8422012F0080F01D1D8
:10BD2000002BBDDD236B2B442363002BD6DBE26AA3
:10BD3000934200DD2263E36920469847636A8342A9
:10BD4000C8D060626368002BC4D001462068984761
:10BD5000C0E72046FFF74EFFC0E72146064801F046
:10BD600003F90446C2E7FFF71FFF014B186038BD17
:10BD70007CEF002078EF00205CF1002079EF0020BC
:10BD800010B582B004464FF4806300930023C26A6A
:10BD90001946006B01F0C5FAA36A226A9B1A03FBDD
:10BDA00000F002EBA02002B010BD000008B5442155
:10BDB000074801F08BF800221E21064802F0D8FD4A
:10BDC000054B1860FFF7FEFE044B00221A7008BDF9
:10BDD0005CF1002081BC020874EF002079EF0020A4
:10BDE00010B50446442101F0D7FC4FF4FA73E36226
:10BDF000002323626423A3620123A4F84030044B90
:10BE0000E36194F8423043F0010384F8423010BDFE
:10BE100081BD02082DE9F04106460F46154801F0A4
:10BE20009BF804464FF0000804E06368BB420DD065
:10BE300067B12C46D4B121460E4801F095F805466D
:10BE40002368B342F1D0002EF3D1EEE72146094832
:10BE500001F0C4F823690BB120469847204601F051
:10BE6000B3FAFFF7AFFE4FF00108E2E74046BDE846
:10BE7000F08100BF5CF1002030B585B00546416817
:10BE800011B10068FFF7C6FF224801F00FF960BB4F
:10BE9000204801F023F8044660B34422294601F00B
:10BEA000BFFB2B68AB4232D094F842301A4A12786A
:10BEB00062F3820384F84230DBB213F0010F0FD03B
:10BEC00063693BB120469847236A03442362A36A0F
:10BED0000344A36263681BB1206808B1216A9847D4
:10BEE000FFF770FE204605B030BDFFF75DFE0B4B3F
:10BEF0001860CDE70A4B02930A4B01930A4B00935B
:10BF00000A4B59220A49032001F0DEF8FEE72460BB
:10BF1000CAE700BF5CF1002078EF00207CEF002032
:10BF2000FC2D040858450408302E0408CC210508CF
:10BF30000045040838B504460D460A4801F00CF8DF
:10BF4000014603E0074801F00FF8014639B10B68DC
:10BF5000A342F7D14B68AB4201D0002DF2D1084685
:10BF600038BD00BF5CF100200346891A0029B8BF24
:10BF700049424FF47A7202FB01F1B1FBF0F09942B1
:10BF800000D20130704730B583B004464FF480656D
:10BF900000950023C26A1946006B01F0C2F90095B2
:10BFA00040F2B6334FF46172002101F019F9A36A2F
:10BFB000226A9B1A03FB00F002EBA02003B030BD05
:10BFC00030B583B004464FF4806500950023C26A03
:10BFD0001946006B01F0A5F900954FF46E733222FB
:10BFE000002101F0FDF8A36A226A9B1A03FB00F00E
:10BFF00002EBA02003B030BD026BC36A9A4201DBA2
:10C00000806A7047006A704700B5B0F90430B0F933
:10C0100000209B1A03EBD37343F34F0EC3F34F037C
:10C0200013FA82F21FFA82FC428813449BB20A88F8
:10C03000A2EB0C024988CB1A0EFB0EFE13FB03F396
:10C0400012FB0232964502D301205DF804FB00206A
:10C05000FBE7018042808380BDF90030C3807047D8
:10C0600003880B449BB2013B8380704743880B4499
:10C070009BB2013BC3807047B0F90420B0F9003097
:10C08000D21AB0F90630B0F90210581A013002FB8A
:10C0900000007047038889B25B1A038083881944C3
:10C0A0008180438892B29B1A4380C3881A44C2801D
:10C0B0007047038889B20B440380838819448180C8
:10C0C000438892B213444380C3881A44C2807047A5
:10C0D00010B5B2F900C0B1F900309C45B8BF9C461C
:10C0E000A0F800C0B2F902E0B1F902309E45B8BF35
:10C0F0009E46A0F802E0B2F90430B1F90440A34230
:10C10000A8BF23468380B2F90620B1F906108A42FF
:10C11000A8BF0A46C2809C4503DC964503DC01208B
:10C1200000E0002010BD0020FCE7B2F90030B1F9BA
:10C1300000C06345A8BF63460380B2F90230B1F97D
:10C1400002C06345A8BF63464380B2F90430B1F929
:10C1500004C06345B8BF63468380B2F90630B1F9C5
:10C1600006209342B8BF1346C380704770B582B0B3
:10C1700004460D46B1F90010B0F900008142C0F24A
:10C18000AE80B4F90430994200F3AC80B5F9026096
:10C19000B4F902E07645C0F2A780B4F906108E42E9
:10C1A00000F3A480002A40F3A3809BB21FFA80FC16
:10C1B000A3EB0C039BB20133C3F3C03606FA83F33F
:10C1C0005B1089B21FFA8EFEA1EB0E0189B201311C
:10C1D000C1F3C03606FA81F149108B42A8BF0B4665
:10C1E0009A4200DC1346ADF800009EB2B444ADF8AC
:10C1F00004C0B4F90230ADF8023016FA83F3ADF89A
:10C200000630002229466846FFF7B0FF70B1BDF83E
:10C2100004303344ADF80430BDF806303344ADF893
:10C22000063029466846FFF7EFFE59E0B4F90620CC
:10C2300093B29B1BADF80230ADF8062000222946D0
:10C240006846FFF793FF70B1BDF804303344ADF892
:10C250000430BDF802309B1BADF802302946684619
:10C26000FFF7D2FE3CE0B4F9042093B29B1BADF87B
:10C270000030ADF80420002229466846FFF776FF1B
:10C2800070B1BDF800309B1BADF80030BDF8023036
:10C290009B1BADF8023029466846FFF7B5FE1FE04C
:10C2A000B4F90230ADF8023016FA83F3ADF8063077
:10C2B000002229466846FFF759FF08B901200FE020
:10C2C000BDF800309B1BADF80030BDF806301E44B1
:10C2D000ADF8066029466846FFF796FE00E00020AC
:10C2E00002B070BD0020FBE70020F9E70020F7E76F
:10C2F0000120F5E7B0F90020B1F904309A4213DCCF
:10C30000B0F90420B1F900309A420FDBB0F90220F5
:10C31000B1F906309A420BDCB0F90620B1F90230CF
:10C320009A4207DA002070470020704700207047CB
:10C3300000207047012070472DE9F04182B00C4683
:10C34000B0F90030B1F900108B4240DB06461546CB
:10C35000B0F90220B4F902108A423CDBB0F9047053
:10C36000B4F904108F4238DCB0F90680B4F9061035
:10C37000884534DC0DB901202AE0ADF80430ADF871
:10C3800006202A4601A92046FFF7F0FE00B3ADF8CB
:10C390000470B6F90230ADF806302A4601A92046ED
:10C3A000FFF7E4FEA0B1B6F90030ADF80430ADF807
:10C3B00006802A4601A92046FFF7D8FE40B1ADF815
:10C3C00004702A4601A92046FFF7D0FE00E00020B5
:10C3D00002B0BDE8F0810020FAE70020F8E7002075
:10C3E000F6E72DE9F04383B006460C4615461146A4
:10C3F0002046FFF77FFF002800F0AF80002229468B
:10C400002046FFF799FF002840F0AA80B4F9040005
:10C4100083B2B4F90070BAB29B1A9BB2E288B4F945
:10C4200002E01FFA8EFCA2EB0C0292B2B5F9028078
:10C430001FFA88F1A1EB0C0109B2002940F38A80B0
:10C44000ADF80070ADF802E0ADF80400ADF806807C
:10C450006F4603CF306071604FF0010C6188B5F911
:10C46000060087B2C91B0A4491B212B2002A1CDD31
:10C47000B4F90620904218DAB4F90020ADF8002093
:10C48000ADF80200B4F90420ADF804200F44ADF873
:10C4900006700CF1010706EBCC0E6A4603CA46F89B
:10C4A0003C00CEF804104FFA87FCB4F90270B5F9DD
:10C4B00002209742B8BF1746B4F906E0B5F9062046
:10C4C0009645A8BF9646AEEB070211B2B5F900003B
:10C4D00082B2B4F900801FFA88F9A2EB090212B205
:10C4E000002A15DD002913DDADF80080ADF80270DB
:10C4F000ADF80400ADF806E00CF1010806EBCC093C
:10C500006A4603CA46F83C00C9F804104FFA88FC92
:10C510002288B5F9040081B2521A13449AB21BB2B0
:10C52000002B13DDADF80000ADF802701144ADF83A
:10C530000410ADF806E00CF1010206EBCC046B46EA
:10C5400003CB46F83C0061604FFA82FC604603B0C2
:10C55000BDE8F0834FF0000C80E74FF0FF3CF5E7BB
:10C560004FF0000CF2E72DE9F04782B0B0F904700B
:10C57000B1F900309F424ADB80460C461646B0F9BE
:10C580000690B1F90230994546DBB0F90030B1F9B7
:10C590000420934242DCB0F90220B1F906108A422D
:10C5A0003EDC0EB9002533E0ADF80430ADF80620CE
:10C5B000324601A92046FFF7D9FD054608B10025FE
:10C5C00026E0ADF80470B8F90230ADF80630324616
:10C5D00001A92046FFF7CAFD8246C8B9B8F9003064
:10C5E000ADF80430ADF80690324601A92046FFF7B9
:10C5F000BDFD054608B155460AE0ADF80470324667
:10C6000001A92046FFF7B2FD10B9012500E0012580
:10C61000284602B0BDE8F0870125F9E70125F7E7D4
:10C620000125F5E72DE9F04F83B0044617461E4675
:10C63000884611B9B2F5807F79D022883388D21A22
:10C6400012B22280638871885B1A1BB26380B8F1D2
:10C65000000F6FD04C4B1B68434548D0B8F5616F55
:10C6600075DDA8F56165DFF82CA18AFB05234FEA8B
:10C67000E579C9EBA30909F1010B6FF0090303FB8D
:10C6800009550FFA89F000F06DFD00900FFA8BF05C
:10C6900000F068FD019009F15A0000B200F062FD5F
:10C6A00081460BF15A0000B200F05CFDC5F10A01B1
:10C6B000019B05FB03F3009A02FB01338AFB03C2D3
:10C6C000DB17C3EBA203314A136000FB05F509FB3E
:10C6D00001558AFB051AED17C5EBAA052C490D601B
:10C6E0005B1113606D110D60274BC3F80080B4F926
:10C6F0000010B4F90200B7F5807F30D0244B1B68DE
:10C7000001FB03F2214DD5F800C000FB1C2207FB02
:10C7100002F2358805EBA242228000FB03F301FB05
:10C720000C3307FB03F3728802EBA343638003B06F
:10C73000BDE8F08F07FB02F2318801EB2222228054
:10C7400007FB03F3728802EB23236380EFE7B8F162
:10C75000000F01DB454686E708F5616583E70C4B72
:10C760001B6801FB03F5094A176800FB175532885F
:10C7700002EBA522228000FB03F301FB0733728842
:10C7800002EBA3236380D2E7A000002084EF002007
:10C7900080EF00206766666683B2C0F3072040EA38
:10C7A00003208BB2C1F3072141EA032104320B04B9
:10C7B00013FA81F10A4B19404FEA004C1CFA80F041
:10C7C0001840401AD20800FB02F201EB5211194046
:10C7D00041EA114188B2C1F3072141EA00207047C4
:10C7E0001FF8E00710F0030F02D020F8021B013AF7
:10C7F0000B0413FA81F309E0036043608360C360B4
:10C80000036143618361C3612030103A102AF3D879
:10C8100002E020F8021B013A002AFAD1704708B55D
:10C820000A464FF0000323F0070323F0F80323F434
:10C83000F85323F4604301461846FFF7ADFF08BDE7
:10C84000122803D80E4B33F81000704700B583B0A0
:10C8500001900C4B00930C4B40F21D120B4902202F
:10C8600000F032FC4FF0000020F0070020F0F8004C
:10C8700020F4F85020F4604003B05DF804FB00BFE2
:10C880005C230508C4450408842305086C45040896
:10C8900000B583B012280CD84B1EDBB2042B1DD878
:10C8A00000EB80001844184B33F8100003B05DF81B
:10C8B00004FB0190154B0093154B4FF49F721549E3
:10C8C000022000F001FC4FF0000020F0070020F0F3
:10C8D000F80020F4F85020F46040E7E701910E4B97
:10C8E00000930B4B40F243120A49022000F0ECFB8C
:10C8F0004FF0000020F0070020F0F80020F4F8507E
:10C9000020F46040D2E700BF88220508C44504082F
:10C91000482305086C450408D845040800B583B0D1
:10C9200012280BD84B1EDBB2032B1CD803EB800361
:10C93000174A32F8130003B05DF804FB0190154B61
:10C940000093154B40F265121449022000F0BCFB25
:10C950004FF0000020F0070020F0F80020F4F8501D
:10C9600020F46040E7E701910D4B00930A4B4FF430
:10C97000B5720A49022000F0A7FB4FF0000020F03A
:10C98000070020F0F80020F4F85020F46040D2E7CF
:10C99000DC210508C4450408742205086C45040818
:10C9A000F8450408034601305A783A2A00D0704707
:10C9B000981CFCE72DE9F04F87B0044688461546E1
:10C9C0001F468668D6F8089033687268D6F80CA0BF
:10C9D0004068B0F802B0994550D391454ED21FFA45
:10C9E00089F19BB2C91A89B2A2EB0909ABEB010329
:10C9F000994528BF9946A94507D32A465144404640
:10CA000000F00EFE3D60002642E04A46514440469A
:10CA100000F006FE00230593AB4512D2606806695C
:10CA200005AB0093A5EB090308EB09022168B047A9
:10CA30000646059B09EB0302AA4228BF2A463A6034
:10CA400025E06068066905AB00935B4652462168A5
:10CA5000B0470646A3685A681A60A2681368059929
:10CA60000B445360A5EB09028A4228BF0A4692B2E2
:10CA7000514608EB090000F0D3FDDAE7AB4510D2D0
:10CA8000066900972B4642462168B047064626B9FC
:10CA9000A268936839680B449360304607B0BDE8DC
:10CAA000F08FBAF1000F1BD0002305936068066970
:10CAB00005AB00935B4652462168B0470646A36823
:10CAC000C3F80090A1680B68059A13444B60AA4212
:10CAD00028BF2A463A605146404600F0A1FDD6E7FD
:10CAE000584600F053FCF060A368D3F80CA0BAF1EC
:10CAF000000FD9D1064B0293064B0193064B0093CE
:10CB0000064BB7220649032000F0DEFAFEE700BF1D
:10CB1000FC2D04086C460408302E0408A8230508E0
:10CB20001846040808B50421014800F0CFF908BDF3
:10CB300068F1002038B504464068B0B1C368B3B1AD
:10CB400021689847054663685B8843B1A36833B1A1
:10CB5000D86808B100F038FCA06800F035FC00236C
:10CB600023606360A360284638BD0B25FBE70925D9
:10CB7000F9E730B585B084461C460BB1002323602D
:10CB8000DCF80400B0B10569B5B100230393438814
:10CB90005BB903AB009313460A46DCF80010A847C4
:10CBA0000CB1039B236005B030BD03AB6046FFF7BB
:10CBB00001FFF5E70B20F6E70920F4E730B583B075
:10CBC00004464068002841D013468569002D3FD0B7
:10CBD0004288002A35D0012B13D0022B23D0002B02
:10CBE00038D1A2689160A1688A680868824202D33D
:10CBF00049688A4230D96068856900232168A8475E
:10CC000022E0A26893680B449360A3689A6819684D
:10CC10008A4202D35B689A4220D960688569002302
:10CC20002168A84710E00A462168A84760B96068F3
:10CC3000C36901AA2168984730B9A368019A9A602C
:10CC400002E00A462168A84703B030BD0B20FBE78D
:10CC50000920F9E70020F7E71846F5E70020F3E799
:10CC600008B503460A46406828B1196819B1436AF5
:10CC70002BB1984708BD002313700B20FAE71370FF
:10CC80000920F7E710B50446406840B1216841B17A
:10CC9000836A43B1984700232360636010BD0B2073
:10CCA000FCE70B20FAE70920F8E708B5302100F08F
:10CCB00073FD08BD10B584B004460A4800F00EF9B3
:10CCC00010B1046004B010BD074B0293074B0193F1
:10CCD000074B0093074B40F293120749032000F0E3
:10CCE000F3F9FEE768F10020FC2D04088C460408E7
:10CCF000302E0408942305081846040810B504468D
:10CD0000084800F029F9014603E0064800F02CF934
:10CD1000014621B10B681A78A242F6D1194608469D
:10CD200010BD00BF68F100202DE9F04184B011B3BF
:10CD3000054690460E460878FFF7E0FF044620B30C
:10CD400043680BB1984758B3A768002F33D03046DB
:10CD5000FFF728FE014642462046B847431E13F11E
:10CD6000030F52D86C6028606388002B2ED10020FE
:10CD700004B0BDE8F081264B0093264B3C222649A7
:10CD8000022000F0A1F90B20F2E70196234B00935B
:10CD9000204B44222049022000F096F90320E7E7C7
:10CDA00001961F4B00931B4B4A221B49022000F0A7
:10CDB0008BF90120DCE701961A4B0093154B5022AA
:10CDC0001549022000F080F90920D1E7102000F079
:10CDD000DDFAA86060B1102100F0DEFCAB684FF016
:10CDE000FF321A60AB686FF001025A600020BFE7A3
:10CDF0000D4B02930D4B01930D4B0093054B60229D
:10CE00000549032000F060F9FEE70C20B0E700BF01
:10CE10009C460408BC23050818460408BC460408C0
:10CE2000E846040810470408FC2D0408404704089D
:10CE3000302E0408D9B1F8B506460D460878FFF73C
:10CE40005DFF0446A8B143680BB1984798B1276AC3
:10CE50009FB12846FFF7A6FD01462046B847421E6F
:10CE600012F1030F0BD8746030600020F8BD0B2066
:10CE700070470320FAE70120F8E70920F6E70C20C5
:10CE8000F4E7000010B50446D3F7DAFB58B1235C91
:10CE90002E2B05D02F2B08D05C2B08D00138F5E7BE
:10CEA000431CE01800E0034810BD0248FCE70148BD
:10CEB000FAE700BF4C5804080B4609B101685A5004
:10CEC000704711B103680433CA50704700234360B0
:10CED0008360033121F003010160704738B50446D7
:10CEE0000068083000F052FA054690B10022014671
:10CEF0002046FFF7E1FF626829462046FFF7E1FF81
:10CF0000616819B12A462046FFF7D6FF6560A3681D
:10CF10000BB1284638BDA560FBE738B5044600686C
:10CF2000083000F033FA054690B100220146204651
:10CF3000FFF7C7FFA26829462046FFF7BDFFA1689B
:10CF400019B12A462046FFF7BCFFA56063680BB104
:10CF5000284638BD6560FBE708B1406870477047F8
:10CF600008B180687047704703680433C858704739
:10CF70000368C8587047F8B5074658B30C4659B30C
:10CF8000FFF7EAFF844220D03868083000F0FEF94D
:10CF90000546C0B121463846FFF7EAFF06462A4655
:10CFA00001463846FFF78DFF324629463846FFF7DF
:10CFB00083FF2A4621463846FFF77EFF2246294650
:10CFC0003846FFF77EFF2846F8BD3846FFF786FF54
:10CFD0000546F8E70546F6E70D46F4E700283ED09B
:10CFE00070B50C460546FFF7B7FF844219D02846B6
:10CFF000FFF7B6FF844223D021462846FFF7B8FF4B
:10D00000064621462846FFF7AFFF04460246314652
:10D010002846FFF756FF324621462846FFF74CFFC9
:10D0200070BD21462846FFF79FFF0146686020B18A
:10D0300000222846FFF740FFF2E70023AB60EFE74E
:10D0400021462846FFF794FF0146A86020B1002240
:10D050002846FFF736FFE3E700236B60E0E7704701
:10D0600070B50646FFF778FF04460CE021463046CF
:10D07000FFF77AFF054621463046FFF7AFFF20460F
:10D0800000F0A2F92C46002CF0D170BD38B5054651
:10D09000FFF762FF0146002404E001342846FFF751
:10D0A00063FF01460029F8D1204638BD38B14268F7
:10D0B0000AB10020704783681BB10020704701202F
:10D0C000704701207047000005283FDC2DE9F04340
:10D0D00085B006460D4690461F46012802DC05B085
:10D0E000BDE8F0830DAB03930846D3F7A9FA0446D5
:10D0F00054B115F804C0BCF12F0F04D0BCF15C0F83
:10D1000001D0013CF4E70134FEF74EFD8146104AA0
:10D11000A2FB0032920901970E4F3B68C31A00939D
:10D120004FF47A7303FB12030B4951F826100B4896
:10D130000DF050FA03990C980DF046FB4246291960
:10D1400007480DF047FAC7F80090C8E7704700BFDE
:10D15000D34D621098F10020C823050858470408F1
:10D16000784704081C4B83FB00230344C217C2EB1F
:10D1700023234FF4B47202FB130000B2002805DB36
:10D18000592806DC154B33F910007047104400B2E3
:10D19000F6E780B2A0F15A039BB2592B06D8C0F132
:10D1A000B40000B20D4B33F910007047A0F1B40386
:10D1B0009BB2592B06D81BB2084A32F813004042E2
:10D1C00000B27047C0F5B47000B2044B33F81000E1
:10D1D000404200B2704700BFB7600BB6DC230508C1
:10D1E00070B5C0F5806C0CFB0CF4A40A04FB0CF6C3
:10D1F000B60A00FB00FE4FEA9E2E0EFB00F5AD0ABC
:10D2000001FB06F604FB00F000FB02F202EB420217
:10D21000120D0EFB0CFC03FB0CFC0CEB4C0C049BEA
:10D2200003FB05F002EB962202EB1C5202EB90206E
:10D2300070BD002815DB0023002915DB884217D9B3
:10D2400001EB4101C1EB0111B1FBF0F11033DBB295
:10D25000CAB2162A1DD92C2A11D8292A23D802206D
:10D260000EE040420123E7E70233DBB24942E5E743
:10D2700000EB4000C0EB0010B0FBF1F1E8E700204C
:10D28000252A13D80130C0B2202A0FD80130C0B2ED
:10D290000CE0012A09D9052A17D9092A17D90E2A1B
:10D2A00017D8032002E0012000E00020084413F01A
:10D2B000100F01D0C0F15A0013F0020F0ED013F07E
:10D2C000010F08D0B43080B270470120EEE7022091
:10D2D000ECE70420EAE7C0F1B400F4E713F0010F33
:10D2E000F1D0C0F5B470EEE703468C460120002172
:10D2F000B2B100B507E0521003FB0CFEA3FB033CE8
:10D300000CEB4E0C52B112F0010FF4D000FB0CFEEE
:10D3100003FB01EEA0FB03017144ECE75DF804FBA5
:10D32000704710B48A4201DB824218DD8A4201DB79
:10D33000814216DA8A4201DC824214DA8A4201DC36
:10D34000814212DD521A019CA4EB030C411A0CFB22
:10D3500001F191FBF2F2D0185DF8044B704701988F
:10D36000FAE71846F8E70198F6E71846F4E70000F0
:10D3700008B54FF4C041034802F00EF9024B1860A3
:10D3800008BD00BF9CF10020A451012008B90A4843
:10D39000704710B504460146084B186802F00BF9B7
:10D3A00048B1074B1A6814441C60064B1A68944233
:10D3B00038BF14461C6010BDA4000020A4510120F9
:10D3C000A05101209C51012008B50A4B98420CD075
:10D3D000014650B1084B186802F0FEF8074B1B6875
:10D3E000834203D91B1A054A136008BD034B002270
:10D3F0001A60FAE7A4000020A4510120A0510120E6
:10D4000010B582B069B10A460F4B98420DD0014663
:10D410000E4B186802F014F9044658B1204602B0C9
:10D4200010BDFFF7D1FF084CF8E70846FFF7AEFF45
:10D430000446F3E7064B0093064BD322064903202C
:10D44000FFF742FEEAE700BFA4000020A45101203C
:10D450000C480408B8240508B4470408002800F064
:10D46000838030B585B0044600234FF0FF300CE0D8
:10D470003E4A02EBC300837943F00103837152F803
:10D48000310036E058B20133DBB20F2B18D8194601
:10D49000364A02EBC302927912F0010FF3D1334AFC
:10D4A00002EBC3029288A242EDD3E1D00028E9DB6F
:10D4B0002E4901EBC00189888A42E4D258B2E2E7E2
:10D4C00000280DDA00230F2B35D81D46274A02EB22
:10D4D000C302927912F0010F0DD00133DBB2F2E7F3
:10D4E000224A02EBC0018B7943F001038B7152F8A1
:10D4F000300005B030BD21461C4A52F83300FFF71A
:10D500007FFF50B1194901EBC5039A7942F001023E
:10D510009A719C8041F83500EBE7154B0293154B4F
:10D520000193154B0093154B40F237121449032019
:10D53000FFF7CAFDFEE7114D114C124B00932B462D
:10D540004FF4A17221460320FFF7BEFD0E4B02935C
:10D550000E4B0193084B00932B4640F24312214699
:10D560000320FFF7B1FDFEE70020704784F00020A4
:10D57000284804087C480408302E0408A82405081C
:10D58000B447040888480408B8480408E848040870
:10D5900000230F2B0FD80F4A52F83320824202D0BB
:10D5A0000133DBB2F5E70B4A02EBC3039A7922F0B1
:10D5B00001029A71704700B583B0074B0093074B87
:10D5C0004FF4AB7206490320FFF77EFD03B05DF810
:10D5D00004FB00BF84F00020F048040894240508F0
:10D5E000B447040810B5002401E00134E4B20F2C64
:10D5F00012D80A4B53F834000028F6D0FFF7E4FEA7
:10D60000064B002243F8342003EBC403997962F3FC
:10D61000000199719A80E8E710BD00BF84F00020F6
:10D6200010B400F0030401F003039C424BD1002C22
:10D6300075D0C4F10404034657E00C781C704C7894
:10D640005C708C789C70CC78DC700C791C714C7997
:10D650005C718C799C71CC79DC710C7A1C724C7A7F
:10D660005C728C7A9C72CC7ADC720C7B1C734C7B67
:10D670005C738C7B9C73CC7BDC730C7C1C744C7C4F
:10D680005C748C7C9C74CC7CDC740C7D1C754C7D37
:10D690005C758C7D9C75CC7DDC750C7E1C764C7E1F
:10D6A0005C768C7E9C76CC7EDC760C7F1C774C7F07
:10D6B0005C778C7F9C77CC7FDC7720332031203ADD
:10D6C000202ABAD806E00346FAE711F8014B03F81E
:10D6D000014B013A002AF8D15DF8044B704711F86C
:10D6E00001CB03F801CB013C013AACB1002AF6D1E1
:10D6F00012E00C681C604C685C608C689C60CC68B4
:10D70000DC600C691C614C695C618C699C61CC6952
:10D71000DC6120332031203A202AEAD806E0034693
:10D72000FAE751F8044B43F8044B043A042AF8D8BA
:10D73000002AD1D011F8014B03F8014B013AF7E769
:10D7400010F0030309D0C3F1040303E000F8011B48
:10D75000013A013B0BB1002AF8D101EB012303EBA5
:10D76000014303EB016309E0036043608360C3602E
:10D77000036143618361C3612030203A202AF3D8DA
:10D7800002E040F8043B043A042AFAD81AB100F83F
:10D79000011B013AFAE7704710F0030316D0C3F1FA
:10D7A000040304E0002200F8012B0139013B6BB1B6
:10D7B0000029F7D10AE00023036043608360C3605F
:10D7C000036143618361C361203020392029F2D88D
:10D7D00003E0002340F8043B04390429F9D821B1BF
:10D7E000002300F8013B0139F9E7704710F003030B
:10D7F00017D0C3F1040304E0FF2200F8012B013924
:10D80000013B73B10029F7D10BE04FF0FF33036008
:10D8100043608360C360036143618361C3612030FF
:10D8200020392029F1D804E04FF0FF3340F8043BC1
:10D8300004390429F8D821B1FF2300F8013B01394C
:10D84000F9E770479A4200D2885470477047014602
:10D85000002008E000EB8000531C0B60137803EB02
:10D860004003A3F130000A681378303BDBB2092B88
:10D87000F0D970472DE9F04F83B005460E46934628
:10D880001F46DDF830A00D9CDDF838900F9B13F09B
:10D89000030F19D1A0460192C84509D202F1010B2C
:10D8A0003B4631462020A84708F101085A46F3E7D5
:10D8B000DDF804B008E0013C02F101083B463146C6
:10D8C0001AF80400A8474246002CF4D10F9B13F02D
:10D8D000020F03D1104603B0BDE8F08FA2EB0B039B
:10D8E0004B45F7D2541C3B4631462020A8472246E0
:10D8F000F4E72DE9F04385B099460C9D0D9C9DF809
:10D900003880DDF840E0119F129E16F0020F21D101
:10D910007FB116F0010F0CD0B8F1000F02D116F054
:10D920000C0F06D0013F04E04FF0300C05F804C0A6
:10D930000134744501D21F2CF6D916F0010F09D01D
:10D94000BC4207D21F2C05D84FF0300C05F804C09C
:10D950000134F2E716F0100F14D016F4806F04D1E2
:10D960001CB1744522D0BC4220D00F9B102B36D066
:10D970000F9B022B3ED01F2C0ED84FF0300C05F819
:10D9800004C001341F2C07D8B8F1000F3AD04FF073
:10D990002D0C05F804C001340396029701940095FC
:10D9A0004B46FFF767FF05B0BDE8F083B4F1010C0B
:10D9B00013D00F9B102B0ED064460F9B102BD7D18A
:10D9C00016F0200FD4D01F2CD2D84FF0580C05F8E9
:10D9D00004C00134CFE7023CC7E76446C5E716F050
:10D9E000200FEAD11F2CE8D84FF0780C05F804C0BE
:10D9F0000134C0E71F2CCFD84FF0620C05F804C0EB
:10DA00000134B8E716F0040F05D04FF02B0C05F8E1
:10DA100004C00134C0E716F0080FBDD04FF0200C51
:10DA200005F804C00134B7E7F0B591B0169C189D15
:10DA30001B9E0CB926F0100616F4806E16D064B347
:10DA40004FF0000E12E00CF1300C5FFA8CFC0EF17E
:10DA500001070EF1400EEE440EF820CCB4FBF5FCAD
:10DA6000AC421BD31F2F19D8BE466446B4FBF5FC4D
:10DA700005FB1C4C5FFA8CFCBCF1090FE3D916F0D6
:10DA8000200F08D04127BC445FFA8CFCACF10A0C93
:10DA90005FFA8CFCDBE76127F5E7274606961A9CC0
:10DAA0000594199C049403959DF85C400294019799
:10DAB00008AC0094FFF71DFF11B0F0BD2DE9F04F49
:10DAC00095B009900A910B929846DDF878B0DDF890
:10DAD0007C90229D239F269E5BEA090201D126F0BD
:10DAE000100616F480641ED05BEA09022FD00024D1
:10DAF00019E03032D3B204F1010A04F150020DEB07
:10DB0000020404F8203C2A463B4658464946D2F7D0
:10DB100057FBAB4579EB07091BD3BAF11F0F18D898
:10DB20005446834689462A463B4658464946D2F7DC
:10DB300047FBD2B2092ADCD916F0200F05D04123C9
:10DB40001344DBB20A3BDBB2D5E76123F8E74FF0C1
:10DB5000000A0696259B0593249B049303959DF844
:10DB600080300293CDF804A00CAB009343460B9A8F
:10DB70000A990998FFF7BDFE15B0BDE8F08F0000C7
:10DB80002DE9F04F93B0804617460F938B4600293E
:10DB900000F0CF8200250F9B1878002800F0CC827F
:10DBA000252809D06C1C3B462A465946C0470F9B86
:10DBB00001330F932546EEE701330F9300261FE054
:10DBC00046F0010601320F92012318E046F00206EA
:10DBD00001320F92012312E046F0040601320F9247
:10DBE00001230CE046F0080601320F92012306E003
:10DBF00046F0100601320F92012300E000234BB3E0
:10DC00000F9A1378203B102BF8D801A151F823F07C
:10DC1000E5DB0208FDDB0208FDDB0208F1DB0208A0
:10DC2000FDDB0208FDDB0208FDDB0208FDDB02086C
:10DC3000FDDB0208FDDB0208FDDB0208D9DB020880
:10DC4000FDDB0208CDDB0208FDDB0208FDDB02087C
:10DC5000C1DB02080B930F9B1A78A2F13003DBB2F1
:10DC6000092B18D92A2A1BD0DDF82CA00F9B1A7873
:10DC70002E2A25D00F9A1378683B122B5CD8DFE848
:10DC800003F0495B7B5B3B5B5B5B5B5B5B5B575BBD
:10DC90005B5B5B5B80000FA8FFF7D9FD8246E5E781
:10DCA0001C9B1A1D1C921B68002B04DB9A460F9BC1
:10DCB00001330F93DAE746F00206C3F1000AF6E7F4
:10DCC00046F480665A1C0F925A78A2F13003DBB2F8
:10DCD000092B0CD92A2ACDD11C9B1A1D1C921C6819
:10DCE00024EAE4730B930F9B01330F93C2E70FA851
:10DCF000FFF7ADFD0B90BDE746F48071531C0F9309
:10DD000053786C2B01D00E4616E046F44076023272
:10DD10000F9211E046F08001531C0F935378682B4B
:10DD200001D00E4608E046F0C00602320F9203E032
:10DD300046F4807601320F920F990878782811D82E
:10DD4000622823D3A0F16202D2B2012393408D4A0C
:10DD50001A406ABB13F4003F40F0868113F0020FB3
:10DD600040F050816C1C3B462A465946C0470F9BE9
:10DD700001330F9325460EE746F4007601320F92E9
:10DD8000DAE746F4807601320F92D5E725280AD1EA
:10DD90006C1C3B462A4659462520C0470F9B013341
:10DDA0000F932546F7E6DDD3502801D05828D9D166
:10DDB000503828285FD8DFE800F0175E5E5E5E5EB0
:10DDC0005E5E155E5E5E5E5E5E5E5E5E225E5E5EF8
:10DDD0005E5E5E5E5E5E5E5E5E62175E5E5E5E5EA6
:10DDE0005E5E150010220BE046F488764B78562BC9
:10DDF00001D0102204E001310F91102200E0022234
:10DE00000F9B1B78582B01D0502B01D146F02006D8
:10DE1000692B03D0642B01D026F00C0616F4806F1A
:10DE200001D026F00106692B2BD0642B29D0562B6C
:10DE300000F0978016F4007F40F0A68016F4807FF3
:10DE400040F0BE8016F0400F00F0CF801C9B191DE3
:10DE50001C911B780596CDF810A00B9903910292A6
:10DE60000022019200933B462A4659464046FFF75E
:10DE7000DBFD054626E026F010060A22C0E7082250
:10DE8000BEE716F4007F21D116F4807F42D116F050
:10DE9000400F58D01C9B191D1C911B7883EAE3711D
:10DEA000A1EBE3710596CDF810A00B9803900292B8
:10DEB000DB0F019300913B462A4659464046FFF747
:10DEC000B3FD05460F9B01330F9364E61C9B07339C
:10DED00023F0070303F108011C9159681B680846E9
:10DEE000002913DB0896CDF81CA00B9C0694049225
:10DEF00000220592C90F0291009301903B462A46E9
:10DF000059464046FFF7DAFD0546DBE75B4261EB29
:10DF10004100E7E71C9B191D1C911B6883EAE37114
:10DF2000A1EBE3710596CDF810A00B980390029237
:10DF3000DB0F019300913B462A4659464046FFF7C6
:10DF400073FD0546BEE716F0800F05D01C9B191D1A
:10DF50001C91B3F90030A1E71C9B191D1C911B6893
:10DF60009CE71C9B1A1D1C921B685A681268119230
:10DF70001B6800927A1B0BEB05014046FFF700FE81
:10DF800005449FE7856048001C9B073323F0070387
:10DF900003F108011C910896CDF81CA00B9906917D
:10DFA0000021049205910291D3E90023CDE90023D9
:10DFB0003B462A4659464046FFF780FD054681E725
:10DFC0001C9B191D1C910596CDF810A00B9903916F
:10DFD0000292002201921B6800933B462A46594652
:10DFE0004046FFF721FD05466CE716F0800F04D090
:10DFF0001C9B191D1C911B882CE71C9B191D1C9137
:10E000001B6827E716F002061DD001241C98031D8B
:10E010001C9305F101093B462A4659460078C04742
:10E02000A6B90F9B01330F934D46B4E502F10109E8
:10E030003B4659462020C04723464A465C1C9A4529
:10E04000F4D81546E2E701232A46F7E74A4606E0F8
:10E05000561C3B4659462020C0472C463246651C7C
:10E06000A245F5D89146DCE71C9B1A1D1C92D3F8FB
:10E0700000900B9BFBB94FF0FF324B4601E00133A0
:10E080000A46197811B1511E002AF8D1A3EB0903F1
:10E0900016F480620C9203D00B9A934228BF134669
:10E0A00016F0020409D00D94CDF838A00B9E2A4634
:10E0B0000C9D9A461FE00B9ADFE72A46254606E0AC
:10E0C000541C3B4659462020C047334622465E1C1E
:10E0D0009A45F5D82C4633460D94CDF838A00B9EC2
:10E0E0000C9D9A4607E01E4609F10109541C3B4667
:10E0F0005946C047224699F8000020B1002DF3D0C0
:10E10000731E002EEFD10D9C15465346DDF838A046
:10E1100054B90F9B01330F933DE5551C3B465946BF
:10E120002020C04723462A465C1C9A45F5D8154650
:10E13000EFE7DFF820802DE5BD4208D37A1E3B468D
:10E1400059460020C047284613B0BDE8F08F2A4644
:10E15000F5E700BF4DD802080CB410B584B00A46EC
:10E1600006AC54F8043B0394009401460348FFF7BF
:10E1700007FD04B0BDE8104002B0704745D8020862
:10E1800000B583B0009313460A4601460248FFF7E4
:10E19000F7FC03B05DF804FB45D802081080196055
:10E1A000704708B50821FFF7F7FA08BD10B582B02F
:10E1B00082884FF6FF739A4209D00446C379012B37
:10E1C0000ED808212046FFF7E7FA02B010BD064B33
:10E1D0000093064BAA2206490320FEF775FFF4E7D9
:10E1E0000068FFF7F1F8ECE760490408142505081A
:10E1F0000849040830B585B005462E4B1868E0B1D3
:10E200002D4B1B885A1C12F4404F1DD1A3F16F02F5
:10E210002A490968914229D2503B33F01F041DD18D
:10E22000274B0293274B0193274B0093274BC82280
:10E2300027490320FEF748FFFEE7204B00221A6023
:10E240001D4B70221A80DBE7224B00931F4BBD222F
:10E250001F490320FEF738FF002012E02146FFF798
:10E26000CFF880B1134A1060144B1C60124A138817
:10E27000013398B210800F4B1B6873B1A0F171028B
:10E280009D5405B030BD144B0093104BCC22104967
:10E290000320FEF719FF0020F3E7104B0293104B09
:10E2A0000193094B0093094BD42209490320FEF73F
:10E2B0000BFFFEE788EF0020A8000020A8510120F6
:10E2C000A4490408C0490408302E0408FC240508A9
:10E2D000084904087C490408D4490408DC370408C8
:10E2E000104A0408F0B583B083884FF6FF7293425A
:10E2F0000BD005460C46C179002960D001290ED00B
:10E30000076807EB810600233CE02F4B00932F4B5F
:10E31000E3222F490320FEF7D7FE002050E0C3F38D
:10E320000D03A34201D000204AE000238380C37183
:10E33000012045E00122EA714BB97288AA804BB9ED
:10E340007B682B603846FFF73FF8012038E037F84C
:10E350002120F3E73B682B60F4E70133E979994228
:10E36000F0D336F81310A142F7D057F823104CF829
:10E37000221000EB420136F813E02CF801E00132E4
:10E38000EBE70133994218D936F81320C2F30D0296
:10E39000A242F6D10229CDD0013901EB410148005A
:10E3A000FEF7F4FF844668B12860E8790138C0B20E
:10E3B000E871800000231A46D0E7002000E000202A
:10E3C00003B0F0BD0020FBE7404A0408E424050840
:10E3D00008490408F8B504460F4615461E461421A0
:10E3E000FFF7DAF9276035B1A560E660069B236187
:10E3F000079B6360F8BD014DF6E700BF81BD0208D1
:10E40000362820D8032863D30338332860D8DFE8C0
:10E4100000F05C5F5F5C5F5F5F5F5F5F5F5F5F5FE0
:10E420005F5F5F5F5F5F5F5F5F5F5F5F5F5F5F4219
:10E430005F485F5F565F5F5F3D5F5F5F5F5F5F4845
:10E440003D5F585F5F48552814D96D2840D856283D
:10E450003ED3563817283BD8DFE800F018353A3A53
:10E460003A3A3A3A3A3A18183A3A3A3A3A3A3A3A50
:10E470003A3A3A1A37282BD3373880B201238340EF
:10E48000144A1A406AB9144A1A400AB3FF20704766
:10E490004FF48070704700204FF6FF7363F30F0056
:10E4A00070474FF0000323F0070323F0F80323F431
:10E4B000F85323F46043002063F30F007047FF20FC
:10E4C00070470F2070470548704741F6FF7070474E
:10E4D000002070470020414801C08010C46B040830
:10E4E00038B58446144683884FF6FF72934219D09C
:10E4F000C07948B3012842D9DCF80050864605EBC4
:10E50000800C002326E012F4004F4DD112F4804F0E
:10E5100004D0FFF775FF2060012015E0DEF804301D
:10E520002360F9E700239CF807209A420BD9DCF816
:10E53000000000EBC30E30F83320C2F30D0081421F
:10E54000E1D00133EFE7002038BD55F823302360D8
:10E5500011E001339E4510D93CF81320C2F30D00A1
:10E560008142F6D112F4004F20D112F4804FECD04A
:10E57000FFF746FF20600120E6E70020E4E7C3F351
:10E580000D00814201D00020DEE713F4004F0FD1CF
:10E5900013F4804F04D0FFF733FF20600120D3E74E
:10E5A000DCF800302360F9E70220CDE70220CBE75A
:10E5B0000220C9E708B5FFF793FF08BDC079B0FA9C
:10E5C00080F0400970470309C0F3041013F0180FDE
:10E5D00000D00720704700002DE9F04182B090463E
:10E5E0001F4682884FF6FF739A4219D004460E46A2
:10E5F000C1F30D05C379012B4CD9006800EB8301F1
:10E6000003F1FF3CBCF1000F1ADB01EB4C0231F8C7
:10E610001CE0CEF30D0E75450CD00CF1FF3CF1E77C
:10E62000394B0093394B40F2A51239490320FEF7CC
:10E630004BFD40E000EB8C0341463046B8473AE0E2
:10E64000591C01EB41014900FEF7DAFE024690B386
:10E650002060E37900EB8301013B05E0981C31F871
:10E6600013C021F810C0013B002BF7DAE17901312A
:10E67000C9B2E17101F10043013B5B0001F180404F
:10E68000013803EB810102EB80030A444146304626
:10E69000B84708E0012B11D00123C3710346021DC6
:10E6A00041463046B8472846FFF78DFFA37901223F
:10E6B00082401343A37102B0BDE8F081C2F30D02A2
:10E6C000AA421BD0013303EB43035800FEF75EFE62
:10E6D00003460028EFD020682360E1790131C9B2F8
:10E6E000E17103EB8102B4F804C023F821C043F8C0
:10E6F000040B023241463046B847D4E70346021DB8
:10E7000041463046B847D6E7644A0408C82405089D
:10E710000849040808B5024BFFF75EFF08BD00BFBB
:10E720009DE102084FF6FF73984212D098B170280D
:10E730000AD9713880B20A4B1B6873B1094A126852
:10E74000904204D300207047074B185C7047185C58
:10E7500070471F207047002070470020704700BF9F
:10E7600088EF0020A85101202425050808B50A4695
:10E770000121FFF7CFFF08BD08B50A460321FFF7C7
:10E78000C9FF08BD08B50A460421FFF7C3FF08BD4D
:10E7900008B50A466921FFF7BDFF08BD08B50A465E
:10E7A0006A21FFF7B7FF08BD08B50A461021FFF739
:10E7B000B1FF08BD08B50A461121FFF7ABFF08BD40
:10E7C00008B50A461221FFF7A5FF08BD08B50A469D
:10E7D0001321FFF79FFF08BD08B50A461421FFF774
:10E7E00099FF08BD08B50A461521FFF793FF08BD3C
:10E7F00008B58AB22021FFF78DFF08BD08B50A468B
:10E800002121FFF787FF08BD08B58AB23021FFF745
:10E8100081FF08BD08B50A463121FFF77BFF08BD1F
:10E8200008B50A463221FFF775FF08BD08B50A464C
:10E830003321FFF76FFF08BD08B50A463421FFF703
:10E8400069FF08BD08B50A463521FFF763FF08BD1B
:10E8500008B58AB23621FFF75DFF08BD08B50A4644
:10E860003721FFF757FF08BD08B50A463821FFF7E3
:10E8700051FF08BD08B50A464021FFF74BFF08BD10
:10E8800008B50A464221FFF745FF08BD08B58AB220
:10E890004421FFF73FFF08BD08B50A464521FFF7B1
:10E8A00039FF08BD08B50A464921FFF733FF08BD07
:10E8B00008B58AB24D21FFF72DFF08BD08B50A46FD
:10E8C0005021FFF727FF08BD08B50A465121FFF781
:10E8D00021FF08BD08B58AB25221FFF71BFF08BD12
:10E8E00008B58AB25521FFF715FF08BD08B50A46DD
:10E8F0005921FFF70FFF08BD08B50A465B21FFF756
:10E9000009FF08BD08B50A460B21FFF703FF08BD44
:10E9100008B50A461721FFF7FDFE08BD08B50A46EF
:10E920006221FFF7F7FE08BD08B50A466321FFF72D
:10E93000F1FE08BD08B50A466521FFF7EBFE08BDEC
:10E9400008B50A466721FFF7E5FE08BD08B50A4687
:10E950000A21FFF7DFFE08BD10B504464068FDF749
:10E9600027F92368834201D9181A10BD0020FCE75B
:10E97000F0B585B006460F4615461248FEF7AEFACA
:10E9800098B10446076086604FF0FF330361037D52
:10E9900023F001030375FDF707F96060E5600A4B9A
:10E9A00001221A70204605B0F0BD084B0293084BB7
:10E9B0000193084B0093084BAC2208490320FEF753
:10E9C00083FBFEE78CF10020B9510120FC2D0408E7
:10E9D000E44A0408302E0408982505088C4A0408E7
:10E9E00010B5044601460548FEF7F8FA044B01222B
:10E9F0001A702046FEF7E8FC10BD00BF8CF1002025
:10EA0000BA51012038B5037D13F0010F02D0002563
:10EA1000284638BD0446FFF79FFF70B92569002DD1
:10EA200001DD6B1E2361FDF7BFF86060A36883B151
:10EA30008DB120469847012500E00025074B1B7843
:10EA4000002BE5D12369002BE2D12046FFF7C8FF58
:10EA5000DEE70125F2E70125F0E700BFBA5101200A
:10EA600070B582B0494B1B78002B40F08A80474B31
:10EA700001221A70464B1B7823B9444B00221A70AE
:10EA800001267FE0FDF790F8054600282AD1414A8B
:10EA9000136801331360642B24D9134600221A60D3
:10EAA0003D4B00933D4B5E223D490220FEF70CFB9F
:10EAB00018E03C4B1C603B4B196881B13A48FEF7AB
:10EAC00053FA0446374B1868FFF79CFF0028F0D034
:10EAD000364B1B781BB9364B1B78002BE9D0314BDA
:10EAE0001B6853B10023324A1370304A13702E480A
:10EAF000FEF732FA2B4B1860DDE72B48FEF72CFAB5
:10EB000004464FF0FF3604E021462748FEF72CFA72
:10EB1000044654B1237D13F0010FF5D12046FFF7D1
:10EB20001BFF8642F0D90646EEE72846FDF740F87F
:10EB3000204A1368034413601F4B1868FDF738F828
:10EB4000B0F5FA7F17D31B4B1B68642202FB03F35B
:10EB5000B3FBF0F3DBB2194A1370642B0FD8C3F187
:10EB60006403DBB2154A1370124B00221A60FDF7E2
:10EB70001BF8114B1860054B00221A7002E00023AD
:10EB8000F0E70126304602B070BD00BFB851012049
:10EB9000BC510120B4510120F84A0408A8250508F9
:10EBA0008C4A040804F100208CF10020B9510120A6
:10EBB000BA510120B0510120AC510120BB510120BC
:10EBC000037D43F0010303757047037D23F00103C8
:10EBD0000375704710B50446FCF7E6FF2368C31AB7
:10EBE000013B636010BD0000014B1870704700BF0F
:10EBF000BC51012008B518210348FEF767F9012030
:10EC0000FFF7F2FF08BD00BF8CF10020406820F044
:10EC100003007047436803F003030B4343607047EE
:10EC200008B5FFF7F3FFB0FA80F0400908BD40686F
:10EC300000F001007047436843F0010343607047F0
:10EC4000436823F0010343607047406800F002000E
:10EC50007047436843F0020343607047436823F002
:10EC60000203436070470838704708307047084413
:10EC7000704710B50C46FFF7C9FF1034A04234BFEF
:10EC80000020012010BD8060C0600021016108E00B
:10EC900003EB41120E3240F8220001331F2BF7DD47
:10ECA0000131082905DC0A1D00EB820200235360B4
:10ECB000F4E7704730B583B00446FFF7D6FF05464A
:10ECC0002046FFF7A3FF011F2846FFF7D0FF0546A8
:10ECD0002046FFF7A5FF10B9284603B030BD064B0C
:10ECE0000193064B0093064B40F2C91205490320DD
:10ECF000FEF7EAF9FEE700BF784B0408FC3B040886
:10ED0000FC260508204B040810B50446FFF7D2FF87
:10ED1000046010BD10B50446FFF7F6FFFFF799FF3A
:10ED20002046FFF788FF10BD10B50446FFF7C2FF6D
:10ED3000FFF794FF2046FFF783FF10BD4B1E0B42E9
:10ED400002D149420840704700B583B0054B01939A
:10ED5000054B0093054B4FF4F67205490320FEF76F
:10ED6000B3F9FEE7904B0408FC3B0408DC260508D9
:10ED7000204B0408084401384B4218404B1E0B42FC
:10ED800000D1704700B583B0054B0193054B00934C
:10ED9000054B4FF4FA7205490320FEF795F9FEE79B
:10EDA000904B0408FC3B0408BC260508204B0408D3
:10EDB0002DE9F04182B016461F4603EB42120E3297
:10EDC00050F82230D3B104460D4619B38B60C860A9
:10EDD000D9600846FFF749FF80460421FFF7CAFFC4
:10EDE000804523D01C4B01931C4B00931C4B4FF4CC
:10EDF0001B721C490320FEF767F9FEE71A4B0193CB
:10EE0000164B0093164B40F2662216490320FEF77C
:10EE10005BF9FEE7154B0193104B0093104B40F24A
:10EE2000672210490320FEF74FF9FEE707EB461370
:10EE30000E3344F823502269012303FA06F10A43F2
:10EE40002261043604EB86046268BB401A436260A8
:10EE500002B0BDE8F08100BF3C4C0408FC3B040854
:10EE6000C8260508204B0408D04B0408004C0408B1
:10EE700030B583B0CD688C685DB1B4B1E560AC608D
:10EE800003EB42150E3550F825508D4219D003B0D2
:10EE900030BD194B0193194B0093194B40F24D2291
:10EEA00018490320FEF710F9FEE7174B0193134BA7
:10EEB0000093134B40F24E2212490320FEF704F94F
:10EEC000FEE703EB42110E3140F82140A042DED1B3
:10EED000141D00EB84046168012505FA03F321EA9F
:10EEE00003036360002BD2D1036905FA02F223EA1F
:10EEF00002030361CBE700BFA04C0408FC3B0408FD
:10EF0000A8260508204B0408CC4C04084B1E0B42D5
:10EF100004D10844013849420840704700B583B025
:10EF2000054B0193054B0093054B4FF4F3720549D4
:10EF30000320FEF7C9F8FEE7904B0408FC3B0408E9
:10EF40008C260508204B040808B500B908BDFFF75A
:10EF5000DDFFB0F5004F03D20C2838BF0C20F5E7D9
:10EF60000020F3E72DE9F04182B007460E46FFF797
:10EF70007CFE311FFFF77BFE80463846FFF746FEDA
:10EF8000831B1D1F4046FFF770FE04460421FFF758
:10EF9000F1FE84420BD01F4B01931F4B00931F4B7C
:10EFA00040F295221E490320FEF78EF8FEE7384610
:10EFB000FFF72CFE7319043398420BD0194B0193C1
:10EFC000154B0093154B4FF4267215490320FEF79D
:10EFD0007BF8FEE729464046FFF71CFE4046FFF758
:10EFE00015FE0B280BD8104B01930B4B00930B4BCA
:10EFF00040F29A220A490320FEF766F8FEE73146FE
:10F000003846FFF707FE4046FFF784FE404602B051
:10F01000BDE8F081F84C0408FC3B040830260508E4
:10F02000204B04086C4D0408AC4D040810B582B0A8
:10F030000446FFF70AFE10B1206802B010BD064B6F
:10F040000193064B0093064B4FF4E07205490320F1
:10F05000FEF73AF8FEE700BFF84D0408FC3B040851
:10F0600000260508204B040830B583B004460D4641
:10F07000FFF7D6FD58B10C4B01930C4B00930C4B92
:10F0800040F2A5220B490320FEF71EF8FEE72846B2
:10F09000FFF7BCFD021D6368134463602046FFF761
:10F0A00033FE204603B030BD344E0408FC3B040858
:10F0B000F0250508204B040828B1B0FA80F0C0F113
:10F0C0002000013870470020FBE770B504460D466C
:10F0D00016467F2809D80346002804DB9C10002030
:10F0E0002860346070BDC31CF8E7FFF7E5FF431FDD
:10F0F000DC4084F020040638F2E730B583B00546E2
:10F100000C460846FFF782FD6A4601A9FFF7DDFFBE
:10F11000009B019A21462846FFF74AFE03B030BD06
:10F1200070B582B006460C4615460846FFF77FFDCF
:10F1300030B129462046FFF79CFD68B902B070BD8A
:10F140000D4B01930D4B00930D4B4FF433720D4952
:10F150000320FDF7B9FFFEE729462046FFF702FF2F
:10F1600005462046FFF7D0FD2846FFF772FD2946E9
:10F170003046FFF7C2FFE1E76C4E0408FC3B040891
:10F180003C260508204B040810B582B00C46B1B1EE
:10F190005AB90C4B01930C4B00930C4B40F21132BB
:10F1A0000B490320FDF790FFFEE7FFF7B9FF20466C
:10F1B000FFF7BAFD2046FFF758FD02B010BD084624
:10F1C000FBE700BF9C4E0408FC3B04084C260508E6
:10F1D000204B040830B583B005460C460846FFF7BF
:10F1E00015FD6A4601A9FFF770FF009B019A2146B1
:10F1F0002846FFF73DFE03B030BD000070B582B079
:10F2000005460C460846FFF720FD10B9204602B01F
:10F2100070BD2046FFF70AFF064670B1FFF707FDF5
:10F22000B8B9114B0193114B0093114B40F2B2222C
:10F2300010490320FDF748FFFEE70F4B01930B4BEE
:10F2400000930B4B40F2B1220A490320FDF73CFF2B
:10F25000FEE731462846FFF7BDFF21463046FFF75F
:10F2600003FF0446D2E700BFE84E0408FC3B040855
:10F270000C260508204B0408BC4E040870B582B06B
:10F2800005460C460846FFF715FD98B10646FFF700
:10F29000CEFC20B32046FFF7C3FCB8B1114B01935D
:10F2A000114B0093114B40F2C12211490320FDF78D
:10F2B0000BFFFEE70F4B01930B4B00930B4B40F200
:10F2C000BE220B490320FDF7FFFEFEE7314628462C
:10F2D000FFF780FF31462046FFF7C6FE0446204672
:10F2E00002B070BD5C4F0408FC3B0408DC25050837
:10F2F000204B0408304F040870B582B006460C4617
:10F3000015460846FFF793FC30B929462046FFF71B
:10F31000B0FC68B902B070BD0D4B01930D4B00936A
:10F320000D4B4FF436720D490320FDF7CDFEFEE77D
:10F3300029462046FFF716FE0446FFF78FFC2146BC
:10F340003046FFF79BFF01463046FFF7D6FEE1E768
:10F35000944F0408FC3B0408BC250508204B040816
:10F3600070B504460D4616467F2806D9FFF7A4FE61
:10F37000053801238340013B1C4432462946204680
:10F38000FFF7A3FE70BD034690FAA0F0B0FA80F03C
:10F390000BB94FF0FF307047F0B583B00546164605
:10F3A0000C681268231D00EB830358684FF0FF338D
:10F3B0009340184010D10F46286901344FF0FF33B5
:10F3C000A34018401ED0FFF7DEFF04463860031D3F
:10F3D00005EB8303586848B1FFF7D5FF306000EBB9
:10F3E00044130E3355F8230003B0F0BD064B0193D0
:10F3F000064B0093064B4FF4107206490320FDF7AD
:10F4000063FEFEE70020EFE7C44F0408FC3B04085E
:10F4100060260508204B040870B584B000230393D0
:10F42000029339B304460E4602AA03A93046FFF7F9
:10F4300097FF039B082B21DC02AA03A92046FFF7B4
:10F44000ABFF0546B8B1FFF7E1FBB0420BD20C4B66
:10F4500001930C4B00930C4B40F206320B490320F6
:10F46000FDF732FEFEE7029B039A29462046FFF78E
:10F47000FFFC00E00025284604B070BD0025FAE737
:10F4800000500408FC3B040878260508204B0408BB
:10F490004FF497607047082070470000F0B585B0C2
:10F4A00007460C461646FFF7F6FF05460421301ABC
:10F4B000FFF744FC14F0030F29D10646A0F10C021B
:10F4C00047F6F4739A422FD86FF003012046FFF7F6
:10F4D000CEFB05463146FFF79DFB2846FFF7ABFB09
:10F4E0002846FFF7BBFB29463846FFF706FE2846AD
:10F4F000FFF70AFC05460021FFF78CFB2846FFF7C3
:10F500009FFB2846FFF7A5FB204605B0F0BD04236E
:10F5100001930E4B00930E4B4FF474720D49032070
:10F52000FDF7D2FD0020F0E705F10C0305F50045DD
:10F5300002950193084B0093054B40F2DB320549DD
:10F540000320FDF7C1FD0020DFE700BF1C500408C9
:10F55000E8260508204B04085450040810B582B072
:10F5600010F0030F05D10446FFF78DFB204602B0D3
:10F5700010BD04230193054B0093054B40F22D422F
:10F5800004490320FDF7A0FD0020F0E79450040893
:10F5900098260508204B040870B505460E46FFF76F
:10F5A000DDFF0446FFF774FF321A29182046FFF7E3
:10F5B00075FF204670BD38B5044608460421FFF7A4
:10F5C000C3FC054601462046FFF726FF01462A46B2
:10F5D0002046FFF7D9FD38BD70B582B031B305467E
:10F5E0000846FFF740FB0446FFF721FB58B1104BDC
:10F5F0000193104B0093104B40F28E420F490320B1
:10F60000FDF762FDFEE766682046FFF783FB2146B3
:10F610002846FFF7F3FD01462846FFF72FFE014677
:10F620002846FFF76AFD304602B070BD0026FAE7B3
:10F63000CC500408FC3B040820260508204B040895
:10F640002DE9F04F83B005461446002940D0894685
:10F65000BAB30846FFF707FB0746FFF72BFB8246C6
:10F660003846FFF7D3FA06465046FFF7CFFA83191C
:10F6700003F1040B04212046FFF766FC8046B442E8
:10F6800001D9002846D03846FFF7D1FA28BB4645B5
:10F690002FD25046FFF7CBFA08B1C34529D22146F5
:10F6A0002846FFF788FF074670B12246B44228BFBC
:10F6B00032464946FDF7B4FF49462846FFF78CFF1E
:10F6C00002E0FFF789FF0027384603B0BDE8F08F5E
:10F6D0001146FFF770FF0746F6E70F4B01930F4BFC
:10F6E00000930F4B40F2BF420E490320FDF7ECFCA4
:10F6F000FEE7464506D3424639462846FFF7FCFD5D
:10F700004F46E1E739462846FFF7B8FD3846FFF790
:10F710000BFBF0E70027D7E7CC500408FC3B0408BC
:10F72000CC250508204B0408037890F90020002A16
:10F730000DDA03F0E002C02A0BD003F0F002E02A59
:10F7400009D003F0F803F02B07D000207047012008
:10F7500070470220704703207047042070477F28BD
:10F760004ED982B0B0F5006F13D2C0F3841343F0CA
:10F77000C0038DF8043000F03F0040F080008DF8A9
:10F78000050000238DF806308DF80730019802B08F
:10F790007047B0F5803F15D2C0F3033343F0E00368
:10F7A0008DF80430C0F3851343F080038DF80530E5
:10F7B00000F03F0040F080008DF8060000238DF837
:10F7C0000730E3E7B0F5881F18D2C0F3824343F057
:10F7D000F0038DF80430C0F3053343F080038DF857
:10F7E0000530C0F3851343F080038DF8063000F038
:10F7F0003F0040F080008DF80700C7E70020C6E713
:10F80000704700B583B08646002301938C4669B1EA
:10F81000DCF800201EF802001EF90230002B08DB85
:10F820000132CCF8002003B05DF804FB0DF1040CAC
:10F83000EEE700F0E003C02B0CD000F0F003E02B6B
:10F840001BD000F0F803F02B36D00132CCF80020AA
:10F850000020E8E7830103F4F863511CCCF80010A2
:10F860001EF8011001F0C000802852D101F03F01C4
:10F87000C8180232CCF80020D5E703039BB2511C14
:10F88000CCF800101EF8011001F0C000802842D111
:10F89000890101F47C611944931CCCF800301EF8F6
:10F8A000030000F0C003802B37D100F03F00084474
:10F8B0000332CCF80020B6E7830403F4E013511CB4
:10F8C000CCF800101EF8011001F0C000802826D1ED
:10F8D000090301F47C311943931CCCF800301EF865
:10F8E000033003F0C00080281BD19B0103F47C632C
:10F8F0001944D31CCCF800301EF8033003F0C000CC
:10F90000802810D103F03F0008440432CCF80020D6
:10F9100089E7002087E7002085E7002083E70020B3
:10F9200081E700207FE700207DE7000070B582B00E
:10F9300006460D460B68013B0B60002404E00138CD
:10F9400028600134E4B26BB9032C13D828680B4B40
:10F950001B683044984703460028F2D128680028E5
:10F96000EDD108E02B680193054B1B6801A93046D7
:10F97000984700E0002002B070BD00BFC400002026
:10F98000BC000020F8B506460F460024254601E0DD
:10F990001C440135BD420AD23019335D3BB1054BE1
:10F9A0001B68984703460028F2D10123F0E7204660
:10F9B000F8BD00BFC400002070B582B006460D46F9
:10F9C0000024019405E0064B1B6801A930469847C6
:10F9D0000134019BAB42F6D3204602B070BD00BF9C
:10F9E000BC00002030B583B005460024019405E03A
:10F9F000064B1B6801A9284698470134019BEB5C24
:10FA0000002BF5D1204603B030BD00BFBC00002064
:10FA10000346232904D000201A78012A12D0704707
:10FA2000027812B901201870F6E7012A03D0022AE1
:10FA300004D00020F0E700201870EDE700220270EB
:10FA40000120E9E7202901D00120E8E702221A700D
:10FA5000012070472DE9F04F89B002910392049381
:10FA60009DF848A09DF854B0002800F09A80074601
:10FA70000378002B00F09880002900F09B801AF09A
:10FA8000020F02D041F6FF730493002607960696F4
:10FA90004B4B1B6807A9384698470446079B0693BB
:10FAA0004FF0FF38B14635460196CDF814B036E038
:10FAB000019A21460298FBF7D7FC02B2284483B290
:10FAC00005B2002A02DD039A13441DB2B8F1FF3FCC
:10FAD00012D00A2C3CD00D2C3AD0A4F59C4245F211
:10FAE000A5139A4234D90023364AD25C5AB19442C3
:10FAF0002CD00133DBB2F7E7039BEB1A049A934255
:10FB0000E7DDB046E5E7002313BB139B13B1B8F163
:10FB1000FF3F32D0079E069B0793D946019CBB5DF1
:10FB20006BB3274B1B6806A938469847019009F12B
:10FB3000010B1AF0010FBBD021461498FFF768FFA4
:10FB40000028B5D0079E069B0793E6E70123DBE775
:10FB5000DDF814B02EB9B8F1FF3F05D1139B03B106
:10FB60001D60B8F1FF3F0DD0BBF1000F1ED1139BFC
:10FB70001BB300211960884618E01D60CAE7DDF854
:10FB800014B0EEE7B9F1000F08D00D2C01D0B0464B
:10FB90000CE0019B0A2B01D0B04607E0DDF81C8089
:10FBA00004E04FF0000801E04FF00008404609B0C3
:10FBB000BDE8F08F4FF00008F8E74FF00008F5E7D8
:10FBC000BC000020045104082DE9F04F89B006461E
:10FBD000884691461D46DDF848B09DF84CA0BBF123
:10FBE000000F02D00023ABF80030002E68D033782D
:10FBF000002B67D0B8F1000F66D01AF0060F5DD168
:10FC000000278DF81F700697069C3019335D53B39B
:10FC1000002D28DD00230593B4FA84F464090394CD
:10FC20000DF11F03029305AB0193CDF800A02B4605
:10FC30004A464146FFF70EFFBDF81430ED1A2DB2CB
:10FC40003B441FB2034670B1069A134406933278C0
:10FC50000A2A08D00D2A06D0F25C0A2A01D00D2A01
:10FC6000D2D101330693069B6BB9184B1B6806A9CA
:10FC7000304698470146BBF1000F09D000224046AC
:10FC8000FBF7F2FB07B2BBF1000F01D0ABF800703D
:10FC9000069809B0BDE8F08F0130335C0A2B03D021
:10FCA0000D2B01D0002BF7D103B10130BBF1000FB8
:10FCB000EFD04FF6FF73ABF80030EAE70020ECE737
:10FCC0000020E6E70020E4E70020E2E7BC00002097
:10FCD00030B32DE9F041884617460646F2B1D0F719
:10FCE000AFFC04463846D0F7ABFC0546B0B104443F
:10FCF0000C4B1B6841463046984703E0631BF35C9E
:10FD00003355013C2B18A342F8D9064404E017F8F8
:10FD1000013B06F8013B013D002DF8D1BDE8F08123
:10FD2000704700BFB4000020D8B12DE9F0410C4667
:10FD300090460546D0F784FC06460A4F3B682146AC
:10FD40002846984704463B6841462818984703E0F0
:10FD50002318EB5C2B550134331AA342F8D2BDE8CB
:10FD6000F0817047B40000202DE9F04186B00546CF
:10FD70000C4605910B46024600210846FEF700FAA4
:10FD8000064600F101084046FDF700FB58B1074662
:10FD90000023835523462A464146FEF7F1F93846AB
:10FDA00006B0BDE8F081074B0293074B0193074B68
:10FDB0000093074B40F2E11206490320FDF784F956
:10FDC000FEE700BFFC2D040864510408302E04082F
:10FDD000082705080C510408F8B507460E461546D5
:10FDE0001C46074B1B6821469847306028B12068A5
:10FDF000034B1B680021384498472860F8BD00BFBA
:10FE0000BC0000202DE9F04385B09DF8308000282B
:10FE10003BD00C4615461E460746002A38D00378CC
:10FE2000002B38D0002303938DF80B3011BB99467B
:10FE300033E0019A00992846FBF716FB03B2002B2A
:10FE400004DD484416FA80F00FFA80F9039BA342C0
:10FE500013D203AB01AA69463846FFF7BDFF18F07D
:10FE6000010FE6D000990DF10B00FFF7D1FD00283E
:10FE7000DFD0EBE74FF00009E8E7B9F1000F0CDD48
:10FE8000A9EB06060FFA86F907E04FF0000904E037
:10FE90004FF0000901E04FF00009484605B0BDE809
:10FEA000F08300002DE9F04F87B004460393BDF9BD
:10FEB00040A0BDF944309DF848600020208060805B
:10FEC000002942D093468846002A3ED016F0020F01
:10FED00001D041F6FF73BBF908701FFA87F90025BE
:10FEE0000597049308EB050718F8053083B30196CE
:10FEF00000230093049B039A59463846FFF764FE9B
:10FF000001460544B4F9023003EB09025244B2F54C
:10FF1000004F12D219FA83F39BB26380534463807B
:10FF20000096039B5A463846FFF76CFFB4F9003041
:10FF30008342B8BF03462380D4E7124B0093124B91
:10FF40006F2212490220FDF7BFF807B0BDE8F08F1D
:10FF5000059F65B1A84418F8013C0A2B01D00D2B70
:10FF600005D1628809EB0A0312FA83F36380B4F9BE
:10FF700002300BB96780E8E79BB2A3EB0A0363800A
:10FF8000E3E700BF74510408202705080C5104085A
:10FF90002DE9F0478146884614461F46DDF820A02B
:10FFA00007E014F0010F0CBF012400242C1B06EB0A
:10FFB00007085CB1650807FB058631464846D0470F
:10FFC0000028EEDC002802DA2C46F2E70026304654
:10FFD000BDE8F087828C90F8343013F0060304D12A
:10FFE000038D13449AB210B27047042B21D0022B18
:10FFF000F9D110B5818DB0F92C40438D994202D2D0
:020000040803EF
:1000000001F5B4710CB2B0F828C0B0F928E0C18C89
:100010008C4503D20CF5B47E0FFA8EFE234403EB1D
:10002000D3735810B1EB630F07DA11448AB210B2E0
:1000300010BDC38C13449AB2D5E7864503DD9444C2
:100040001FFA8CF2F3E7104482B2F0E700B5B0F883
:100050002AE0838D9E4503D2F4468E4505D906E0FD
:10006000CEF5B47E73444FF0000C8B4229D29445F8
:1000700042D0944506D3C2F5B47E8E4502D8B1F580
:10008000B47F4DD9944508D2ACEB020E0EF5B47E88
:100090008E4502D8B1F5B47F4FD91A44B2F5B47F7A
:1000A00004D88C449C4501D3624553D2B2F5B47F49
:1000B0006AD9A2F5B4728A4268D38B4257D3002022
:1000C00011E0A3EB0C03B1EB530F0ED890F83430D2
:1000D00043F0080380F8343090F8343043F01003D4
:1000E00080F8343001205DF804FB90F8343023F0C0
:1000F000080380F83430EFE7A2EB0C0EAEEB030EF2
:100100001EF5B47FB5D090F8343043F0080380F882
:100110003430DBB243F0100380F834300120E2E7E2
:1001200090F8343043F0080380F83430DBB223F029
:10013000100380F834300120D5E790F8343043F0D4
:10014000080380F83430DBB223F0100380F8343039
:100150000120C8E790F8343023F0080380F83430E9
:10016000DBB223F0100380F834300120BBE790F8B5
:10017000343023F0080380F83430DBB223F010036E
:1001800080F834300120AEE70020ACE70020AAE779
:100190002DE9F04F83B004460E4617461222002187
:1001A000E7F77EFF01900FFA80FB13220021204623
:1001B000E7F776FF0FFA80F9102200212046E7F7D3
:1001C0006FFF00900FFA80FA112200212046E7F716
:1001D00067FF0FFA80F82046E5F737F9A0EB0B052B
:1001E000A5EB09052046E5F737F9A0EB0A00A0EBDF
:1001F000080085421CDA2046E5F727F9A0EB0B033F
:10020000A3EB090303EBD37343F34F03A18A9AB221
:100210001144019810FA81F13180E18A0A44009971
:1002200011FA82F2728007B13B8003B0BDE8F08F13
:100230002046E5F711F9A0EB0A03A3EB080303EB53
:10024000D37343F34F03E1E770B5054640224FF403
:100250004031E7F725FF044643224FF4403128465A
:10026000E7F71EFF14FA80F4A4B241224FF44031A4
:100270002846E7F715FF00B200282EDD41224FF493
:1002800040312846E7F70CFF00B20444A4B24222F2
:100290004FF440312846E7F703FF00B2002825DD80
:1002A00042224FF440312846E7F7FAFE00B20444F8
:1002B00024B235224FF440312846E7F7F1FE0646D6
:1002C00038224FF440312846E7F7EAFE16FA80F06C
:1002D00000B2A042B8BF204670BD41224FF4403169
:1002E0002846E7F7DDFE00B24042CEE742224FF457
:1002F00040312846E7F7D4FE00B24042D7E72DE967
:10030000F04F83B0074689461446984650224FF472
:100310000031E7F7C5FEC0F3C03303FA80F0C0F345
:100320004F06A41B24B23846FFF754FE82465A30CB
:1003300000B2FCF717FF00FB04F5ED135046FCF785
:1003400011FF00FB04F4E41312224FF4403138464D
:10035000E7F7A6FE834613224FF440313846E7F70D
:100360009FFE824610224FF440313846E7F798FE50
:10037000019011224FF440313846E7F791FEB9F869
:100380000030ADB22B449BB2A3EB0B039BB29B1B83
:10039000A8F80030B9F800301D441AFA85F516FAAD
:1003A00085F5A8F80450B9F80230A4B223449BB2F2
:1003B000019A9B1A9BB29B1BA8F80230B9F8023035
:1003C0001C4410FA84F416FA84F4A8F8064003B02A
:1003D000BDE8F08F2DE9F041AAB00546E0F722FF15
:1003E00004462846E0F7C2FF06460DF1A20229A9FD
:1003F0002046FFF7CDFE314616A8E4F708FEBDF90A
:10040000A230002B59DC12224FF400312046E7F7CE
:1004100047FE07B213224FF400312046E7F740FEB3
:1004200005B210224FF400312046E7F739FE0FFAEB
:1004300080F811224FF400312046E7F731FE03B275
:100440004345B8BF4346BD42B8BF3D46AB42B8BFC7
:100450002B469BB2BDF8A250ED1A2DB2002D5DDCEB
:1004600010AF3B46BDF9A22029A92046FFF747FF60
:1004700002AD2846ECF732FB2A464FF440312046C5
:10048000E4F7C0FA4FF440332393404B1793022311
:10049000189319971A9516AA1A212046E0F798FE84
:1004A0003A4629463046ECF75BFB16AA1B2120464C
:1004B000E0F78EFE2AB0BDE8F08112AD2846E9F7DC
:1004C00069FF2A4600212046E4F7EBFC0023239332
:1004D0002E4A1792189329AF1F97BDF8A230ADF896
:1004E00094301E9516AA1A212046E0F771FEBDF938
:1004F0009430628DA08CA18D014489B20191024497
:1005000092B200929BB23A4629463046E9F757FF2D
:1005100016AA1B212046E0F75BFE74E712AF3846AF
:10052000E9F738FF3A464FF400312046E4F7B9FCCA
:100530004FF400332393154B17930123189329ABE2
:100540001F93ADF894501E9716AA1A212046E0F783
:100550003FFEBDF94A20BDF994309A4201DDADF865
:100560004A30E28CA08C218D014489B20191024471
:1005700092B200929BB229AA12A93046E9F71FFF56
:1005800016AA1B212046E0F723FE69E7402705084D
:1005900038B50C4600258D8487234B852D228A850E
:1005A000CB844FF487730B8591F8343065F34203A5
:1005B00081F834304FF40043CB8591F8343043F068
:1005C000080381F834300D8664234B8691F834306B
:1005D00065F3000381F834304FF434738B63FBF719
:1005E000E3FAE063B4F92830A4F8403094F83430EA
:1005F00065F3041384F8343002212046E3F7F8FF52
:100600004FF444712046E3F763FD0D212046E5F7E2
:100610004BFD38BD2DE9F04188B006460C46154625
:100620001F46E5F715FD002847D0AC4245D0B4F58C
:10063000B47F02D9A4F5B474A4B2B5F5B47F02D9DD
:10064000A5F5B475ADB2B28C1444A4B22A441FFA15
:1006500082F8B4F5B47F02D9A4F5B474A4B2B8F5A5
:10066000B47F03D9A8F5B4721FFA82F80DF11E0207
:1006700006A93046FFF78CFD502239463046E7F791
:100680000FFD05B2512239463046E7F709FD003823
:1006900018BF012004AF039702900195CDF80080A8
:1006A0002346BDF81E20BDF91A10BDF91800E9F760
:1006B0009DFE39463046E5F77EFA08B0BDE8F08188
:1006C00010B584B004460DF10A0203A9FFF760FDDE
:1006D0006B46BDF90A2003A92046FFF710FE20460D
:1006E000FFF7B2FD011E05DC69462046E5F763FA17
:1006F00004B010BD0A466846FBF7CCFCF4E738B5F9
:1007000004460D46B1F5B47F02D9A1F5B475ADB27A
:10071000238DE18C5A1A1FFA82FC12B25B1B98B22D
:100720001BB2002A13DB002B16DB981A0028B8BF77
:100730004042B42814DC9A421DDC9A4213DA4FF48A
:1007400000330A4629462046FFF764FF0BE00CF50C
:10075000B47C0FFA8CF2E6E700F5B47003B2E4E77C
:100760002046E5F750FA2046FFF7AAFFE584204629
:10077000FFF7A6FF38BD4FF400332A462046FFF7A7
:1007800049FFF0E738B504460D46B1F5B47F02D90C
:10079000A1F5B475ADB2218DE38CCA1A1FFA82FCA3
:1007A00012B2EB1A98B21BB2002A12DB002B15DB37
:1007B000981A0028B8BF4042B42813DC9A421CDCC7
:1007C0009A4212DA4FF400332A462046FFF722FFFE
:1007D0000BE00CF5B47C0FFA8CF2E7E700F5B4708F
:1007E00003B2E5E72046E5F70EFA2046FFF768FF7B
:1007F00025852046FFF764FF38BD4FF400330A46D5
:1008000029462046FFF706FFEFE738B504460D46B8
:100810001146FFF7B7FF29462046FFF770FF38BDA6
:10082000F0B583B00446B0F92E0010F5004F5DD04E
:10083000A28DB4F92C30658DAA4202D202F5B472B1
:1008400013B294F83420C2F34102012A0ED0022AD6
:100850003DD0002A4CD001922D4B00932D4B40F2FD
:100860006E322D490220FCF72FFC3FE0EA1802EB24
:10087000D272561042F34F07B4F93010B4F9322057
:1008800001EB020C0CEBDC7C4CF34F0C60450EDAF8
:1008900000972B466246FCF744FD05B281B2204624
:1008A000FFF72DFFB1B22046FFF76CFF1CE000936D
:1008B0003B466146FCF735FD074605B2B1B220461E
:1008C000FFF71DFFB9B22046FFF75CFF0CE0009573
:1008D000B4F93220B4F93010FCF723FD05B2A28D33
:1008E00081B22046FFF791FFA4F8405003B0F0BD5D
:1008F00000932B46B4F93220B4F93010FCF711FD07
:1009000005B282B2618D2046FFF77FFFECE700BFA2
:100910000C52040830270508B451040838B50546C0
:100920000C46B1F5B47F02D9A1F5B474A4B2AB8D75
:10093000698D5A1A1FFA82FC12B21B1B98B21BB2A5
:10094000002A12DB002B15DB981A0028B8BF4042A2
:10095000B42813DC9A4219DC9A4212DA00230A46C0
:1009600021462846FFF756FE0BE00CF5B47C0FFA43
:100970008CF2E7E700F5B47003B2E5E72846E5F747
:1009800042F96C852846FFF74BFF38BD002322460D
:100990002846FFF73FFEF4E738B505460C46B1F5AB
:1009A000B47F02D9A1F5B474A4B2A98D6B8DCA1A13
:1009B0001FFA82FC12B2E31A98B21BB2002A11DBB2
:1009C000002B14DB981A0028B8BF4042B42812DC70
:1009D0009A4218DC9A4211DA002322462846FFF791
:1009E00019FE0BE00CF5B47C0FFA8CF2E8E700F589
:1009F000B47003B2E6E72846E5F705F9AC8528466A
:100A0000FFF70EFF38BD00230A4621462846FFF7B0
:100A100001FEF3E738B504460D461146FFF7BCFF6B
:100A200029462046FFF77AFF38BD08B58184E5F7EF
:100A3000EAF808BDB0F92EC08C4510D008B5B0F961
:100A400032208A42A8BF0A46B0F930309342B8BF7C
:100A500013469C4502D0C385FFF7E2FE08BD7047F0
:100A6000B0F92E00704700002DE9F04786B00C4623
:100A7000CE48E0F703FB012802D006B0BDE8F087BE
:100A80002046E0F7D3FB05462046E0F7CBFB0646C1
:100A90002046E0F7C7FB0746AB1E132BEDD801A29B
:100AA00052F823F0F50A0308EF0D03087B0A030848
:100AB0007B0A03087B0A03087B0A0308EF0D03087F
:100AC0007B0A03087B0A03087B0A03087B0A0308E6
:100AD000270E03087B0A03087B0A03087B0A030826
:100AE0007D0E03087B0A0308110F03087B0A030825
:100AF000D10F0308E1F702FC04460028BDD0E1F75E
:100B000003FC0128B9D103A92046E1F76EFC0DF1E1
:100B10000A0204A93046FFF73BFBBDF80C30BDF8D4
:100B200010209B1AADF80C30BDF80E30BDF8122025
:100B30009B1AADF80E3097F8343013F0010F00F027
:100B4000B58097F8343013F0010F96D0BDF90C1032
:100B500019B9BDF90E30002B8FD0BB8DB7F92C50D1
:100B60007A8D934202D203F5B4731DB2BDF90E0023
:100B7000FCF75FFBBB8CC41AA4B27B8DE41AA3B252
:100B800024B2002CC0F2DB80BDF90A804FF41D7343
:100B900003FB08F8864BA3FB08384FEA58180020DF
:100BA000FAF73EFF322300FB03F35033B3F5A07F87
:100BB00080F0C9804FF4B47297F83490C9F3C0093B
:100BC000B2FBF8F221463046FFF740FA00283FF426
:100BD00054AF1FFA85FC798DACEB010000B2B7F879
:100BE0004030A3EB01081FFA88F8CB1A9BB21A1900
:100BF00012B2002AB8BF524292B2B2F58C7F40F2D4
:100C0000B28097F8341011F0080F00F0B98000247A
:100C1000B9F1000F40F0B880B9F1000F06D197F894
:100C2000342002F01802082A00F0BE8023441CB2CF
:100C3000F86BFAF7BDFFBB6B00FB03F35D4AA2FB49
:100C400003239A09C3F38F139C4240F3B78014B275
:100C500008EB0400798D6A1AD200B7F93240B7F96F
:100C60003030A4EB030C92FBFCF20432121112FAA6
:100C700080F011FA80F0B7F92E8000942A4600B275
:100C8000FCF74FFB04B23046FFF7EAFEA04240F00B
:100C90009B80B7F93030A34204D0B7F93230A34279
:100CA0007FF4EBAEFAF780FFF863E6E650224FF4EC
:100CB00000313046E7F7F4F905B284B2BDF80A30E6
:100CC0001B1BADF80A304FF480313046E3F757FA7A
:100CD00008B3BDF80A301B1BADF80A30BDF90A3065
:100CE000002B28DDBDF90C30BDF90E2002FB02F20D
:100CF00003FB0322BDF90A3003FB03F39A427FF79B
:100D000020AF97F8343043F0010387F83430FAF716
:100D10004BFFF86315E7BDF90A201346002A08DBEC
:100D20009B10AB42B8BF2B469BB2D21AADF80A203B
:100D3000D4E7D31CF4E70123ADF80A30D2E703F57A
:100D4000B4731CB220E70020FAF76AFE322303FBDB
:100D500000F25032184BA3FB0232D2094FF4B473A5
:100D600003FB02F228E797F834E01EF0100F7FF43F
:100D70004FAF1EF0080F05D0A1EB0C010CB247E7F6
:100D8000044645E7044643E797F8341011F0080F8E
:100D90007FF442AF11F0100F7FF43EAFB2F58C7FBD
:100DA0007FF63AAF002441E704463FE740270508B5
:100DB0001F85EB51D34D6210CDCCCCCC5A4294421E
:100DC000BFF646AF14B243E7FAF7EEFEF8632146EA
:100DD0003046FFF72FFEA0453FF45BAF00221C21F9
:100DE0003046E0F7F5F901287FF447AE51E790F877
:100DF000343023F0010380F834303046E3F7D3F980
:100E00000546E0F720FD0446E1F778FAE1F77CFAC1
:100E100004287FF432AE002C3FF42FAE0021284688
:100E2000E0F7A6FC29E62046E0F704FA0378B7F9D4
:100E30002E40113B032B0CD8DFE803F002160216FC
:100E40003046FFF70DFE81B2013109B23046FFF79F
:100E5000F1FDB7F92E30A3423FF40FAE00221C2162
:100E60003046E0F7B5F908E63046FFF7F9FD81B204
:100E7000013909B23046FFF7DDFDEAE72046E0F729
:100E8000D9F907460DF10A0203A93046FFF780F9A8
:100E9000B3685BB3B3F91440502200213046E7F742
:100EA000FFF8BDF80A1085B2A6B2AA1992B28C1A40
:100EB000A4B2ADF80A40BDF80C30521A9918BDF82A
:100EC0000E0002442344044424B200941BB212B224
:100ED00009B204A8FBF7BDF847F6FF72396804A809
:100EE000FBF744F920B100233B71C6E50024D3E7AA
:100EF0007600B6B2A91909B20A4604A8FBF7CAF8E7
:100F000047F6FF72396804A8FBF730F93871B4E589
:100F1000122200213046E7F7C3F80FFA80F81322B7
:100F200000213046E7F7BCF805B210220021304618
:100F3000E7F7B6F80FFA80F9112200213046E7F7FB
:100F4000AFF807B24F45B8BF4F464545B8BF454615
:100F5000AF42B8BF2F4612224FF440313046E7F778
:100F60009FF80FFA80F913224FF440313046E7F72B
:100F700097F80FFA80F810224FF440313046E7F727
:100F80008FF80FFA80FA11224FF440313046E7F71C
:100F900087F805B25545B8BF5546C845B8BFC846DD
:100FA0004545B8BF4546ADB20235ADB2ED1BADB259
:100FB0003046FFF749F915FA80F52DB22046E0F7E3
:100FC00039F9B0F90030AB42B8BF2B46038054E585
:100FD0002046FFF7FFF950E583880288981A80B20F
:100FE000013000B27047C3884288981A80B201303D
:100FF00000B27047086000234B608B604FF0FF33F6
:10100000CB6070472DE9F04FD1B00546E0F70AF903
:1010100004462846E0F7AAF901904EA92046E4F7D5
:10102000C1F9692200212046E7F73AF805466A220D
:1010300000212046E7F734F8BDF83811ABB2CA1AE0
:10104000ADF83821BDF83C611E44B6B2ADF83C6144
:10105000BDF83A2180B2151AADF83A51BDF83E51AB
:101060000544ADB2ADF83E515B1A1E44B6B201362E
:1010700033B20093801A0544ADB201352DB2E16A56
:10108000A26AA1EB020994F85C3003F00303012B80
:1010900000F0F08100230693122200212046E6F79B
:1010A000FFFF8246132200212046E6F7F9FF804623
:1010B000102200212046E6F7F3FF07461122002107
:1010C0002046E6F7EDFFBDF938C1A4F834C0BDF9FC
:1010D0003A11E186BDF93C212287BDF93E31638793
:1010E0001FFA8AF6079616FA8CFC1FFA8CFCA4F8F5
:1010F00034C092B21FFA88F60296921B92B22287EF
:10110000BEB2039616FA81F189B2E1869BB280B233
:1011100004901B1A9BB263870098854200F3C2813A
:101120005B1A9BB201331BB2032B00F3BB81E38A32
:1011300005EBD57203EB62039BB29A1EE286023383
:101140006387238FA28E9B1A9BB2013319B2089139
:10115000638FE28E9B1A9BB201331BB21E46009B2B
:101160009D4200F3B6818846009B9D4200F3B38107
:1011700004F1340B04F1380AC14B0993A16DB1F1AC
:10118000FF3F00F0B181226DA76AD21B02FB08F27B
:1011900092FBF9F210B2636DDB1B03FB08F393FBC8
:1011A000F9F31BB21B1A03FB01F10029C0F29A816B
:1011B00002EB212213B20593A26CB2F1FF3F00F0C3
:1011C0009F81276CA06A3F1A07FB08F797FBF9F786
:1011D00039B2636C1B1A03FB08F393FBF9F31BB2E0
:1011E0005B1A03FB02F2002AC0F2888107EB222778
:1011F0003FB2162200212046E6F752FFC0B2009B04
:101200009D4202DC012800F08481009B9D4200F396
:101210008A81BBF800303B44AAF80030BBF80030AC
:10122000059A1344ABF80030069B002B40F08981EF
:1012300004F134073846099B9847012840F3B881E8
:10124000B4F93430ADF83031B4F93630ADF832316C
:10125000B4F93830ADF83431B4F93A30ADF836314C
:101260003EAF3846EBF73AFC3A464FF400312046A1
:10127000E3F7C8FB01992CA8E3F7C9FE4FF400334C
:101280003993804B2D934FF00008CDF8B8803097FC
:1012900004F134072F972CAA1A212046DFF798FF74
:1012A0000B2241462046E6F7FBFE00B22B46009A91
:1012B0009542A8BF13464FEA6308B0EB630F00DC0A
:1012C0008046BDF9F8103346089A9642A8BF1346E7
:1012D0005A10B1EB630F00DC0A46009B9D4208DC0C
:1012E000238FA18E5B1A9BB201331BB2B3EB420F6B
:1012F0000BDC009B9D4220DD638FE18E5B1A9BB26D
:1013000001331BB2B3EB420F17DD9DF8FBB09DF824
:1013100012A19DF81A9100238DF8FB308DF812313F
:101320008DF81A313A463EA90198EBF719FC8DF871
:10133000FBB08DF812A18DF81A91A38A079E334451
:10134000ADF89030238B029A9B1AADF89430E38A63
:1013500003990B44ADF89230638B04981B1AADF8D7
:1013600096300023424624A926A8EBF7F1FA002183
:1013700026AB1846EBF78CF880469DF82E919DF829
:101380001AA100238DF81A318DF82E31BDF93801DC
:10139000ADF88800BDF93A11ADF88A10BDF93C21CD
:1013A000ADF88C20BDF93E31ADF88E3016FA80F0E4
:1013B00080B2ADF88800039E16FA81F189B2ADF8CB
:1013C0008A1092B2029E921B92B2ADF88C209BB210
:1013D000049E9B1B9BB2ADF88E30009EB54200F37D
:1013E000FE805B1A9BB201331BB2032B00F3F78024
:1013F000E38A05EBD57503EB65039BB29A1EADF846
:101400008A200233ADF88E300023BDF9F82039462A
:101410001CA8EBF79DFA00211CA8EBF739F805464C
:1014200022AA3EA9019E3046EBF79AFB8DF81AA13D
:101430008DF82E9100238DF8FB308DF812318DF848
:101440002E313A463EA93046EBF78AFB1CA8EBF753
:10145000A1F826A8EBF79EF82846EBF76FF8404670
:10146000EBF76CF82CAA1B212046DFF7B1FE51B038
:10147000BDE8F08F002A07DB002306930CE600BFCF
:10148000D90F03085C270508002905DD236B9A4264
:1014900005D000230693FFE500230693FCE5012316
:1014A0000693F9E500998D427FF74BAEA2EB0C0253
:1014B00092B2013212B2032A3FF743AEA38A01EB84
:1014C000D17203EB62039BB29A1EA286023323877A
:1014D00037E6B04648E604F1360B04F13A0A4C4BC5
:1014E00009934BE6FF3163E6236BA26A9B1A03FB69
:1014F00008F393FBF9F31BB205935DE6FF3275E643
:10150000676AA36AFF1A07FB08F797FBF9F73FB270
:101510006FE67F423FB2059B5B421BB205935B4681
:10152000D3469A4671E6BAF80030DB1B9BB2013312
:10153000ABF80030BAF80030059A9B1AAAF80030D0
:1015400072E6A36A5B4203FB08F898FBF9F8009B7C
:101550009D420FDCBBF8003043441BB2BAF90020B7
:101560009A4202DDABF800306AE6ABF80020AAF838
:10157000003065E6BAF80030A3EB08039BB20133F4
:101580001BB2BBF900209A420DDDAAF80030BAF96F
:101590000020BBF900309A42BFF652AEABF80020F3
:1015A000AAF800304CE6AAF80020ABF80030EEE7CD
:1015B00001990AA8E3F72BFD4FF400331793154B5D
:1015C0000B9300230C930D970AAA1A212046DFF7EC
:1015D000FFFD0AAA1B212046DFF7FAFD47E7009925
:1015E0008D427FF711AF121A92B2013212B2032A62
:1015F0003FF70AAFA38A01EBD17603EB66039BB2F8
:101600009A1EADF888200233ADF88C30FCE600BF9E
:10161000E70F03085C2705082DE9F0410D46414816
:10162000DFF72CFD012801D0BDE8F0812846DFF767
:10163000FDFD04462846DFF7F5FD0646631E142B24
:10164000F2D801A252F823F0131703082916030851
:101650002916030829160308291603082916030862
:101660002916030813170308291603082916030867
:101670002916030829160308291603082916030842
:101680002916030829160308291603082916030832
:101690009D160308291603081D1703084FF400318F
:1016A000E3F749FC07462846DFF7C4FD0446B0F9D6
:1016B0000000B842B8BF38462080122200213046D0
:1016C000E6F7EEFC07B2132200213046E6F7E8FC0D
:1016D00005B2102200213046E6F7E2FC0FFA80F84E
:1016E000112200213046E6F7DBFC03B24345A8BFD8
:1016F0004346BD42A8BF3D46AB42A8BF2B46002B88
:1017000092DA5B42B4F900209342B8BF13462380BB
:101710008AE700F13401E4F74EFA85E72846FFF73F
:1017200071FC81E75C27050810B50C46002104F127
:101730003C00FAF76FFB002104F14C00FAF76AFB5A
:1017400010BD08B503681A684FF0FF31D96002F187
:101750003C01994207D002F14C01994206D0186829
:10176000E4F751FA08BD99685162F8E79968116386
:10177000F5E708B5C1600068E4F745FA08BD000068
:10178000F0B593B007460D4616461C469DF86030EE
:101790001BB3E368B3F1FF3F2BD0A3686360A16084
:1017A000356000212046FAF735FB01A8FAF718FB4F
:1017B0000194124B0293002109910A914FF4807316
:1017C0000B930F4B049365223846E6F769FC0C90A7
:1017D00001A8FAF751FB13B0F0BD00212046FAF73B
:1017E00019FB4FF0FF33E36035603846E4F70BFA3E
:1017F000F1E713686360A160D2E700BF73170308C5
:101800004317030810B501460348E2F79BFF04465F
:10181000E3F747F8204610BD5C270508436A8B4272
:1018200018D010B582B0C46AA142A8BF2146846A0C
:10183000A142B8BF2146046BA142B8BF21468B42EA
:1018400006D0009200F13C0300F12402FFF798FF5C
:1018500002B010BD704738B50C4600258D62642378
:10186000CB620D634D628D860D87CD864D8791F8D5
:101870005C3065F3010381F85C303C312046FFF7B2
:10188000B9FB04F14C012046FFF7B4FB08212046C8
:10189000E2F71EFC10212046E2F71AFC2A462946F0
:1018A0002046FFF7BBFF38BD90F85C3003F0030320
:1018B000022B1AD1C36A9942A8BF1946836A99427A
:1018C000B8BF1946436A9942A8BF1946036B8B42B9
:1018D0000BD000B583B0009200F14C0300F1300250
:1018E000FFF74EFF03B05DF804FB7047836CB3F164
:1018F000FF3F01D0406C7047406A704790F85C3001
:1019000003F00303022B01D0806A7047836DB3F1AB
:10191000FF3F01D0406D7047006B704790F85C004E
:1019200000F00300704710B50C4610212046E2F786
:10193000CFFB4FF480612046E2F75AFE10BD000055
:1019400010B501460348E2F7FDFE0446E2F7A9FFA1
:10195000204610BD7827050810F00F0000D10120A7
:101960007047C0F300107047C0F300207047C0F309
:1019700040107047C0F380107047C0F3402070479C
:10198000C0F380207047C0F3C0107047C0F3002040
:101990007047C0F3C0207047438ED3B12DE9F041AA
:1019A0000746D0F824800024264658F824509DB1DC
:1019B0000C492846CEF724FC90B12B786BB1FB6A1A
:1019C00033F81600FFF7DCFF034630B90134A4B248
:1019D000EAE700231846704700231846BDE8F08167
:1019E0000023FAE79C2A04082DE9F04F89B0054648
:1019F000039106A9E3F7D6FC2846E3F726FD0190FC
:101A00002846E3F729FD0290122200212846E6F736
:101A100047FB0FFA80FB132200212846E6F740FB24
:101A20000FFA80F9102200212846E6F739FB0FFA59
:101A300080F8112200212846E6F732FB07B2142273
:101A400000212846E6F72CFB044606B215220021A9
:101A50002846E6F725FB04F0010406EBD67604EBF6
:101A60006606013636B200F0010AC0F3C03303FA4D
:101A700080F00AEB600A0AF1010A0FFA8AFA0D2EC9
:101A8000A8BF0D26BAF10D0FA8BF4FF00D0AB9F18E
:101A90000D0FA8BF4FF00D09B8F10D0FA8BF4FF003
:101AA0000D080D2FA8BF0D2700242DE0BDF818C08C
:101AB000ACEB0A0C1FFA8CFC1CFA80F0ADF810009D
:101AC0004CE0BDF81A00801B80B210FA81F1ADF82D
:101AD000121056E0BDF81810514489B211FA82F282
:101AE000ADF8142060E0BDF81A20324492B212FA28
:101AF00083F3ADF816300022039904A8FAF736FBF9
:101B0000002864D10134A4B22B8EA3425FD9AA6A03
:101B100002EBC40332F93400ADF81000B3F902103F
:101B2000ADF81210B3F90420ADF81420B3F9063063
:101B3000ADF816308345B9DBBDF818C0DE46BBF101
:101B40000D0FA8BF4FF00D0E1FFA8EFEACEB0E0C62
:101B50001FFA8CFC1CFA80F0ADF810008845B0DB51
:101B6000BDF81A00C446B8F10D0FA8BF4FF00D0C18
:101B70001FFA8CFCA0EB0C0080B210FA81F1ADF8DA
:101B800012100199A1EB090102398A42A2DBBDF8CA
:101B9000180049460D29A8BF0D2110FA81F189B21C
:101BA00011FA82F2ADF81420029AD21B023A934243
:101BB00099DBBDF81A103A460D2FA8BF0D2211FA75
:101BC00082F292B212FA83F3ADF8163093E72B8EBD
:101BD000A34203D0204609B0BDE8F08F4FF6FF7452
:101BE000F8E700004FF6FF73994276D0F0B585B064
:101BF00004460D46038E8B4201D805B0F0BD826AC3
:101C000002EBC10332F93120ADF80820B3F902200C
:101C1000ADF80A20B3F90420ADF80C20B3F9063072
:101C2000ADF80E306946E3F7BDFB142200212046D3
:101C3000E6F736FA06B2152200212046E6F730FA1A
:101C400007B22046E6F780FFF9F7EAFE234A82FB57
:101C50000032C317C3EBA2031BB29E42B8BF1E469D
:101C6000BB42B8BF3B46BDF80800BDF80010B6B295
:101C70008A1B10FA82F2ADF80820BDF80A70BDF890
:101C800002209BB2D01A17FA80F080B2ADF80A0099
:101C9000BDF80C70314417FA81F1ADF80C10BDF8A5
:101CA0000E101A4411FA82F292B2ADF80E20A38EF1
:101CB000AB4204D002A92046E3F77DFF9DE7E36A2B
:101CC00033F8153013F4806FF4D0131A9BB201333C
:101CD0009BB2C01AADF80A00ECE77047676666660B
:101CE0002DE9F04FCFB00446DFF79CFA038E13B90D
:101CF0004FB0BDE8F08F05462046DFF737FB0646BC
:101D0000049095F8223043F0080385F822304CA95E
:101D10002846E3F747FB2C8C059400272F8495F881
:101D2000223043F0080385F8223026A8EAF7D6FED1
:101D30001EA8E8F7E1FF26AA4FF4A0212846E2F703
:101D400061FE1EAA4FF4A0212846E2F7ADFF95F8E8
:101D5000223067F3C30385F822302C8410223946E1
:101D60002846E6F79DF903B2069311223946284624
:101D7000E6F796F903B20793122239462846E6F7AA
:101D80008FF903B20893132239462846E6F788F9FB
:101D900003B2099331460CA8E3F739F94FF4A023B5
:101DA0001993CB4B0D930E973CAB109334AB11931F
:101DB0003C462EE10134A4B26B6AA600C54953F833
:101DC0002400CEF71DFA0028F4D0EB6ABA464FEA99
:101DD000470B33F817904846FFF7C3FD002840F043
:101DE00014814846FFF7D2FD002840F01D814FF0D6
:101DF00000084846FFF7BEFD002800F0188148F0B3
:101E00008008AA6A02EBCA0332F93A00ADF8280149
:101E1000B3F90210ADF82A11B3F90420ADF82C2162
:101E2000B3F90630ADF82E31BDF830C11CFA80F0A0
:101E3000ADF82801BDF8320110FA81F1ADF82A1190
:101E40001CFA82F2ADF82C2110FA83F3ADF82E3192
:101E5000B8F1000F40F00981382226A93CA8FBF711
:101E6000DFFB20221EA934A8FBF7DAFBEB6A33F86C
:101E70000B00FFF78EFD002800F01A819DF8ED3071
:101E800043F001038DF8ED304AAB0F93CDF868A015
:101E90000CAA1A212846DFF79BF99DF81331C3F3EA
:101EA00044030F2B2AD99DF813310F2262F3450307
:101EB0008DF81331BDF92821B5F9143008990B4478
:101EC0009A4200F0FC80BDF92C21B5F9183009992F
:101ED0005B1A9A4200F00081BDF92A21B5F916304B
:101EE00006990B449A4200F00281BDF92E21B5F902
:101EF0001A3007995B1A9A4200F00481BDF82E91BE
:101F0000BDF82A31A9EB03091FFA89F909F1010982
:101F10001FFA89F20FFA89F918F0200808D0E96A47
:101F200031F80B1011F4806F02D09B1AADF82A31F2
:101F30004AAA3CA90498EAF713FEBDF9E2206B6AAD
:101F40009E59BDF83431BDF830115B1A9BB2013394
:101F50001BB29DF8ED10029101930092BDF9E4309F
:101F6000349A31460BA8FDF79DFFBDF82C31BDF822
:101F700028115B1A9BB201331BB2BDF92CC0A3EB35
:101F80000C0303EBD37301EB630189B2ADF82811A5
:101F9000BDF82E31BDF82A219B1A9BB201331BB22A
:101FA000BDF92E001B1A03EBD37302EB630292B24E
:101FB000ADF82A2111FA8CFCADF82CC112FA80F090
:101FC00083B2ADF82E01B8F1000F11D0E96A31F8F3
:101FD0000B1011F4806F0BD009EBD979C9F34F09BD
:101FE000A2EB0902ADF82A21A3EB0903ADF82E31CB
:101FF0000023009333464AAA34A90498E8F7ACFEBC
:102000000CAA1B212846DFF7E3F80137BFB20134E1
:10201000A4B22B8EBB423FF6CFAE95F8223023F010
:10202000080385F8223063E64FF00108E1E6AB8E45
:10203000BB427FF4E6AE059B13F0200F01D048F0C1
:102040002008059B13F0020F01D048F00208059B01
:1020500013F0040F01D048F00408059B13F0080F9B
:102060003FF4CFAE48F00808CBE6A5F8208095F8FD
:10207000223043F0080385F822303CA8EAF72EFD11
:1020800034A8E8F739FE3CAA4FF4A0212846E2F72D
:10209000B9FC34AA4FF4A0212846E2F705FE059BBF
:1020A0002B8495F8223023F0080385F82230DDE6F2
:1020B0009DF8ED3023F001038DF8ED30E4E69DF856
:1020C00013310B2262F345038DF81331FBE600BF99
:1020D000B42705089C2A04089DF81331C3F3440271
:1020E00002F0170262F345038DF81331F4E69DF810
:1020F0001331C3F3440202F01D0262F345038DF86D
:102100001331F2E69DF81331C3F3440202F01E02CC
:1021100062F345038DF81331F0E600BF10B50C46AD
:10212000886AFBF751F9E06AFBF74EF90023A362D6
:10213000E36210BDF0B585B006460F460123438625
:102140000024254604E0738E013373860134A4B263
:1021500057F8240048B103783BB12349CEF750F833
:102160000028F0D00135ADB2F0E7338EAB421BD082
:10217000B06A18B1FBF728F90023B362F06A18B10E
:10218000FBF722F90023F362E800FBF7FFF8B062E7
:1021900060B16800FBF7FAF8F062A8B1B36A0BB35C
:1021A0006900FBF7F9FA358605B0F0BD0F4B0293D5
:1021B0000F4B01930F4B00930F4B40F275320F49B9
:1021C0000320FAF781FFFEE7084B02930C4B0193C3
:1021D000084B0093084B40F2773208490320FAF786
:1021E00073FFFEE70025DBE79C2A0408FC2D0408AA
:1021F00080520408302E0408942705082052040851
:102200009C52040810B501460348E2F79BFA0446C5
:10221000E2F747FB204610BDB4270508002900F06F
:10222000EF802DE9F04F8FB007468A46FFF782FF17
:10223000C7F824A0162200213846E5F731FFC3B2C3
:102240000693122200213846E5F72AFF0590102256
:1022500000213846E5F724FF0D901422002138466E
:10226000E5F71EFF044603B20C9315220021384601
:10227000E5F716FF0B9003B204933846E3F7F3F843
:1022800009903846E3F70FF97B8E013B13FB04F30B
:10229000C31A1BB20A934FF0000E764623E0FB6A86
:1022A000B04433F81800FFF757FB204484B209F11B
:1022B00001091FFA89F9C8465AF829503DB1514918
:1022C0002846CDF79DFF10B12B78002BE7D145466E
:1022D000DDF80880DE46B9F1000F0FD101350AEBB9
:1022E000850A0EF1010EB7F83280F0457FD94FF024
:1022F00000094C46CDF80880F346DCE70A980BFB52
:1023000000F1B1FBF8F1BDF8343019440C9A12FB1E
:102310000BF292B212FA81F109B202910BFB0001A9
:10232000B1FBF8F103EB010B12FA8BFB1FFA8BFBED
:102330000BF1FF3B0FFA8BF30393BDF824C009F1B7
:10234000FF320B9B12FB03F2ACEB02020FFA82FB93
:10235000BBF1000F08DB4FF00008C146CDF81CE0D0
:10236000CDF820A0E24613E04FF0000BF3E7BDF8F4
:10237000142011441344B86A039A00921BB2029AC3
:1023800009B200EBC600F9F764FE08F10108013656
:10239000454524D9FB6A33F81600FFF7DDFA09FB3F
:1023A0000BF1B1FBF4F1049B13FB08F39BB219444E
:1023B0001FFA81FC09B2814409FB0BF0B0FBF4F079
:1023C00003449BB2013B98B21BB2069A012ACED1BC
:1023D000AAEB000001B2AAEB0C0213B2C7E7DDF8CA
:1023E0001CE0DDF820A001350AEB850A79E73846C4
:1023F000E2F71CFE3846E3F706FC0FB0BDE8F08FAD
:10240000704700BF9C2A040808B5084600230B86C5
:102410004B864FF6FF728A868B62CB624B6291F8D5
:10242000362063F3000281F836200249FFF7F6FEFA
:1024300008BD00BFC800002010B50446028E52003F
:10244000C06AFBF7EDF8616A2046FFF7E7FE10BDB2
:10245000038E8B4224D970B505460C46164612F001
:10246000100F0FD1E96A31F81430F24312B2134061
:1024700021F8143021462846FFF7B4FB16F4806F8C
:102480000AD170BD0121E1F77AFE0028EAD00121CE
:102490002846E1F71DFEE5E72846E2F7C7FDF0E72D
:1024A000704770B505460E46002406E032462146C8
:1024B0002846FFF7CDFF0134A4B22B8EA342F5D8F6
:1024C00070BD038E8B423ED970B504460D4616464C
:1024D00090F8363013F0010F02D012F4807F08D14B
:1024E00016F0100F1DD0218E012916D900230120CE
:1024F00006E04FF48071FFF7D4FFF1E701339BB2A0
:10250000994209D9AB42F9D0E26A32F8132012F0AD
:10251000100FF3D10020F1E718B101212046E2F7B6
:1025200067F8E26A32F81530334322F8153029464D
:102530002046FFF757FB16F4806F00D170BD204690
:10254000E2F774FDFAE77047808E70472DE9F84393
:102550004FF6FF73994223D080460F46B0F8309073
:1025600089451FD300252E4600E02646BD420FD0E8
:102570000135ADB2741CA4B2D8F824300B4953F81D
:102580002400CDF73DFE0028EFD1B41CA4B2ECE747
:10259000A94509D0D8F8243053F82600BDE8F883BF
:1025A0000020FBE70020F9E70020F7E79C2A040859
:1025B000038E8B4207D9C36A33F811309A430CBF9C
:1025C0000120002070470020704770B504460E4679
:1025D0004FF48072FFF7ECFF05464FF48071204600
:1025E000FFF75FFF05B970BD4FF48072314620469A
:1025F000FFF767FFF7E700002DE9F04F83B00D46C6
:10260000C348DEF73BFD012802D003B0BDE8F08FE0
:102610002846DEF70BFE04462846DEF703FE064694
:10262000132C59D0013C292CEFD801A353F824F0E6
:1026300013270308C5270308592903080B26030895
:102640000B260308152903080B2603087328030823
:102650000B2603080B2603080B2603080B2603088A
:102660002D2A030869290308132A0308132A0308DB
:102670000B2603080B2603080B2603080B2603086A
:10268000912C03080B2603080B2603080B260308CE
:102690000B2603080B2603080B2603080B2603084A
:1026A0000B2603080B2603080B2603080B2603083A
:1026B0000B2603080B2603080B2603080B2603082A
:1026C0000B2603080B2603080B2603080B2603081A
:1026D00009270308FF260308FFF75EF90028A1D0A9
:1026E000738E23B900212846DEF764FE9AE7304650
:1026F000E2F7D9FE738E90FBF3F109B2F3E7716A4A
:102700003046FFF78BFD80E7716A3046FFF786FDA4
:102710007BE72846DEF78EFD0446B18E3046FFF794
:1027200061FADFF7EBFDDFF7EFFD012829D0032881
:1027300027D0B48E4FF6FF739C423FF466AFF36A26
:1027400033F814502846FFF718F900287FF45DAFDE
:102750002846FFF715F900287FF457AF2846FFF702
:1027600009F900287FF451AF2846FFF7FAF800284E
:102770007FF44BAF00946A461C213046DEF728FDFB
:1027800043E701A92046DFF730FE01A93046FFF7F5
:102790002BF904464FF6FF73B3869842C9D0F36A0B
:1027A00033F810502846FFF7E5F80028C1D1284635
:1027B000FFF7D7F80028BCD1B48621463046FFF792
:1027C00011FAB6E72846DEF735FD0546DFF796FD38
:1027D0000446DFF799FD04283FF417AF02283FF4C1
:1027E00014AF01A92046DFF700FE01A93046FFF72C
:1027F000FBF80446B18E81423FF407AF4FF6FF73FA
:10280000994232D1B4862846DFF7E2FD4FF6FF73D6
:102810009C423FF4FAAEF36A33F814502846FFF7AF
:10282000A9F800287FF4F1AE2846FFF79AF80028AF
:102830007FF4EBAE21463046FFF7D4F9F56A35F860
:102840001400FFF79AF800287FF4DFAEB38E35F856
:102850001300FFF795F800287FF4D7AE00946A467E
:102860001C213046DEF7B4FCCFE63046FFF7BAF95C
:10287000C8E7B78E4FF6FF739F4235D0F56A35F83B
:1028800017402046FFF77FF8D0B12046FFF772F8D7
:10289000B0B92046FFF77AF848B196F8363013F011
:1028A000010F04D124F4807425F8174003E044F4A8
:1028B000807425F8174096F8363013F0010F18D1C0
:1028C000F36AB58E33F815402046FFF756F818B96D
:1028D0002046FFF755F838B12046FFF74BF818B9F6
:1028E0002046FFF73EF848B1B18E3046FFF77AF93F
:1028F0008BE6B18E3046FFF768FEE1E700956A4649
:102900001C213046DEF764FC01287FF47EAEEBE745
:10291000B4270508B48E4FF6FF739C423FF475AEA2
:10292000F36A33F814502846FFF721F800287FF4A3
:102930006CAE2846FFF71EF800287FF466AE2846E6
:10294000FFF70FF800287FF460AE00946A461C2160
:102950003046DEF73DFC58E6B18E3046FFF742F9CF
:102960004FF6FF73B38650E6338E002B3FF44DAE27
:102970002846DEF75FFC0546DFF7C6FC044695B146
:102980003046E1F710FCDEF75EFFB28E4FF6FF73C4
:102990009A427FF43AAE022C0ED0042C0AD04FF6A5
:1029A000FF73B38631E60020F9F7BEF8DFF7ACFC21
:1029B0000446E5E70028F2D096F8363013F0010F10
:1029C00016D1002417E00134F36A33F81450284676
:1029D000FEF7C7FF0028F6D12846FEF7CBFF0028F8
:1029E000F1D12846FEF7C0FF0028ECD0B4860CE6F3
:1029F0000024E9E70134F36A33F814502846FEF75F
:102A0000B0FF0028F6D12846FEF7B4FF0028F1D128
:102A1000ECE7B18E4FF6FF73994203D14FF6FF7387
:102A2000B386F2E53046FFF7DDF8F7E7B18E3046C2
:102A3000FFF7D8F82846DEF7FDFB0378113B032BA0
:102A400032D8DFE803F0C5650236B38E4FF6FF7269
:102A500093420AD00133B386B38E378EBB4201D383
:102A60000023B386B6F834800CE00023B386F3E786
:102A70000134A4B2B486A74201D80023B386B38E32
:102A800043450ED0F36AB48E33F814502846FEF74F
:102A900068FF0028ECD12846FEF76CFF0028E7D13C
:102AA00002E04FF6FF73B386B18E3046FFF79AF817
:102AB000ABE5B28E4FF6FF739A4206D0B38E3BB9A8
:102AC000338E013BB386B78E0BE00023B386F5E768
:102AD000013BB386F7E79CB1013CB486B38EBB42A1
:102AE00012D0F36AB48E33F814502846FEF739FF3B
:102AF0000028F0D12846FEF73DFF0028EBD1D3E7B0
:102B0000338E013BB386E9E74FF6FF73B386CBE71D
:102B1000152200213046E5F7C3FA0FFA80F9B48E8A
:102B20004FF6FF739C420ED0B56A05EBC40735F82B
:102B30003420BB889B1A9BB2013343F34E031A44E3
:102B40000FFA82F81DE00023B38605E00134A4B239
:102B5000B486338E9C420ED2F36AB48E33F814508E
:102B60002846FEF7FEFE0028F0D12846FEF702FFB9
:102B70000028EBD198E74FF6FF73B38694E7013452
:102B8000A4B2B6F830A0A2451DD905EBC403B3F931
:102B90000210B7F902209142F1DD35F934204245A7
:102BA000EDDCB3F904304B449845E8DCF36A33F8C4
:102BB00014B05846FEF7DEFE0028E0D15846FEF776
:102BC000D0FE0028DBD1A2457FF66EAFB4866BE75E
:102BD000152200213046E5F763FA0FFA80F9B48E2A
:102BE0004FF6FF739C420FD0B56A05EBC40735F86A
:102BF0003420BB889B1A9BB2013343F34E031A4423
:102C00000FFA82F824B21DE00023B38605E00134F8
:102C1000A4B2B486338E9C420ED2F36AB48E33F8DB
:102C200014502846FEF79DFE0028F0D12846FEF7F6
:102C3000A1FE0028EBD137E74FF6FF73B38633E7E9
:102C4000013C24B2002C1EDB05EBC403B3F90210D7
:102C5000B7F902209142F3DA35F93420A2EB0902E8
:102C60009045EDDBB3F904304345E9DBF36A33F813
:102C700014A05046FEF77EFE0028E1D15046FEF734
:102C800070FE0028DCD1002CFFF60EAFB4860BE7F7
:102C90002846FFF725F8B8E408B590F8362061F328
:102CA000000280F836200021FFF78FFC08BD00B538
:102CB00087B000F132030193C38E0093B0F9303036
:102CC000B0F92E20B0F92C1003A8E9F79DFFBDF84C
:102CD0001020BDF80C30D21A92B20132BDF8123079
:102CE000BDF80E105B1A9BB20133ADF81420ADF89D
:102CF0001630002093B263F30F00BDF8163063F373
:102D00001F4007B05DF804FB2DE9F04F9BB006466D
:102D1000DEF78CFA05463046DEF784FA0446122DBB
:102D200006D0152D70D0182D6ED01BB0BDE8F08FD9
:102D30003046DEF77FFA05460378022BF5D094F88B
:102D4000383013F0020F08D103F07C03102B07D0AA
:102D5000042B05D001230370E7E701230370E4E7A8
:102D6000462200212046E5F79BF9C0B2FF2802D099
:102D700001232B70D9E7238E13B101232B70D4E7E5
:102D80003046DEF757FA0646E38EB3F5807F31D042
:102D90002046E2F75AFB07462046E2F75DFB024673
:102DA00004F132030193E38E00930023394612A805
:102DB000E9F72AFFBDF84830A28A1344ADF848303D
:102DC000BDF84A10E38A1944ADF84A10BDF84C101A
:102DD0000A44ADF84C20BDF84E201344ADF84E30F7
:102DE000002212A93046F9F7A7FA00289DD1012345
:102DF0002B709AE7002204F11401F9F79DFA0028DC
:102E000093D101232B7090E72046E2F71EFB814609
:102E10002046E2F721FB8246322200212046E5F7D8
:102E20003FF98046122200212046E5F739F91FFAC2
:102E300088F818FA80F7BFB2132200212046E5F780
:102E40002FF918FA80F083B2039310220021204654
:102E5000E5F726F918FA80F083B2029311220021D7
:102E60002046E5F71DF918FA80F081B20491638ECF
:102E70003B44ADF81830A38E029A1344ADF81A30D3
:102E800094F8393003F00303012B00F0D580B4F936
:102E9000303006AA0192E28E00925246494608A8B6
:102EA000E9F7B2FEBDF82030A28A1344ADF8203015
:102EB000BDF82210E38A1944ADF82210BDF82410A1
:102EC0000A44ADF82420BDF826201344ADF826307E
:102ED000B4F914B0ADF828B0B4F916A0ADF82AA032
:102EE000B4F91890ADF82C90B4F91A80ADF82E8092
:102EF000BDF92030A382BDF92230E382BDF9243030
:102F00002383BDF9263063833146BE48DEF7B6F829
:102F100001287FF40AAFA4F814B0A4F816A0A4F80E
:102F20001890A4F81A80152D7FF4FFAEB4F92E3056
:102F3000002B3FF4FAAEB4F92C30002B3FF4F5AE81
:102F4000E38E002B3FF4F1AE3046DEF70FFA054674
:102F5000B4F91480ADF83080B4F91660ADF8326081
:102F6000B4F91890ADF83490B4F91AA0ADF836A0C1
:102F70002046FFF79CFE079094F8393003F00303D6
:102F8000012B5ED0BDF82430BDF820209B1A9BB2E7
:102F900001339BB213FA88F39BB2013BADF8343096
:102FA000BDF82630BDF822209B1A9BB201339BB29C
:102FB00013FA86F39BB2013BADF83630BDF83030E2
:102FC0003B441FFA83FA0FFA83F9ADF83090BDF84D
:102FD0003230029A13449AB205920FFA83FBADF88D
:102FE00032B0BDF83460039BF61A36B2ADF83460E7
:102FF000BDF83680049BA8EB03080FFA88F8ADF8FB
:10300000368094F8383013F0020F41D003F00303F8
:10301000022B00F0E4807C4B00937C4B4FF42B722E
:103020007B490220FAF750F8002304F114021946F4
:103030002846E7F7FBFD78E608A92046E2F7B2F953
:1030400046E7B4F92C30BDF91C209B1A013303EB81
:10305000D3735B105B429BB213FA88F8ADF83080F3
:1030600013FA89F9ADF83490B4F92E30BDF91E2069
:103070009B1A013303EBD3735B105B429BB213FAD1
:1030800086F6ADF8326013FA8AFAADF836A095E705
:1030900012A8E7F721FC12AA00212046E1F755FE0D
:1030A000E38EADF84A30B4F93030ADF84830B4F9B9
:1030B0003230ADF84C30B4F93430ADF84E3094F8CD
:1030C0003830DB099DF85C2063F300028DF85C204A
:1030D000BDF820301F44ADF83870BDF82230029A98
:1030E0001A44ADF83A20BDF82430039A9B1AADF883
:1030F0003C30BDF82630049A9B1AADF83E30AB68E0
:1031000002930EAA19461046F8F7E2FF00283FF492
:103110000CAE0EABAB60B4F92870B4F92C3097FB51
:10312000F3F203FB1277B4F92A30B4F92E2093FBA3
:10313000F2F102FB1133059919440B4689B21BB217
:10314000ADF842309B4503DA93B2C91AADF842108C
:10315000BDF8423013FA82F39BB2013BADF8463022
:1031600021E0636A10AA12A92846E7F75FFDBDF8BF
:103170004020BDF81C301A44ADF84020BDF8442072
:103180001344ADF84430BDF940309E42E9DCBDF84F
:103190004220BDF81E301A44ADF84220BDF846204A
:1031A0001344ADF84630BDF94230984514DD0AEBC2
:1031B00007039AB21BB2ADF84030994503DAA38DEC
:1031C000D21AADF84020BDF84030A28D13449BB216
:1031D000013BADF84430D6E7029BAB60A5E512A8F1
:1031E000E7F78AFD12AA00212046E1F75DFD636A38
:1031F0000022009204F1140212A92846E7F7ACFD60
:1032000093E500BFEC27050834530408E0270508C0
:10321000DC52040891F8383003F00303013BDBB2C1
:10322000012B00D9704710B50C46486AFAF7CCF864
:103230000023636294F8383043F0030384F8383095
:1032400010BD38B50C4600254D6291F8383043F07A
:10325000030381F83830DBB265F3860381F8383038
:103260000846E2F7F2F8A0852046E2F7F5F8E08597
:1032700025864FF48073E38694F8383043F080035A
:1032800084F83830258565856586A58694F83930BB
:1032900065F3010384F8393002212046E0F718FF76
:1032A0004FF480312046E1F7A3F938BD10B501464F
:1032B0000348E1F747FA0446E1F7F3FA204610BD68
:1032C000EC2705082DE9F04186B004460E46E2F7EA
:1032D0009AFC3046E7F748FB0546022809D9644BBB
:1032E0000093644B5B2264490220F9F7EDFE032D45
:1032F0003FD005A93046EAF777F9002D5AD194F866
:10330000383003F00303013BDBB2012B4ED9666278
:10331000022D7FD094F8383065F3010384F83830FB
:10332000059AC2F38A23A385BDF81630C3F34A1168
:10333000E1859DF8140094F8381060F3860184F854
:103340003810C2F3C9226286C3F38913A3862046CC
:10335000E2F7AAFA238E1BB9E38EB3F5807F02D081
:103360002046E1F763FE2046E2F74DFC06B0BDE8DB
:10337000F081424B00933F4B61223F490220F9F715
:10338000A3FE94F8383003F00303013BDBB2012BBA
:1033900008D90023636294F8383043F0030384F8BB
:1033A0003830E3E7606AFAF70FF8F2E7606AFAF795
:1033B0000BF8ACE76B1EDBB2012BABD8676AB742E8
:1033C000A6D094F8383003F00303013BDBB2012BA5
:1033D00000D900273046CDF733F90130F9F7D6FF91
:1033E000804650B1314607F00FFFC4F82480002F0B
:1033F0008ED03846F9F7E8FF8AE7214B0293214B3C
:103400000193214B00931B4B80221B490320F9F7AA
:103410005BFEFEE7572200212046E4F741FE074607
:10342000582200212046E4F73BFE0FFA80F859228B
:1034300000212046E4F734FE00B20023029341F657
:10344000FF730193009043463A46314604A8FCF7C7
:1034500029FDBDF81020059B62F394230593BDF868
:103460001220BDF8163062F34F13ADF8163051E755
:103470005C530408D0270508DC5204087C53040878
:10348000FC2D0408A0530408302E04082DE9F04157
:1034900084B00D460846DDF7C9FE0446152801D064
:1034A000182824D12846DDF7BDFE0646113C1B2C0A
:1034B00023D8DFE814F07300F20032002200F2009B
:1034C00022002200F200220022002200220022001C
:1034D00022002200220022002200220022002200DC
:1034E000220022002200220025002200D9002946C5
:1034F0006C48DDF7C3FD0128D4D004B0BDE8F081ED
:1035000090F8383003F00303022B02D0E1F78EFD70
:10351000F3E7416AFFF7D6FEEFE72846DDF78AFEBC
:103520000546338E1BB9F38EB3F5807FE5D0304668
:10353000E1F78BFF80463046E1F78EFF074606F144
:103540003202B6F930300192F28E009202464146C4
:1035500002A8E9F759FBBDF908305B42B5F9002034
:103560009342B8BF13461BB22B80BDF90A40644298
:103570009C42B8BF1C4624B22C80BDF90C30A3EB92
:103580000803A342B8BF23461BB22B80BDF90E200F
:10359000D21B9342B8BF13462B80AEE72846DDF717
:1035A00049FE0446B6F92C503046E1F74EFF8542FD
:1035B0000AD002A93046E2F77FFD0022216802A866
:1035C000F8F7D4FD207198E7B6F92E503046E1F7B0
:1035D00043FF8542EDD1F38EB3F5807F0AD1338E60
:1035E00043B9B6F93220B6F92C3003EBD373B2EB02
:1035F000630F2FD03046E1F728FF05463046E1F74C
:103600002BFF024606F13201B6F930300191F18EFE
:103610000091294602A8E9F7F7FABDF80830B28A06
:103620001344ADF80830BDF80A10F38A1944ADF818
:103630000A10BDF80C100A44ADF80C20BDF80E209D
:103640001344ADF80E300022216802A8F8F78EFD71
:10365000207152E7B6F93420B6F92E3003EBD3735C
:10366000B2EB630FC6D1A4E72846DDF7E3FD0446BD
:1036700096F8393003F00303012B06D0B6F92C304D
:103680000380B6F92E30438037E73046FFF70FFB53
:103690002080C0F30F4060802FE72846FFF734FBFF
:1036A0002BE700BFEC27050890F8483013F0400FD7
:1036B00001D0806A70472830704710B5044690F8F2
:1036C000483013F0400F03D0806A08B1F9F77CFE50
:1036D00094F8483023F0400384F848300023A36274
:1036E00010BD000090F8483003F00703012B22D1F1
:1036F00070B50446C16AB1F1FF3F1BD00E4B1B6889
:103700000339406A984706462046FFF7CDFF00235D
:1037100003E0C55C8D540133DBB2616A9A198D5C9C
:10372000002DF6D1C35C8B542046FFF7C6FF4FF047
:10373000FF33E36270BD7047B400002010B50C4643
:103740000846FFF7BAFF94F8483013F0080F02D08C
:103750000023636210BD606AF9F736FEF8E708B52A
:10376000A0F84610E2F74FFA08BD08B5A0F84410DB
:10377000E2F749FA08BD000070B582B004460E4673
:103780001546FFF79AFF042D1ED9681CF9F7FEFDB8
:10379000A06270B12A463146F9F742FFA36A0022BF
:1037A0005A5594F8483043F0400384F848300120DB
:1037B00017E00D4B00930D4B40F2B9420C4903202A
:1037C000F9F782FC00200CE094F8483023F0400325
:1037D00084F848302A46314604F12800F9F720FFE2
:1037E000012002B070BD00BF0C54040894280508E5
:1037F000B053040838B504460D465522E4F750FC92
:10380000024629462046E4F77BFD38BD10B5014647
:103810000348E0F797FF0446E1F743F8204610BD60
:10382000AC28050808B5C163E2F7EDF908BD08B595
:103830000164E2F7E8F908BD406A704790F8480073
:10384000C0F30010704700002DE9F04F8FB00891D1
:103850000792BAB10446FFF7EFFF06460246002181
:103860002046E5F7B3F80990337843BB079A5380B5
:1038700002281BD0032813D0012840F0B480002375
:103880001380B0E0794B0293794B0193794B00930D
:10389000794B40F2211279490320F9F715FCFEE734
:1038A0002046E1F7E0FD079B18809CE02046E1F709
:1038B000DAFD00EBD0704310079A138093E00CA957
:1038C0002046E1F710FEBDF83480BDF83030A8EB9B
:1038D00003081FFA88F808F101080FFA88F3069325
:1038E000572200212046E4F7DBFB814659220021C4
:1038F0002046E4F7D5FB0A90582200212046E4F741
:10390000CFFB0B9003B20593B9F908B094F8483097
:1039100013F0100A01D04FF0010A13F0200F01D06C
:103920004AF0020A012200212046E4F7B9FB03B263
:1039300042F2D17293420BD0514B1B68089930462A
:103940009847804600252F465446DDF828A00DE014
:1039500094F8233013F0080FEED14AF0040AEBE795
:103960000BEB0A0315FA83F31DB20746F019F35D5A
:1039700083B1019400230093069B059A4946FCF706
:1039800023F93844804531D3335C002BE8D1A2467B
:10399000044601E0A2463C46B8F1000F07D006EB12
:1039A000080313F8013C0A2B23D00D2B21D03E44F1
:1039B000CDF800A0059B4A46A8EB07013046FCF76E
:1039C00021FA8046089B9F4203D00B9B03440FFAC9
:1039D00083F8099B022B17D0099B032B31D0079B3F
:1039E000A3F800805D800FB0BDE8F08FA2460446CA
:1039F000D2E716F80830002BD9D10A9B5B4415FAA0
:103A000083F31DB24746D2E7CDF800A0059B4A4696
:103A1000E11B3046FCF7F6F9BDF83430BDF8302034
:103A20009B1A9BB20133C3F3C03202FA83F200EB5C
:103A3000D07040F34F03C3EB620343440FFA83F8A3
:103A4000CDE7CDF800A0059B4A46E11B3046FCF7C8
:103A5000D9F9BDF83430BDF830209B1A9BB2013340
:103A60001BB21B1A43440FFA83F8B8E7DC3704088B
:103A700038540408302E040850280508B0530408B0
:103A8000B40000202DE9F04F93B000297BD004460C
:103A90000E460D8812220021E4F702FB80B22D1A97
:103AA0002BB20793ADF84430B6F802B010220021D3
:103AB0002046E4F7F5FA80B2ABEB000B0FFA8BF37C
:103AC0001E46ADF846300FA92046E1F70CFD204612
:103AD000FFF7B2FE0746BDF84030BDF83C209B1A08
:103AE0009BB201331BB20593572200212046E4F715
:103AF000D7FA8346592200212046E4F7D1FA0690EE
:103B0000582200212046E4F7CBFA089003B2049330
:103B1000BBF9089094F8483013F0100A01D04FF028
:103B2000010A13F0200F01D04AF0020A01220021FD
:103B30002046E4F7B5FA00B242F2D173984230D091
:103B4000626A00212046E4F741FF099000242546DF
:103B500007EB05087B5D002B38D0CDF804A00023CF
:103B60000093059B049A59464046FCF72DF82844DB
:103B700004EB09039E421CDD069B4B4414FA83F3BD
:103B80001CB20546E4E7514B0293514B0193514B54
:103B90000093514B40F2931250490320F9F794FAE5
:103BA000FEE794F8233013F0080FC9D14AF0040A55
:103BB000C6E706460C904A4B1B680CA93846984746
:103BC0000A2804D0BB5D13B9013600E02E46099BDC
:103BD000022B17D0099B032B2FD0002400238DF834
:103BE0003B300D93002E6DD13E4E33680D9940460B
:103BF000984704463368294638469847204413B00E
:103C0000BDE8F08FCDF800A0049B5A46711B4046DA
:103C1000FCF7F8F8BDF84030BDF83C209B1A9BB289
:103C20000133C3F3C03202FA83F300EBD07040F3E8
:103C30004F04C4EB630424B2D0E7CDF800A0049B8A
:103C40005A46711B4046FCF7DDF8BDF84030BDF820
:103C50003C209B1A9BB201339BB21B1A1CB2BDE7DE
:103C60000C9A0B995846F7F7FFFB04FA80F3079A72
:103C70009A4224DB0D9B5A19B24220D005EB09026F
:103C8000BA5CE2B12044089A12FA80F004B2994674
:103C90000D9B2B44B342A7D20DAB0CAA0BA94046F7
:103CA000FCF79AF81AF0010FDAD00D9B18F8031000
:103CB0000DF13B00FBF7ACFE0028D1D0E8E7CDF8D2
:103CC000349091E74FF00009E2E700BFDC370408C9
:103CD00044540408302E040838280508B05304085A
:103CE000B8000020B0000020436A002B00F06D8275
:103CF0002DE9F0479AB004464FF0FF33036318A94B
:103D0000E1F7F1FBBDF86450BDF86030ED1AADB2DB
:103D100001352DB2572200212046E4F7C1F90646AD
:103D2000592200212046E4F7BBF980460FFA80F9BA
:103D3000582200212046E4F7B3F907B294F848303E
:103D400013F0100A01D04FF0010A13F0200F01D038
:103D50004AF0020A012200212046E4F7A1F900B24C
:103D600042F2D17398421FD0CDF808A00195CDF84A
:103D700000903B463246616A17A8FCF793F820464C
:103D8000E1F792FD94F8481001F00701022913D0E1
:103D9000032900F0C280012900F066812046E1F786
:103DA00032FF1AB0BDE8F08794F8233013F0080F03
:103DB000DAD14AF0040AD7E7662200212046E4F768
:103DC0006FF985B2002D5CD006A8F8F709F80694C3
:103DD0004FF6FF73ADF858304FF496731393159365
:103DE000BDF95C20BDF86430BDF860105B1A9BB271
:103DF00001331BB29A4254DD9B1A00220E920F929D
:103E00001093AA4907912046F8F794F8002845D066
:103E1000026B90F84230C3F340031199914210DDD8
:103E200012929DF85A2022F001028DF85A2043B1D7
:103E3000D3B243F002038DF85A300E9B109A0E92C3
:103E40001093109A0E992846F8F78EF81190149056
:103E500006A8F8F711F80127BDF95E20BDF8663015
:103E6000BDF862105B1A9BB201331BB29A4200DDAF
:103E7000FFB18F492046F7F7CDFF0023A4F8463065
:103E80008CE72046E4F760FEF7F7CAFDA5F1AA35F6
:103E900085FB0035A5EBE075ADB295E700231A462A
:103EA000BBE782492046F7F7B5FF0027A4F8447026
:103EB000D2E79B1AB6F908209B1A00220E920F92A5
:103EC00010937B4907912046F8F734F818B3036B39
:103ED00090F84270C7F34007119A9A4210DD12938E
:103EE0009DF85A3023F001038DF85A3047B1DBB208
:103EF00043F002038DF85A300E9B109A0E921093E5
:103F0000109A0E992846F8F72FF81190149006A8E9
:103F1000F7F7B2FF42E70023DEE7642200212046E4
:103F2000E4F7BEF80746662200212046E4F7B8F819
:103F300085B2002D4DD006A8F7F752FF06944FF634
:103F4000FF73ADF85830BDF95C20BDF86430BDF8A2
:103F500060105B1A9BB201331BB29A4253DD2022E0
:103F600011463046F7F780FAA0EB8000BDF95C30CF
:103F7000C21A00210E910F911092DFF83081CDF816
:103F80001C802846F7F7F0FF119041462046F7F7CE
:103F9000D1FF58B3036B5FB33B6B1293FB6B15936D
:103FA00006A8F7F769FF0121BDF95E20BDF866306C
:103FB000BDF862001B1A9BB201331BB29A4200DDAE
:103FC00049B33B492046F7F725FF0023A4F84630C4
:103FD000E4E62046E4F7B8FDF7F722FDA5F1AA359F
:103FE00085FB0035A5EBE075ADB2A4E70023D2E771
:103FF000119A9A42D4DD12939DF85A3023F00103AE
:104000008DF85A30CCE729492046F7F703FF002105
:10401000A4F84410C8E75242B6F90830D21A0E91FB
:104020000F911092224E07962846F7F79DFF1190A8
:1040300031462046F7F77EFF48B1036B4FB13B6B2B
:104040001293FB6B159306A8F7F716FFA6E600235D
:10405000F4E7119A9A42F6DD12939DF85A3023F054
:1040600001038DF85A30EEE7BDF95E20BDF86630E9
:10407000BDF862105B1A9BB201331BB29A4203DC9B
:104080004FF0FF33E36289E6B6F908309A4203DC69
:104090004FF0FF33E36281E6064B1B68606A984786
:1040A000032809D84FF0FF33E36277E66B37030844
:1040B0005F370308AC000020BDF86450BDF86030E5
:1040C000ED1AADB20135ADB22E2211463046F7F7EA
:1040D000CBF90744A7EB87073D44ADF81450BDF872
:1040E0006630BDF862209B1A9BB201339AB21BB2B4
:1040F000ADF81630B6F90810894493FBF9F009FBC6
:10410000103318B2884222DBD31A9BB2ADF81630B6
:1041100013FA81F1ADF8161005A92046FFF7B2FC9D
:104120000546666A3046CCF78BFA8046274B1B68FB
:104130002946304698470690069EF71C47450FD9FA
:10414000234B1B6806A9606A9847013DF4E7D31A20
:104150009BB2ADF81630A3EB0803ADF81630DBE7E1
:104160004FF0000AD146B9F1030F16D8606A194B17
:104170001B68069A1044984750445FFA80FA164B21
:104180001B6806A9606A9847BAF1030F05D8069B19
:10419000434502D809F10109E5E7616A5246314415
:1041A0002046FFF7E9FA00283FF4F8AD002304E0C9
:1041B000616AF2182E2088540133022BF8D9636A01
:1041C0000022DA550335E562E8E57047B4000020C7
:1041D000B8000020C4000020BC00002070B584B0EE
:1041E00004460D46E1F70FFDF5B1666AAE421DD0FB
:1041F00026B194F8483013F0080F33D02846CCF796
:104200001FFA0130F9F7C2F8606288B3294606F058
:10421000FBFF94F8483023F0080384F84830204628
:10422000FFF762FD04B070BD656ADEE794F84830C0
:1042300013F0080FDCD13046CCF702FA411C3046AF
:10424000F9F7DEF860620028E9D1104B0293104BB9
:104250000193104B0093104B6E2210490320F8F786
:1042600033FFFEE73046F9F7AFF800236362C5E796
:10427000064B0293064B0193064B0093064B872295
:1042800006490320F8F720FFFEE700BFFC2D0408D5
:1042900054540408302E040880280508B05304083C
:1042A0000EB430B586B0099DEDB10446E1F7ABFC24
:1042B000606A20B194F8483013F0080F20D00AA9A2
:1042C00005912846FBF750FD606294F8483023F0D2
:1042D000080384F848302046FFF706FD06B0BDE825
:1042E000304003B07047094B0293094B0193094BCF
:1042F0000093094B962209490320F8F7E5FEFEE7F3
:10430000F9F762F800236362D9E700BFDC370408DD
:1043100068540408302E040868280508B0530408BF
:1043200038B504460D461A49F7F774FD1949204679
:10433000F7F770FD0023A4F84430A4F84630AB1E14
:10434000DBB2022B15D894F8483043F0200384F8F0
:10435000483094F8483003F00703012B10D094F84C
:10436000483065F3020384F848302046FFF7BCFC70
:1043700038BD94F8483023F0200384F84830E8E74B
:10438000E36AB3F1FF3FEAD02046FFF7ABF9E6E777
:104390006B3703085F37030838B50C4600254D62BC
:1043A00091F8483065F3C30381F84830DBB265F318
:1043B000041381F848304FF0FF33CB6291F8482066
:1043C00065F3020281F84820A1F84450A1F8465054
:1043D0000B638D634D634FF6FF73CB630B648D628C
:1043E000D3B265F3861381F8483002212046DFF707
:1043F0006FFE29462046FFF793FF02492046FFF74C
:10440000EDFE38BD745404082DE9F04F91B0002939
:1044100063D004468B460EA9E1F765F82046FFF706
:104420000BFA0746BDF83C30BDF838209B1A9BB20A
:1044300001331BB20793572200212046E3F730FED9
:1044400005460590592200212046E3F729FE8046C3
:10445000582200212046E3F723FE089003B206937A
:10446000B5F90890626A00212046E4F7AFFA099096
:1044700094F8483013F0100A01D04FF0010A13F0FD
:10448000200F01D04AF0020A012200212046E3F762
:1044900007FE00B242F2D17398422CD00024254688
:1044A0005646C24607EB05087B5D63B301960023C1
:1044B0000093079B069A05994046FBF785FB284425
:1044C000BBF9022004EB09039A4241DD09EB0A0320
:1044D00014FA83F31CB20546E4E74F4B02934F4BAB
:1044E00001934F4B00934F4B40F20F224E49032054
:1044F000F8F7EAFDFEE794F8233013F0080FCDD16A
:104500004AF0040ACAE7B2462E46099B022B22D083
:10451000099B032B3AD0002400238DF837300C95EB
:104520000B930A93002E6ED198460A9A0B99059820
:10453000F6F79AFF069B18440130BBF90020A8EB60
:1045400003039A4262DB8044424563DD00205EE063
:10455000B2460646D9E7CDF800A0069B059A711B26
:104560004046FBF74FFCBDF83C30BDF838209B1AA5
:104570009BB20133C3F3C03202FA83F300EBD07075
:1045800040F34F04C4EB630424B2C5E7CDF800A0A8
:10459000069B059A711B4046FBF734FCBDF83C3086
:1045A000BDF838209B1A9BB201339BB21B1A1CB278
:1045B000B2E70A9A0B990598F6F756FF204483B2A2
:1045C00000B2BBF9002082421ADB089A13440C9D0A
:1045D000A0461CB2731E0C9A9342A6D30CAB0AAA37
:1045E0000BA93846FBF7F8FB1AF0010FE1D00C9B42
:1045F000F95C0DF13700FBF70BFA0028D9D0E9E799
:104600000C95A04691E74FF00008E3E7002011B0B9
:10461000BDE8F08F0120FAE7DC37040838540408BD
:10462000302E04081C280508B0530408C06B7047DE
:10463000006C70472DE9F04192B00546DCF7F2FDC1
:1046400004462846DCF792FE054610A92046E0F70E
:104650004AFF94F8483013F0100600D0012613F0FA
:10466000200F01D046F00206012200212046E3F788
:1046700017FD00B242F2D173984241D008A8E6F784
:104680003BFBB4F94430ADF83630B4F94630ADF800
:1046900038308DF83D6008AA00212046E0F704FB81
:1046A0009DF83C3013B901238DF83C302046FFF7CC
:1046B000BDFF074609902046FFF7BAFF0A904FF664
:1046C000FF739F4201D0984222D194F8483003F002
:1046D0000603022B2CD004F1300794F8483003F085
:1046E0000703032B48D0BDF84630BDF842209B1A83
:1046F0009BB201331BB2B3F5806F3EDA00273CE07A
:1047000094F8233013F0080FB8D146F00406B5E74B
:104710004FF480212046FFF76DF8ADF82E002022DF
:104720004FF480212046E3F7BBFCADF83000CCE726
:104730009DF83C30023BDBB2012BCCD8616A02967B
:1047400041F6FF730193BDF932300093BDF9343067
:10475000089A05A8FBF7A6FBBDF91420BDF8443064
:10476000BDF840105B1A9BB201331BB29A42B2DD16
:1047700001238DF83C30AEE70027AA6810A906A8EF
:10478000F7F7A6FCE8B194F8483013F0070F1BD0F8
:1047900094F8483003F00603022B23D0636A009795
:1047A00010AA08A92846E6F7D7FAD5F8088006AB7C
:1047B000AB6094F8483003F00703032B20D0C5F812
:1047C000088012B0BDE8F0812046E1F7D9FF4242EF
:1047D00012B2002110A8F7F76CFCB4F91A30ADF84A
:1047E0004630D5E7D5F8088006ABAB60636A009722
:1047F00010AA08A92846E6F7AFFAC5F80880D4E75A
:10480000616A029641F6FF730193BDF9323000935D
:10481000BDF93430089A05A8FBF744FBBDF9142014
:10482000BDF84430BDF840105B1A9BB201331BB297
:104830009A4223DCBDF91620BDF84630BDF842107F
:104840005B1A9BB201331BB29A42B8DDB4F9443013
:10485000ADF83630B4F8463013FA82F2089BB3F95B
:1048600008309BB213FA82F2ADF83820636A0097E1
:1048700010AA08A92846E6F76FFAA0E7B4F8443072
:1048800013FA82F296B2202211460898F6F7ECFD50
:1048900000EB40000644ADF83660B4F94630ADF8A0
:1048A0003830636A009710AA08A92846E6F754FA38
:1048B000C0E700002DE9F04387B00E465F48DCF703
:1048C000DDFB012802D007B0BDE8F0830446304686
:1048D000DCF7ACFC05463046DCF7A4FC0746A5F146
:1048E0001303192BEFD801A252F823F061490308F2
:1048F000C7480308354A0308C7480308C7480308E0
:10490000C7480308C7480308C7480308C74803083F
:10491000C7480308C7480308C7480308C74803082F
:10492000C7480308C7480308C7480308C74803081F
:10493000C7480308C7480308C7480308C74803080F
:10494000C74803087F49030855490308C7480308B7
:104950008B490308FEF7C6FE3846FFF7C5F9B2E7F4
:1049600057220021E3F79CFBB0F90810002904DB73
:1049700089103046DCF71EFDA5E70331F8E7FEF7A6
:10498000B1FE3846FFF7B0F99DE757220021E3F763
:1049900087FB0546582200213846E3F781FB0FFAD2
:1049A00080F8592200213846E3F77AFB0FFA80F9A4
:1049B00097F8483013F0100200D1144613F0200F7E
:1049C00002D044F00204E4B23846E0F74CFD012284
:1049D00000213846E3F764FB00B242F2D1739842FB
:1049E00004D197F8233013F0080F20D03846E0F7B1
:1049F0003AFD796A02940190CDF8009043462A4628
:104A000005A8FBF74FFA3046DCF714FCBDF914306B
:104A1000B0F900209342B8BF13460380BDF91630A9
:104A2000B0F902209342B8BF134643804BE741F6EA
:104A3000FF70DEE73046FFF7FDFD44E7AC280508D0
:104A40002DE9F04184B052B104460D46174690F866
:104A5000483013F0080F10D004B0BDE8F081204BAF
:104A60000293204B0193204B0093204B40F2812274
:104A70001F490320F8F728FBFEE7E1F7C4F8D4F854
:104A800024804046CBF7DCFD06463846CBF7D8FD00
:104A9000311801314046F8F7B3FC606268B14FF657
:104AA000FF739D4217D03A462946606AFBF710F91A
:104AB00000212046FFF792FBCEE70E4B02930E4BF0
:104AC0000193094B0093094B40F28F2208490320C0
:104AD000F8F7FAFAFEE7094B1B6898470546E2E744
:104AE000DC37040880560408302E0408082805081E
:104AF000B0530408FC2D040854540408AC000020F2
:104B00002DE9F04389B00C465C48DCF7B7FA012880
:104B100002D009B0BDE8F0832046DCF787FB0646EB
:104B20002046DCF77FFB0546132E2FD02C2E3BD0E2
:104B3000152EEED12046DCF719FC80462B8D002B7C
:104B4000E7D06B6A002BE4D003A92846E0F72AFCE3
:104B5000BDF80C602846E1F703FE80B2361AB6B203
:104B6000BDF80E702846E1F703FE80B23F1ABFB2CF
:104B70002846E0F771FC814605A8E6F76CFC05AA1B
:104B800000212846E0F735F9002454E049220021AD
:104B9000E3F786FA05B22046DCF74CFBB0F90030AB
:104BA000AB42B6DA0580B4E7038D002BB1D0436A7F
:104BB000002BAED02046DCF73DFB074600231E4607
:104BC0001C460EE06A6A02EB830132F9232094420C
:104BD000B8BF1446B1F902209642B8BF1646013359
:104BE0009BB22A8D9A42EDD8492200212846E3F74C
:104BF00057FA80B2044430443C80788089E71FFA39
:104C000089F34A889A1A17FA82F2ADF80620428888
:104C10009B1A17FA83F3ADF80A3002AB01AA05A973
:104C20004046E6F72DFC9DF81D3023F004038DF877
:104C30001D300134A4B22B8D013B9C42BFF669AFFD
:104C40006B6A03EB840133F824203244ADF804206E
:104C5000621C03EB820033F822303344ADF8083095
:104C600095F82A3013F0010FC9D14B883B44ADF8B9
:104C7000063043883B44ADF80A30CEE7C828050823
:104C800008B5084600230B854B6291F82A2063F390
:104C9000000281F82A200221DFF71AFA08BD08B5C0
:104CA00009B2E0F7A0FA08BD08B50021E3F780FFDC
:104CB00008BD70B586B00446FFF7F6FF08B3064698
:104CC00057224FF480212046E3F7EAF9054658229F
:104CD0004FF480212046E3F7E3F904B23046FEF7B3
:104CE000ABFD01460023029341F6FF72019200934F
:104CF00023462A4605A8FBF7D5F8BDF9140006B0EF
:104D000070BD0020FBE70000F8B590F82A3013F0E2
:104D1000010F00D1F8BD0446838C224AA2FB031286
:104D20009B1A02EB5302C2F38F02C38CB3FBF2F166
:104D300002FB11339BB2C38402EB420189B20B44E4
:104D40009BB2C384B3FBF2F002FB10339BB223850A
:104D500019442185572200212046E3F7A1F9054691
:104D6000592200212046E3F79BF906B2B5F9085015
:104D70002046E0F798FB07462046FFF795FFE38CB7
:104D80002E4416FB03F6B6B207EBD77705EBD571C9
:104D90004910C1EB670189B2891B09B2E0F723FA18
:104DA000B8E700BF2549922408B50068E3F7C0FEC4
:104DB000FFF7AAFF08BD00002DE9F04F93B0814630
:104DC0000E46FFF771FF002848D00546FEF734FD78
:104DD000024600212846E3F7F9FD022841D00328C6
:104DE0004FD001285BD0572200214846E3F758F9FD
:104DF0000446592200214846E3F752F90FFA80FA97
:104E0000B4F908404846E0F74EFB8346652200218E
:104E10004846E3F745F9804687B206B117B94846D8
:104E2000FFF772FFB9F82630A2441AFB03FA1FFA03
:104E30008AFA0BEBDB7B04EBD4735B10C3EB6B03E5
:104E40009BB2A3EB0A031CB206B16FBB22492846F2
:104E5000F6F7E0FF21462846E0F7C5F913B0BDE8B4
:104E6000F08F4846E0F7FFFA04462846E0F7EDFAEF
:104E7000201A00EBD07040F34F012846E0F79CF970
:104E8000B1E74846E0F7EFFA84B22846E0F7DDFAEA
:104E900080B2211A09B22846E0F78EF9A3E7002173
:104EA0002846E0F789F99EE701A8F6F799FF0195F2
:104EB000094B02932846E0F7A5FA09900A900B9453
:104EC0001FFA88F70C97054B0493054B089301A82C
:104ED000F6F7D2FFC2E700BF9F4C0308A94D0308B5
:104EE00087BF02082DE9F04182B006460F465722DF
:104EF0000021E3F7D5F8044657224FF480213046CD
:104F0000E3F7CEF8B4F90850B0F90840592200216F
:104F10003046E3F7C5F8631903EBD37300EB630581
:104F20001FFA85F82DB2F48A3046E0F795FA00EBC7
:104F3000D07004EB60039BB205EBD575A3EB650362
:104F40007B8018FA83F3FB8069463046E0F72AFA43
:104F5000BDF900303B80BDF90430BB8002B0BDE834
:104F6000F0812DE9F0479AB00546DCF75FF9044679
:104F70002846DCF757F90646152C04D0182C19D012
:104F80001AB0BDE8F0872846DCF7F0F904460AA914
:104F90003046FFF7A7FF0CA8E7F7A0FD0CAA4FF4D7
:104FA00080213046DFF72EFD0AAA0CA92046E7F73C
:104FB000D7FDE5E72846DCF7D9F905460CA8E5F763
:104FC0009BFE0CAA4FF480213046DFF76DFE06A948
:104FD0003046FFF787FF06AAA96808A8F7F778F810
:104FE0000028CDD03046FFF75FFE0746FEF726FCCF
:104FF00028B19DF84D3043F001038DF84D3038460F
:10500000FEF71AFC0446DDF83080BDF94490BDF986
:1050100042A03046E0F719FA022302930190CDF83E
:1050200000A04B464246214605A8FAF73BFF304612
:10503000E0F712FAB7F9168000EBD07040F34F0496
:10504000B6F916302344A8EB03084FEA88383846EF
:10505000E0F702FA98FBF0F8572200213046E3F718
:105060001FF80C9BB3F90820B0F90830D21A02EBF4
:10507000D27242F34F01BDF81630A3EB62031BB2AC
:10508000ADF81630B6F91620144408FB03F304EB10
:10509000A334641A322200213046E3F701F8804637
:1050A000122200213046E2F7FBFF81461322002145
:1050B0003046E2F7F5FFB38A4B441FFA88F212FA42
:1050C00083F3ADF82830ADF82A40338B181A80B23C
:1050D000801AADF82C00BDF8163013FA84F4ADF840
:1050E0002E409DF84D3043F002038DF84D30AC68F2
:1050F00008ABAB603846FEF79FFB034600220092E8
:105100000AAA0CA92846E5F727FEAC6038E72DE986
:10511000F04190B00546DCF785F80446E3F708FD5A
:10512000064608A8E5F7E8FD08AA00213046DFF7A3
:10513000BBFD2046FEF782FB28B19DF83D3043F0D1
:1051400001038DF83D302846DCF710F905468768E5
:1051500006F11402394606A8F6F7BAFF10B910B0E6
:10516000BDE8F08106ABAB6004A93046FFF7BAFE9C
:10517000B4F91430ADF80830B4F91630ADF80A308F
:10518000B4F91830ADF80C30BDF91230ADF80E306E
:1051900002AAA9681046F6F79BFFB8B9B4F9143013
:1051A000ADF80830BDF91630ADF80A30B4F9183052
:1051B000ADF80C30B4F91A30ADF80E3002AAA96877
:1051C0001046F6F785FFA8B9AF60C8E7D5F80880A4
:1051D00002ABAB6004F114062046FEF72DFB03463C
:1051E00000220092324608A92846E5F7B5FDC5F829
:1051F0000880D3E7AE6802ABAB6004F11408204628
:10520000FEF71AFB034600220092424608A92846F0
:10521000E5F7A2FDAE60D7E770B50D460846DCF7AE
:1052200005F80446152805D029461748DBF726FF60
:10523000012809D12846DBF7F5FF0646132C04D0D8
:10524000292C17D0152C1BD070BD2846DBF7F2FF98
:1052500005463046E3F76CFCFFF72BFD044630466D
:10526000E0F7F3F8241AB5F900309C42B8BF1C46A9
:105270002C80E9E7E3F75CFC0021FFF79DFDE3E705
:105280002846FFF744FFDFE7FC2805082DE9F04733
:1052900084B051B1054617460E46FFF705FD80461E
:1052A0000023EB842B85AB840DE0314B0293314B13
:1052B0000193314B0093314B632231490320F7F7BF
:1052C00003FFFEE70133F45C2CB10A2CFAD1A98C60
:1052D0000131A984F6E7AB8C0133AB848FB995F823
:1052E0002A3023F0010385F82A3031464046FEF784
:1052F00075FFEB8C2B854046DFF798FE04B0BDE8C8
:10530000F08795F82A3043F0010385F82A303046BB
:10531000CBF796F9471CC7EBC70A5046F8F79EF83B
:1053200081460CE0314607FB049005F06DFF631CDD
:1053300004FB0774013C0A2209F80420DCB2062CA5
:10534000F0D90AF1FF3A002309F80A3049464046ED
:10535000FEF744FF4846F8F71BF9AB8C03EB43021A
:10536000EA84C3EBC303AB842846FFF7CDFCC0E758
:10537000DC370408D8540408302E0408E428050853
:105380007C54040838B50C4691F82A3023F0010308
:1053900081F82A3000258D84CD840D85102120468A
:1053A000DEF796FE4FF400712046DEF791FE2146AF
:1053B0000548DFF7C7F9DFF774FA2A4603492046A4
:1053C000FFF764FF38BD00BFFC280508E854040857
:1053D00038B50B46114690F82A2012F0010F24D060
:1053E000828C184CA4FB024CA2EB0C020CEB520C6E
:1053F000CCF38F0CC28CB2FBFCF49C4515D91CFB82
:1054000004F4A4B2121B95B29E4612B2D21A002A1C
:10541000B8BF5242B2EB5C0F03D9AB420FD203EBE1
:105420000C0E14FA8EFE1FFA8EF3828C9A4201D86B
:10543000013A93B2C3840385FFF7BEFC38BDA3EBEA
:105440000C0EEEE7254992242DE9F04385B0054680
:10545000FFF72AFC002800F09D808046DCF74EFF15
:105460000646DCF751FF042801D0022803D1EB8C5B
:105470002B85042829D03046DCF746FF012831D19E
:1054800095F82A3013F0020F43D101A93046DCF71A
:10549000ACFFBDF80630B8F816209B1AADF8063000
:1054A000BDF80430B8F814209B1AADF8043001A9F7
:1054B0004046FEF7E7FA07464046FEF7BDF981464B
:1054C000002402942646A04615E02846DEF76BFE2F
:1054D0000446DCF7B8F90028CDD000212046DCF7DF
:1054E00047F9C8E73046DCF70FFF032840D1C7E78C
:1054F000DDF808800136BE4238D2274B1B6802A96E
:10550000484698470A28F3D1B845F1D0013424B26F
:10551000EEE7572200212846E2F7C2FD0446592251
:1055200000212846E2F7BCFDB4F9087007443FB2F9
:10553000B5F91640B5F91A301B1B03EBD3735B109A
:1055400013FA84F424B2B8F816800C213046DEF742
:1055500031F918FA80F000B2241A94FBF7F4002C09
:1055600010DBAB8CA34200DC5C1E24B2002C0BDAF7
:10557000EB8C039303AA1C212846DBF729FE05B018
:10558000BDE8F0830024ECE70122A1B22846FFF732
:105590001FFFEDE70120F2E7BC00002070B582B0EC
:1055A0000C468848DBF76AFD012801D002B070BDC7
:1055B0002046DBF73BFE05462046DBF733FE06467A
:1055C0006B1E2B2BF2D801A252F823F0B55603081C
:1055D000CD5603080B570308AD550308AD55030816
:1055E000AD550308AD5503080B570308AD55030827
:1055F000AD550308AD550308AD5503085F570308C3
:10560000115703084B570308AD550308AD55030860
:10561000AD550308B1570308AD550308BB57030840
:10562000AD550308AD550308BB570308AD55030836
:10563000AD550308AD550308AD550308AD55030836
:10564000AD550308AD550308AD550308AD55030826
:10565000AD550308AD550308AD550308AD55030816
:10566000AD550308AD550308AD550308AD56030805
:105670008F560308AD5503087D5603082046DBF717
:10568000D9FD04463046FFF714FB20808EE7FFF774
:105690000BFB18B100222A21DBF79AFD3046E0F718
:1056A00003F900213046FFF787FB7FE70021FFF772
:1056B00083FB7BE790F82A3023F0020380F82A303E
:1056C000FFF7F2FA4049F6F7A5FB6FE7DCF716FEA5
:1056D00001A9DCF7C4FEBDF90630002B3FF466AF2C
:1056E0003046FFF7E1FA0446DFF78CFEBDF80630DE
:1056F00013FA80F109B22046DFF775FD96F82A30DB
:1057000043F0020386F82A3050E7FFF79DFE4DE78D
:10571000DEF749FDDCF797F80446DCF7EFFDDCF730
:10572000F3FD042802D0F38C33853FE754B9F28CA3
:10573000338D9A423FF43AAFF38401213046FFF7AC
:105740003BFB33E7F38C338530E7C28C038D9A4201
:105750003FF42CAFC3840121FFF72EFB26E7204640
:10576000DBF768FD0278A2F11203DBB2012B11D93D
:10577000142A02D0112A7FF419AFF38C002B3FF4C6
:1057800015AF348D013B012299B23046FFF720FE60
:1057900034850BE7F38C591CB28C9142BFF606AFEF
:1057A000348D012289B23046FFF712FE3485FDE6C2
:1057B000FFF77AFADFF73AFCF8E62046FFF7D1FB6D
:1057C000F4E600BF182905089F4C030838B50546C4
:1057D000DFF73BFE04462846DFF73EFE8442B4BFB7
:1057E0000020012038BD2DE9F04782460C46002BF1
:1057F00051D00B88A3EB62039BB20B8013449BB286
:10580000013B8B80B0F916304B80B0F91A30CB8059
:1058100012224FF440315046E2F742FC80461322F8
:105820004FF440315046E2F73BFC814610224FF4E2
:1058300040315046E2F734FC064611224FF4403125
:105840005046E2F72DFC074669224FF4403150469E
:10585000E2F726FC05466A224FF440315046E2F753
:105860001FFC2288ABB298441FFA88F8A2EB08020A
:105870002280A2884B4412FA83F3A380628883B209
:105880001E44B6B2921B6280E2883B4412FA83F354
:10589000E380BDE8F0874B88A3EB62039BB24B80AB
:1058A00013449BB2013BCB80B0F914300B80B0F9AC
:1058B00018308B80ACE708B5FCF730F8012802D02F
:1058C000022800D0002008BD2DE9F047B0B0054601
:1058D000DBF7A8FC04462846DBF748FD06461622FF
:1058E00000212046E2F7DCFB5FFA80F92046FFF753
:1058F0006DFF054694F85C3003F00303012B5ED086
:105900004FF00008002D71D02046DFF7A5FD0746B7
:10591000B8F1000F02D0636A002B5FDBB9F1010F11
:1059200061D0B4F93830ADF8B8300DF18008404698
:10593000E7F7D4F842464FF440312046DFF762F8EB
:105940002B463A462EA92046FFF74DFFBDF9B83049
:10595000A4F86830BDF9BA30A4F86A30BDF9BC309B
:10596000A4F86C30BDF9BE30A4F86E3031460EA8F4
:10597000DFF74DFB4FF440331B93524B0F93002343
:1059800010931C9304F1680ACDF844A0CDF8488028
:105990002046FFF790FF02283CD00EAA1A2120468D
:1059A000DBF716FC524641463046E7F7D9F80EAA17
:1059B0001B212046DBF70CFC30B0BDE8F087A36A62
:1059C000002B02DB4FF000089CE7E36A002B02DDAE
:1059D0004FF0010896E74FF0000893E7B4F9343030
:1059E000ADF8B830A1E7B4F934309CE72046DFF7D2
:1059F0002CFD0746B8F1000F02D0636A002B04DBD0
:105A0000B4F93630ADF8BA308FE7B4F93A30ADF8C2
:105A1000BA308AE7382220A96846F7F701FE0EAAB5
:105A20001A212046DBF7D4FB524620A93046E7F77F
:105A300097F80EAA1B212046DBF7CAFB002D3CD0AD
:105A4000B9F1010F36D0B4F93430ADF8B8302B4687
:105A50003A462EA92046FFF7C6FEBDF9B830A4F895
:105A60006030BDF9BA30A4F86230BDF9BC30A4F89A
:105A70006430BDF9BE30A4F8663020AD38226946E6
:105A80002846F7F7CDFD0123109304F16007119725
:105A900012951C930EAA1A212046DBF799FB3A4671
:105AA00029463046E7F75CF80EAA1B212046DBF7B3
:105AB0008FFB81E7B4F93830C7E7B4F93A30ADF875
:105AC000BA30C4E7342905082DE9F04F87B00C46F9
:105AD000BC48DBF7D3FA012802D007B0BDE8F08F4D
:105AE0002046DBF7A3FB06462046DBF79BFB05467B
:105AF000FFF7E1FE0746112E5AD0012E00F0A080DC
:105B0000022E00F06181033E262EE6D801A353F851
:105B100026F000BFFB5E0308DB5A0308DB5A0308CC
:105B2000DB5A0308DB5A0308FB5E0308DB5A030851
:105B3000DB5A0308DB5A0308DB5A03088F600308AB
:105B4000715F0308DB5A0308DB5A0308DB5A0308BA
:105B5000DB5A0308995F0308DB5A03080D61030849
:105B6000DB5A0308DB5A0308DB5A0308DB5A030835
:105B7000DB5A0308DB5A0308DB5A0308DB5A030825
:105B8000DB5A0308DB5A0308DB5A0308DB5A030815
:105B9000DB5A0308DB5A0308DB5A0308DB5A030805
:105BA000DB5A0308DB5A0308DB5A0308915F03083A
:105BB0002046DBF73FFB0446AB68002B3ED0B3F931
:105BC0001460B5F96830ADF81030B5F96A30ADF849
:105BD0001230B5F96C30ADF81430B5F96E30ADF85F
:105BE00016303246314604A8F6F754FA00222168EE
:105BF00004A8F6F7BBFA207100287FF46EAF022FDD
:105C00007FF46BAFB5F96030ADF81030B5F96230A4
:105C1000ADF81230B5F96430ADF81430B5F966302E
:105C2000ADF816303246314604A8F6F733FA0022B2
:105C3000216804A8F6F79AFA20714EE70026C0E71B
:105C40002846DFF7E0FF95F8743043F0010385F84C
:105C50007430012F51D9022F7FF43FAFDCF74EFB98
:105C600004A9DCF7C2FB2846DFF7EFFB064628460F
:105C7000DFF7F2FB0446162200212846E2F710FA6D
:105C8000C0B2A6425DDB01283BD0BDF91020B5F9BA
:105C90006C309A423BDCBDF91020B5F960309A4275
:105CA00041DB012839D0B5F96030B5F96420D21A4A
:105CB00002EBD27203EB6202BDF91000121A002A45
:105CC000B8BF524212B2B5F96830B5F96C10C91AB2
:105CD00001EBD17103EB61031B1A002BB8BF5B42D0
:105CE0001BB29A4223DD05F124032B6795F874302B
:105CF00023F0020385F87430EFE605F124032B67E7
:105D0000EBE6BDF91020B5F968309A4203DA05F1E7
:105D100024032B67E1E60128BDD1BDF91020B5F9B8
:105D200064309A42BFDD05F130032B67D5E605F1FB
:105D300030032B6795F8743043F0020385F8743014
:105D4000CBE6BDF91210B5F96A30994203DA05F1D4
:105D500024032B67C1E6B5F96600814203DD05F136
:105D600030032B67B9E6B5F96220801A00EBD070DA
:105D700002EB6002521A002AB8BF524212B2B5F9C1
:105D80006E00C01A00EBD07003EB60035B1A002BAF
:105D9000B8BF5B421BB29A4209DD05F124032B67B1
:105DA00095F8743023F0020385F8743095E605F118
:105DB00030032B6795F8743043F0020385F8743094
:105DC0008BE600BF342905082B6F002B3FF49BAEF8
:105DD000DCF794FA0446DCF797FA01287FF47DAEED
:105DE00004A92046DCF701FBEC6AAB6AE41A2846FA
:105DF000FFF7ECFC002853D0122200212846E2F7DE
:105E00004FF9064607B2132200212846E2F748F967
:105E100081460FFA80F82846DFF717FB861BB6B2DB
:105E2000A6EB090636B2162200212846E2F738F919
:105E3000C3B2012B2CD0BDF91020B5F914301F448A
:105E4000D21B06EBD6735B1004FB023393FBF6F315
:105E5000A96A1944EC6AA86A2B6F05F130029342D3
:105E600044D0286BA142A8BF21468142B8BF014659
:105E7000186888423FF431AE934239D00122284657
:105E8000FBF7CCFC00221C212846DBF7A1F924E615
:105E9000B5F91820A2EB0802BDF91030D21AD0E7EC
:105EA000102200212846E2F7FBF88046112200214B
:105EB0002846E2F7F5F8074606B22846DFF7CCFA9F
:105EC000C31B9BB2A3EB080319B2BDF91200B5F9CD
:105ED0001A203244121AC3F3C0330B445B1004FB84
:105EE000023393FBF1F3A96A1944B3E76C6AB9E78B
:105EF00001222846FBF7D8FCC4E795F8743023F05C
:105F0000010385F8743000232B672846DFF77BFEFA
:105F10002846DEF748F90646DBF795FC0446DCF731
:105F2000EDF9DCF7F1F904287FF4D7AD002C3FF44C
:105F3000D4AD2846FFF7BFFC022814D195F8743081
:105F400013F0020F04D143F0020385F87430C4E566
:105F500095F8743023F0020385F874300021304640
:105F6000DBF706FCB9E500213046DBF701FCB4E5C0
:105F7000DCF7C4F9DCF7C8F9042802D002287FF462
:105F8000ACAD95F8743023F0020385F87430A4E5C5
:105F90002846DFF74BF8A0E512224FF4403128469F
:105FA000E2F77EF803B2019313224FF44031284602
:105FB000E2F776F807B210224FF440312846E2F7B4
:105FC0006FF80FFA80FA11224FF440312846E2F7B9
:105FD00067F806B26D224FF440312846E2F760F8C8
:105FE0000FFA80FB69224FF440312846E2F758F857
:105FF0000FFA80F96A224FF440312846E2F750F850
:106000000FFA80F82846DFF720FA4FEA4903029397
:1060100000EB49092846DFF71FFA4FEA48020392CE
:1060200000EB480081452ADA2846DFF70EFA029B8A
:10603000034443F34F030BFB03F35645B8BF5646E7
:10604000019A9742B8BF1746BE42B8BF3E46B6B2A5
:1060500006EB2326B6B20236B6B24FF440312846DC
:10606000DEF769FF16FA80F52DB22046DBF7E2F87D
:10607000B0F90030AB42B8BF2B4603802DE528466F
:10608000DFF7EAF9039B034443F34F03D3E72046CA
:10609000DBF7D0F80378113B032B3FF61EADDFE8AA
:1060A00003F0021E021E95F8743013F0020F0DD19A
:1060B0002846FBF71BFC012281182846FBF7AEFBA4
:1060C00000221C212846DBF783F806E52846FBF76B
:1060D00015FC012281182846FBF7E6FBF0E795F84E
:1060E000743013F0020F08D12846FBF7FFFB0122A2
:1060F000411E2846FBF792FBE2E72846FBF7FEFB32
:106100000122411E2846FBF7CFFBD9E72046FFF7C7
:10611000DBFBE2E438B50C4600250D6791F87430DE
:1061200065F3000381F87430DBB265F3410381F855
:1061300074304FF440712046DDF7CAFF102120462D
:10614000DDF7C6FF2846F5F76BFC1D2804DC0121AE
:106150002046DFF7A9FF38BD2846F5F761FC0A3075
:10616000034B83FB0023C117C1EBE30109B2EFE747
:106170006766666608B500684FF0FF334362DFF775
:1061800042FD08BD08B54162DFF73DFD08BD08B519
:1061900008460021F5F73EFE08BD00002DE9F0415C
:1061A00092B0044665220021E1F77AFF10B912B0DF
:1061B000BDE8F08107462046DDF7EDFF00F0010065
:1061C000666AB6F1FF3F1FD040B34FF48078A6EB6C
:1061D0000805002DB8BF6D4207FB05F52D0A00210B
:1061E0002046F5F717FE01A8F5F7FAFD01940D4BCF
:1061F000029309960A96CDF82C800B4B04930C95CC
:1062000001A8F5F739FED2E718B14FF480780026DF
:10621000DDE74FF000084FF48076D8E74FF0000834
:10622000D5E700BF85610308756103082DE9F041DA
:10623000A0B00546DAF7F6FF04462846DBF796F8E5
:106240000646122200212046E1F72AFF804613224B
:1062500000212046E1F724FF0746102200212046B6
:10626000E1F71EFF0546112200212046E1F718FF45
:10627000B4F914C0ADF878C0B4F91610ADF87A10BE
:10628000B4F91820ADF87C20B4F91A30ADF87E309E
:1062900018FA8CFCADF878C092B2D21BADF87C2015
:1062A00015FA81F1ADF87A109BB21B1AADF87E3069
:1062B00010A8E6F713FC10AA4FF400312046DEF7D1
:1062C000A1FB1EAA10A93046E6F74AFC2046DFF7DC
:1062D000C3F8258BA38AED1AADB20135ADB287B2F2
:1062E000ED1B1FFA85F82DB2636AB3F1FF3F60D052
:1062F00005FB03F3002B5ADB43F30F251622002185
:106300002046E1F7CDFEC0B201285AD0A38A2B4423
:10631000ADF8383017FA83F3ADF83C30B4F91630E5
:10632000ADF83A30B4F91A30ADF83E3012224FF4DD
:1063300040312046E1F7B4FE804613224FF440314D
:106340002046E1F7ADFE074610224FF440312046CB
:10635000E1F7A6FE054611224FF440312046E1F751
:106360009FFEBDF83830A3EB0803ADF83830BDF818
:106370003C303B44ADF83C30BDF83A305B1BADF8E7
:106380003A30BDF83E300344ADF83E306846E6F79B
:10639000A5FB6A464FF440312046DEF733FB0EAAD8
:1063A00069463046E6F7DCFB20B0BDE8F081FF33FC
:1063B000A2E72046DDF7EFFE10F0010F9ED1002589
:1063C0009CE7A8EB05080FFA88F59FE72DE9F8434D
:1063D0000C463548DAF752FE012801D0BDE8F883B3
:1063E0002046DAF723FF05462046DAF71BFF06466C
:1063F000132D07D01C2D50D0152DEFD12046FFF7BF
:1064000015FFEBE712224FF44031E1F749FE0FFA96
:1064100080F813224FF440313046E1F741FE07B2D5
:1064200010224FF440313046E1F73AFE0FFA80F97E
:1064300011224FF440313046E1F732FE05B24D45AE
:10644000B8BF4D464745B8BF4746BD42B8BF3D46B9
:106450000235ADB24FF440313046DEF76CFD15FA2F
:1064600080F52DB22046DAF7E5FE0446B0F900309B
:106470009D42B8BF1D4605804FF400313046DEF71F
:106480005AFD854203DDB4F900002080A6E74FF4F1
:1064900000313046DEF74FFDF7E7FFF77FFE30466D
:1064A000DFF7B1FB9AE700BF5029050810B50C468D
:1064B0004FF0FF334B6210212046DDF709FE082123
:1064C0002046DEF795F84FF480612046DEF790F81D
:1064D00010BD2DE9F04F91B0804606920A93BDF9A8
:1064E00068300B93BDF96C300C93BDF970300D938F
:1064F000BDF974B0BDF978300793B2F908701FFA8E
:106500008BF2089212FA87F79BB2099313FA87F776
:106510003FB2B0F8249019FB01F91FFA89F94E46F1
:10652000002518E0059E027812F0020F3DD0069B70
:10653000B3F908300BEB030207990A44BA4206DDAF
:10654000089A12FA83F3099A12FA83F31FB20136FA
:10655000B6B20135ADB2B646B8F824C009EB0C03AB
:106560009E4242DAD8F8281051F826000028EED0D2
:10657000D8F830A03AF91530002405962A190CF104
:10658000FF36B242CEDA04EB0E0651F82660002E3A
:10659000C8D0367816F0010FC4D001323AF8122074
:1065A00013441BB20134A4B2E8E70C9A0D990A44D3
:1065B00092B29B1A1BB20022029201930B9B009392
:1065C0000A9B069A00F108010FA8F9F76BFCBDF9C8
:1065D0003E305B44079A1344BB42B8BF3B461FB2F0
:1065E0002644B6B22C44A5B2B1E7384611B0BDE896
:1065F000F08F2DE9F04F8BB005460C4612224FF478
:10660000A021E1F74DFD0FFA80FB13224FF4A021EA
:106610002846E1F745FD0FFA80FA10224FF4A02139
:106620002846E1F73DFD0FFA80F911224FF4A02131
:106630002846E1F735FD03B2099358224FF4A02113
:106640002846E1F72DFD03B2089359224FF4A0210B
:106650002846E1F725FD07B257224FF4A02128462E
:10666000E1F71EFD079005224FF4A0212846E1F72F
:1066700017FD0FFA80F806224FF4A0212846E1F713
:106680000FFD06B219E0099B0493CDF80C90CDF8EC
:1066900008A0CDF804B00097089B079AA1B228463D
:1066A000FFF717FFB042A8BF304600B2EB6A404583
:1066B000B8BF404623F814000134EB8CA342E2D863
:1066C0002846DFF7F1F82846DFF79DFA0BB0BDE862
:1066D000F08F2DE9F04182B004460D461646DBF7F7
:1066E0000DFEDBF711FE01280DD003280BD016B1EB
:1066F0004FF6FF73338015B14FF6FF732B800020E8
:1067000002B0BDE8F081DBF7F9FD01A9DBF76DFE12
:10671000002E38D0BDF804702046E0F721F817FAB3
:1067200080F7BFB2162200212046E1F7B9FCC0B2C3
:1067300001281AD0A38AFF1ABFB2122200212046D4
:10674000E1F7AEFC80B2381A00B200213180338804
:10675000A28C934217D2226B32F81320114409B253
:10676000884210DB01333380F1E7B4F8188013223C
:1067700000212046E1F794FC80B2A8EB00039BB215
:10678000DB1B18B2E1E725B3BDF806602046DFF752
:10679000EFFF16FA80F6B6B2E38AF61AB6B2102206
:1067A00000212046E1F77CFC80B2311A09B20022B8
:1067B0002A802B88E08C834209D2E06A30F81300EB
:1067C000024412B2914206DB01332B80F1E7012033
:1067D00096E7012094E7012092E72DE9F041054674
:1067E0000E4617461C460023238006E021882A6BAC
:1067F00032F813201144218001339F42F6D816222B
:1068000000212846E1F74CFCC0B201281AD02846E6
:10681000DFF7A6FF238880B21B1A238012220021F3
:106820002846E1F73DFC238813FA80F080B22080EF
:106830002B6B33F81730184480B20138A080002346
:10684000638024E02846DFF78BFF238813FA80F06B
:1068500020802846DEF7F9FD2388C31A1FFA83F843
:10686000132200212846E1F71BFC80B2A8EB0003AD
:106870009AB2A3802B6B33F81730D31A2380DEE74C
:106880006288E96A31F813100A44628001339E423B
:10689000F6D8102200212846E1F702FC638813FA9B
:1068A00080F060802846DFF763FF638880B21B1AA0
:1068B0009BB26380EA6A32F8162013449BB2013B14
:1068C000E380BDE8F08130B583B004466B46828E2C
:1068D000C18EFFF782FFBDF90010002914DBBDF95E
:1068E00004502046DEF7B1FD854215DD2046DEF777
:1068F000ACFD81B2BDF80430C91A0123002209B2EF
:106900002046E0F76BF907E089B2494201230022F3
:1069100009B22046E0F762F9BDF90220002A14DB33
:10692000BDF906502046DEF797FD854215DD20466D
:10693000DEF792FD82B2BDF80630D21A012312B200
:1069400000212046E0F74AF907E092B252420123C3
:1069500012B200212046E0F741F903B030BD00003B
:106960002DE9F04FDFB00446DAF75CFC064620461E
:10697000DAF7FCFC0446826806F114015CA8F5F71E
:10698000A7FB10B95FB0BDE8F08FA36813935CABB1
:106990000894A360322200213046E1F781FB0746CC
:1069A000102200213046E1F77BFB054603B20C9331
:1069B000112200213046E1F773FB03B20B93122240
:1069C00000213046E1F76CFB824603B20A931322A2
:1069D00000213046E1F764FB129003B20993338C37
:1069E00010930024348496F8223043F0080386F88C
:1069F00022304BA8E6F772F84BA802464FF4A021CC
:106A00003046DDF7FFFF35A8E4F776F935A80246F2
:106A10004FF4A0213046DEF747F9109B338496F8F7
:106A2000223064F3C30386F82230F38A1D44ADB2EA
:106A30003046DFF79DFE2B1ABFB217FA83F3013BF6
:106A4000ADF86A313046DFF78BFE804616222146CC
:106A50003046E1F725FB5FFA80F908991BA8DEF7BD
:106A6000D6FA4FF4A0232893C14B1C931D943DAB41
:106A70001F932DAB2093A34605940E97CDF83C8031
:106A8000CDF844A0D1E1338B129A9B1A9BB20F9A96
:106A90009B1A9BB20E9A9B1A013BADF86431EDE153
:106AA000002307934FE1BDF86421013A93B2ADF89A
:106AB0006821326B32F815209B1A9BB20133ADF876
:106AC000643152E1BDF864319B1AADF86431013490
:106AD000A4B22F4663194A1E934215DA0BEB040247
:106AE00050F8222082B1127812F0010F0CD0326BD4
:106AF000013332F91320B9F1010FE3D0BDF8683149
:106B00001344ADF86831E2E70697BDF96A31BDF983
:106B100072219342C0F22E81BDF964C1ADF854C018
:106B2000BDF96611ADF85610BDF96801ADF8580011
:106B3000ADF85A309DF84FE1CEF344021EF0080F35
:106B40000FD0B6F914E00A9FBE44F44509DD1FFAE0
:106B50008CFCBDF94CE10EEBDE7EACEB6E0CADF8BF
:106B600054C012F0020F0ED0B6F916C00C9FBC44F0
:106B7000614508DD89B2BDF94CC10CEBDC7CA1EBB1
:106B80006C01ADF8561012F0080F13D0B6F91810BA
:106B9000099FC91B013988420CDABDF94CC10CF0C0
:106BA00001010CEBDC7C01EB6C0189B211FA80F085
:106BB000ADF8580012F0010F13D0B6F91A200B9956
:106BC000521A013A93420CDABDF94C1101F001025C
:106BD00001EBD17102EB610292B212FA83F3ADF8CC
:106BE0005A30F38E059A934203D1B38EAB4200F034
:106BF000CB8038224BA93DA8F6F712FD202235A9FB
:106C00002DA8F6F70DFD0DF15408CDF87880B38C62
:106C1000059A069903FB021729971BAA1A213046E9
:106C2000DAF7D6FA42463DA90898E5F799FFB36A24
:106C300053F80A30002B69D012224FF4A0213046BD
:106C4000E1F72EFA069013224FF4A0213046E1F727
:106C500027FA804610224FF4A0213046E1F720FAAF
:106C6000074611224FF4A0213046E1F719FABDF88A
:106C70006431069A13441FFA83FCADF85C30BDF80A
:106C80006821A2EB080293B2ADF86020BDF866213E
:106C90003A44ADF85E20BDF86A21121AADF86220C0
:106CA000079A12F0020740F0A9803A46B16A51F8FB
:106CB0000A10A3EB0C039BB201331BB202920193A7
:106CC000BDF9C6300093BDF9C830359A08315BA8CC
:106CD000F9F7E8F89FB9BDF866310D9A02EBD27268
:106CE00003EB62039BB2BDF96E2102EBD272C2F3D9
:106CF0004F02991AADF85E101344ADF8623059AAEC
:106D00005CA919A8F5F7E4F9002879D11BAA1B2181
:106D10003046DAF75DFAA3441FFA8BFB0BF1010B47
:106D20001FFA8BFB2C44A4B20134A5B2B18CA9424A
:106D300077D9B06A4FEA8B0A50F82B30002B3FF41A
:106D4000AFAE1B780793B9F1010F3FF4ACAEBDF8BD
:106D500068310133ADF86431326B32F8152012FA24
:106D600083F39BB2013BADF868310024B1E600BF6C
:106D7000E8290508A3441FFA8BFB0BF1010B1FFA4E
:106D80008BFB2C44A4B2CFE7328C02F06003202BA3
:106D900000D0002312F0020F01D043F0020312F0E2
:106DA000040F01D043F0040312F0080F23D043F086
:106DB0000803338496F8223043F0080386F8223023
:106DC0003DA8E5F78BFE2DA8E3F796FF3DAA4FF40B
:106DD000A0213046DDF716FE2DAA4FF4A021304643
:106DE000DDF762FF109B338496F8223023F008030E
:106DF00086F8223007E7002BDBD1FAE6022255E7BE
:106E000019AB089F3846BB60B36A53F80A300022BA
:106E10000092083317AA2DA9E3F79EFF5CABBB6075
:106E200074E7059B01339BB20593F38C059A93425B
:106E300026D9F36A059A33F912100D91BDF86A311B
:106E400001331AB2ADF8662111FA83F39BB2013B0C
:106E5000ADF86A31BDF976319A4211DCB9F1010F12
:106E60003FF411AEB38A119A13449BB20F9A9B1A46
:106E70000E9A12FA83F3013BADF86831002555E70D
:106E8000089B139A9A607DE570B582B00C469E48C7
:106E9000DAF7F4F8012801D002B070BD2046DAF725
:106EA000C5F906462046DAF7BDF90546701E2B28BF
:106EB000F2D801A353F820F0B36F0308B36F0308AF
:106EC000996E0308996E0308996E0308996E03087A
:106ED000996E0308EB6F0308996E0308996E030817
:106EE000996E0308996E030841700308397003080E
:106EF000996E0308996E0308996E0308996E03084A
:106F0000996E0308996E030801710308996E0308CE
:106F1000996E0308996E0308996E0308996E030829
:106F2000996E0308996E0308996E0308996E030819
:106F3000996E0308996E0308996E0308996E030809
:106F4000996E0308996E0308996E0308996E0308F9
:106F5000996E0308996E0308996E0308696F030818
:106F6000996E0308736F030800212846FFF741FB61
:106F700092E72046DAF75EF90022134605E0296B16
:106F800031F813100A4412B20133A98C9942F6D891
:106F90000023194605E0EC6A34F8114023441BB283
:106FA0000131EC8C8C42F6D8013A0280013B4380DF
:106FB00072E701AA0DF106012846FFF78AFB0128B6
:106FC0007FF46AAFAA8EBDF804309A4205D1E98EEB
:106FD000BDF8062091423FF45FAFAB86BDF80630A6
:106FE000EB862846DEF70FFE56E72846DEF70BFE57
:106FF000DBF784F9DBF726FAAA8E4FF6FF739A4285
:1070000003D0EA8E9A4200D068B1DBF777F9DBF75C
:107010007BF9012802D003287FF43EAF4FF6FF73BF
:10702000AB86EB8638E700221C212846DAF7D0F839
:1070300001287FF431AFE8E72846DEF7E4FD2BE7CF
:107040002046DAF7F7F80268A98EEC8E4FF6FF7348
:10705000994212D09C4210D0B5F824C0614516D296
:107060000846EE8CB44214D22346113A032A3FF666
:1070700013AFDFE802F01B1D19100023AB86EB866F
:107080002846FFF720FC2846DEF7BDFD04E7002078
:10709000E7E70023E9E7013884450EDC721E9A42D7
:1070A00008DD013300200AE00130F5E7013BF3E79A
:1070B0000133F1E70CF1FF3001E0002815DB9E42BF
:1070C0001ADC731E884202D1A3423FF4E5AEA886C3
:1070D000EB862846DEF797FD2846FFF7F4FB0022F3
:1070E0001C212846DAF774F8D6E61BB10CF1FF3004
:1070F000013BE4E71846E2E7002BE3DA0023E1E78F
:107100002046FFF72DFCC7E6E829050870B50E46B6
:10711000002408E0B36A5859F6F756F9B36A00221A
:107120005A510134A4B2B38CF28C02FB03F39C429B
:107130000FDAB36AA50053F82430002BF1D0586859
:107140000028E7D0F6F740F9B36A5B5900225A608D
:10715000E0E7B06A08B1F6F737F9F06A08B1F6F778
:1071600033F9306B08B1F6F72FF970BD10B50C4646
:1071700001238B84CB840220F6F708F92063E08C8E
:107180004000F6F703F9E062226B82231380E26A83
:107190001380E18CA38C03FB01F18900A06AF6F750
:1071A0002FF9A0620023036010BD08B5C9F748FAA3
:1071B000093008BD08B5083004F026F808BD2DE9EF
:1071C000F04F8FB004460D460B9212224FF4A021CF
:1071D000E0F766FF03B2099313224FF4A021204683
:1071E000E0F75EFF0FFA80F810224FF4A02120464E
:1071F000E0F756FF0FFA80F911224FF4A021204644
:10720000E0F74EFF0FFA80FA58224FF4A0212046F3
:10721000E0F746FF02B2089259224FF4A02120461F
:10722000E0F73EFF00B2079057224FF4A02120461E
:10723000E0F736FF0A9005224FF4A0212046E0F740
:107240002FFF06B206224FF4A0212046E0F728FFC8
:1072500007B21FFA85FBCDF810A0CDF80C90CDF841
:1072600008800999019107990091089B0A9A59464B
:107270002046FFF72EF9E36A33F91520B842A8BF7C
:10728000384600B2B042B8BF304623F81500E36A72
:1072900033F91530934208D02046DEF705FB20462F
:1072A000DEF7B1FC0FB0BDE8F08F0CABBDF82C20C1
:1072B00059462046FFF791FAB4F91620B4F9141094
:1072C0000CA8F4F7F6FE0CA92046DEF774FCE9E7FB
:1072D00010B501460348DDF735FA0446DDF7E1FA5B
:1072E000204610BDE82905082DE9F04385B0B0F827
:1072F0002680884546D004460E46C1844900C06AAF
:10730000F6F77EF8E06250B1B0452BD9A58C18FB9A
:1073100005F91FFA89F9E38C03FB05F518E0284B02
:107320000293284B0193284B0093284BDA222849DB
:107330000320F5F7C9FEFEE7F6F746F8A36A53F80F
:10734000253000225A60A36AD859F6F73DF8013576
:10735000A94507D9A36AAF0053F82530586800281B
:10736000EAD1F0E7E18CA38C03FB01F18900A06A6C
:10737000F6F746F8A06240B1B04513D3002120468D
:10738000FFF737F905B0BDE8F0830D4B0293114BC1
:1073900001930D4B00930D4BEE220D490320F5F7A1
:1073A00093FEFEE7A38C03FB08F8E28C02FB03F3D9
:1073B000A3EB0801890000EB8800F6F7EDF9DDE7A3
:1073C000FC2D040874550408302E04089C29050877
:1073D000185504088C5504082DE9F04F87B0878CA8
:1073E0008F4200F08780064688468184C08C01FB6E
:1073F00000F08000F5F7CAFF059070B1B18CF38CF6
:1074000003FB01F189000598F6F7C6F9BA4647452E
:1074100028BFC2464FF0000B37E0384B0293384B81
:107420000193384B0093384B40F207123749032041
:10743000F5F74AFEFEE712F8010B01F8010B013BDC
:10744000002BF8D1002509E0B36A53F82400F5F7C2
:10745000BBFFB36A002243F824200135A7EB0803E1
:10746000AB4210DD0AEB09042C44B36A53F8243014
:1074700058680028E8D0F5F7A7FFB36A53F824301E
:1074800000225A60E0E70BF1010BF38C5B450CD94D
:107490000BFB07F90BFB08F1059B03EB8101B26ABB
:1074A00002EB89024FEA8A03CAE7B06AF5F78CFF5C
:1074B000059BB3624FEA4801306BF5F7A1FF3063DB
:1074C00090B90E4B0293124B01930E4B00930E4B4F
:1074D00040F22D120D490320F5F7F6FDFEE7336B60
:1074E000822223F817200137B845F8D8002130460A
:1074F000FFF77FF807B0BDE8F08F00BFFC2D040850
:10750000A8550408302E04088429050818550408D5
:10751000C05504082DE9F04F87B0002B3ED004463B
:107520000E4617469A46838C934244D9E38CB34265
:1075300046D9A58C05FB0675D4F8289059F8258006
:10754000B8F1000F42D098F800B0B8F1000F40D069
:10755000D8F8043005935046FFF727FE0146404611
:10756000F5F74EFF49F82500A36A53F825000028D7
:1075700032D05146FFF71EFEA36A53F8253083F838
:1075800000B0A36A53F82530059A5A603A4631464E
:107590002046FFF714FE07B0BDE8F08F154B0293AD
:1075A000154B0193154B0093154B59221549032098
:1075B000F5F78AFDFEE7511C89B2FFF70DFFB5E72D
:1075C000711C89B22046FFF78FFEB2E74FF0000B27
:1075D000BBE7CDF81480BEE70B4B02930B4B019336
:1075E000064B0093064B712206490320F5F76CFD0C
:1075F000FEE700BFDC37040880560408302E04087C
:10760000D029050818550408FC2D0408D85504088D
:1076100008B42DE9F04F86B00F9B002B51D00446E3
:107620000E461746838C934258D9E38CB3425AD9FD
:10763000A58C05FB0675A36A53F82580B8F1000FE9
:1076400057D098F800B0B8F1000F01D0D8F80480F6
:1076500010AB059304930F9A00210846F6F790FDAE
:107660008146D4F828A000F109015AF82500F5F761
:10767000C7FE4AF82500A36A53F82530002B3BD0FB
:107680004B4400221A72A36A53F82500049B0F9AF8
:1076900009F101010830F6F773FDA36A53F82530AC
:1076A00083F800B0A36A53F82530C3F804803A4643
:1076B00031462046FFF783FD06B0BDE8F04F01B02C
:1076C0007047144B0293144B0193144B0093144BCB
:1076D000802214490320F5F7F7FCFEE7511C89B21C
:1076E000FFF77AFEA1E7711C89B22046FFF7FCFD87
:1076F0009EE74FF0000BA6E70B4B02930B4B019359
:10770000064B0093064BBA2206490320F5F7DCFC32
:10771000FEE700BFDC37040868540408302E040874
:10772000B429050818550408FC2D0408D855040888
:1077300070B504460D461646838C8B4207D9236BE1
:1077400023F8156000212046FEF753FF70BD01317C
:1077500089B2FFF741FEF2E7C38C8B420AD9838CD2
:10776000934207D903FB0122836A53F8220080B1B8
:107770000830704700B583B0074B0093074B4FF4B8
:10778000D27207490220F5F79FFC064803B05DF866
:1077900004FB0448704700BFF85504086C2905082D
:1077A000185504084C580408C08C7047C38E0B80D1
:1077B000838E13807047704790F8543003F00103B4
:1077C0008B4235D010B582B081B3012290F854308D
:1077D00062F3000380F85430B0F948C0ADF800C03F
:1077E000B0F94A10ADF80210B0F94C20ADF8042001
:1077F000B0F94E30ADF80630446AB4F814E01EFA21
:107800008CFCADF800C0B4F816C01CFA81F1ADF8DC
:1078100002101EFA82F2ADF804201CFA83F3ADF8D0
:1078200006306946DEF7C7F902B010BD0022CDE789
:107830007047000030B593B0044665224FF4E02154
:10784000E0F72EFC58B912492046F4F7E3FA94F811
:10785000543043F0010384F8543013B030BD054672
:1078600001A8F4F7BDFA0194094B02930C950F950A
:10787000012309930A9300230B93064B08934FF6B9
:10788000FF73ADF8443001A8F4F7F6FAE5E700BF5E
:10789000B9770308F9BF0208F0B58DB00546D9F7EE
:1078A000C1FC04462846D9F761FD0546606AFBF72E
:1078B000C3FF03781BB9A36A0BB11B780BB90DB0DA
:1078C000F0BD04A8E3F718FA04AA4FF400212046FB
:1078D000DDF7EAF994F8603013F0080F05D09DF851
:1078E0002D3043F002038DF82D3012220021204666
:1078F000E0F7D6FB0646102200212046E0F7D0FB39
:107900000746322200212046E0F7CAFBB4F91430C2
:10791000ADF80830B4F91630ADF80A30B4F91830C3
:10792000ADF80C30B4F91A30ADF80E3082B29119BE
:107930003A4412B209B202A8F4F7BBFBA36A0022D0
:10794000009202AA04A92846E3F706FAB7E7000066
:107950002DE9F0439DB00546D9F764FC044628465E
:10796000D9F704FD0646606AFBF766FF94F85430C9
:1079700013F0010F02D11DB0BDE8F08307460EA839
:10798000E5F7ACF80EAA4FF4E0212046DDF73AF80F
:10799000B4F94800ADF83000B4F94A10ADF832102F
:1079A000B4F94C20ADF83420B4F94E30ADF836308F
:1079B000D4F824C0BCF8145015FA80F0ADF83000AB
:1079C000BCF8160010FA81F1ADF8321015FA82F207
:1079D000ADF8342010FA83F3ADF836300CAA0EA9B6
:1079E0003046E5F7BDF832224FF4E0212046E0F7BB
:1079F00057FB804612224FF4E0212046E0F750FB6F
:107A00001FFA88F818FA80F91FFA89F910224FF442
:107A1000E0212046E0F744FB18FA80F5ADB24FF0C4
:107A20000008CDF82880CDF82C80236D1F441A4B18
:107A30001B6838469847024639460AA8F5F7F0FD14
:107A4000BDF830309944ADF83090BDF832301D4467
:107A5000ADF8325055224146606AE0F721FB0546F9
:107A600002A8E3F749F902AA4FF4E0212046DDF726
:107A70001BF99DF83B30022B05D8BDF81430A8B295
:107A800083423FF478AF002300930AAB0CAA02A90B
:107A90003046E3F761F96EE7C400002010B50C46EC
:107AA000C86A18B1F5F790FC0023E362206B18B1A7
:107AB000F5F78AFC00232363A06A18B1F5F784FC6C
:107AC0000023A36210BD90F8543061F3410380F8A5
:107AD0005430704790F86030C3F3C0038B422CD011
:107AE00070B504460D4690F8603061F3C30380F82A
:107AF0006030C1B142F2D17142F26406606ADDF7D2
:107B000093FB00223146606AE0F7B0FF7DB142F29C
:107B1000D1712046DDF79FFB00231A461946204607
:107B2000DFF702F970BD42F264010026E6E70022A9
:107B300004212046E0F746FDEEE7704708B590F8CF
:107B4000603013F0040F01D0C06A08BD406AFBF733
:107B500073FEFAE770B582B004460D46836B8BB9AD
:107B6000636BDBB11B78DBB100230193606B019B7E
:107B7000C35C8BB10C4B1B6801A99847A842F5D197
:107B800001200EE0094B1E68FFF7D8FFB047A36B3A
:107B90009842E5D3002004E0002002E0012000E04C
:107BA000012002B070BD00BFBC000020AC0000206E
:107BB000406C70472DE9F04F89B0044657220021F0
:107BC000E0F76EFA8046592200212046E0F768FA75
:107BD00000902046FFF7ECFF8146606AFBF72CFE21
:107BE00005460190884B1B6849469847074605EBB8
:107BF000000B864B1B680021584698470646B8F98B
:107C000008A00D284ED842F20143C34013F0010FE3
:107C10004AD0202100224046F3F726FC05B207AAED
:107C20004946606AFBF710FED4F824904846FBF7FB
:107C300003FE024600214846E0F7C8FEBDF91C30AD
:107C4000626AB2F914100B442B44B2F91820934223
:107C500032DD94F8603013F0080F2DD103282BD0BB
:107C60000023ADF81C30BDF81E20009B534412FACF
:107C700083F3ADF81E30CEB1654B1B68584698476C
:107C80000744624B1B68002101983844984701461D
:107C90000D280CD842F20143C34013F0010F06D067
:107CA000202104E00146B5E70146B3E72021002288
:107CB0004046F3F7D9FB05B2276532224FF4E021A5
:107CC0002046E0F7EDF9814610224FF4E0212046EE
:107CD000E0F7E6F91FFA89F919FA80F7BFB2112225
:107CE0004FF4E0212046E0F7DBF919FA80F6B6B24E
:107CF00012224FF4E0212046E0F7D2F919FA80F879
:107D00001FFA88F813224FF4E0212046E0F7C8F963
:107D100019FA80F0BDF81C20A2EB08081FFA88FBB6
:107D20000FFA88F8ADF81480BDF81E30DF1B1FFA7B
:107D300087F93FB2ADF8167012FA80F015FA80F5A7
:107D4000ADB2013DAAB200922DB2ADF818501E445A
:107D50001AFA86F6B6B2013E1FFA86FA36B2ADF8C6
:107D60001A60B4F94800ADF80C00B4F94A10ADF847
:107D70000E10B4F94C20ADF81020B4F94E30ADF827
:107D80001230D4F824E0BEF814C01CFA80F0ADF82C
:107D90000C00BEF8160010FA81F1ADF80E101CFAB6
:107DA00082F2ADF8102010FA83F3ADF8123003AB75
:107DB00019462046DDF7FFFEA4F84880A4F84A7073
:107DC000A4F84C50A4F84E60ADF80C80ADF80E70DD
:107DD000ADF81050ADF81260626A938A9B44ADF81A
:107DE0000CB0D28A9144ADF80E9000990B44ADF8D6
:107DF00010309244ADF812A003A92046DDF7DBFE57
:107E000009B0BDE8F08F00BFB4000020BC00002026
:107E1000C400002070B50546D9F708FA0446284684
:107E2000D9F700FA0646E0F783FE293CE4B2012CBC
:107E300000D970BD054600213046FCF7CFF9284631
:107E4000FFF7B8FE2846FFF7F5FCF2E7436C8B42DC
:107E50007ED0F0B583B004460D463E4B1E68406AA6
:107E6000FBF7EAFCB047002D4CDB0646A84204DBDA
:107E700047F6FF739D4200D02E4666642046DEF72B
:107E8000EFFB572200212046E0F70AF9054601AA38
:107E90003146606AFBF7D8FCB5F90860BDF90650B9
:107EA0002046DEF76DFC85422EDB2046DDF7FBFA2F
:107EB0000746BDF9065035442046DEF761FC2D1A11
:107EC000BD4228DCBDF904502046DEF7B9FC8542EE
:107ED0002CDB2046DDF7C7FA0746BDF904503544D0
:107EE0002046DEF7ADFC2D1ABD4226DCBDF904307C
:107EF000A4F840302046FFF79DFC2046FFF75AFECD
:107F000003B0F0BD0544B0E70122BDF906102046DC
:107F1000DEF7F6FEC9E7BDF80610C91B16FA81F1B7
:107F2000012209B22046DEF7EBFECBE70122BDF9C4
:107F300004102046DEF7D0FECBE7BDF80410C91BC5
:107F400016FA81F1012209B22046DEF7C5FECDE71F
:107F5000704700BFAC000020F0B587B00546DAF7E7
:107F6000CDF948B106462846D9F75CF9044690F8A1
:107F7000543013F0020F01D107B0F0BD3046DAF7EC
:107F8000C3F90228F8D03046DAF7BEF90428F3D056
:107F900004A9606ADDF706FA03A93046DAF725FA84
:107FA00002A93046DAF75BFABDF90C30002BE3DBAF
:107FB000BDF90E20002ADFDB9BB2BDF810105B1A62
:107FC000ADF8043092B2BDF81230D21AADF80620E6
:107FD0002846D9F72BF90546606ADDF736FA666A56
:107FE000BDF90430002B12DB834203DB012247F68C
:107FF000FF770EE001A93046FBF744FD87B201A9E7
:10800000606AFCF701FA80F00102D2B201E00122BD
:10801000002794F8603013F0020F0DD013F0010325
:1080200002D10AB9012D33D00BB1022D40D01BB1C2
:10803000032D3FD0082D3DD094F8603013F0010F90
:1080400001D1012D03D139462046FFF7FFFE94F8F8
:10805000603013F0010F8FD0A26DE36D9A422FD9DB
:10806000F16B8B4202D1316C8A4205D0F363A36D70
:1080700033642046DDF7C7FD032D02D0082D7FF4C1
:108080007BAF94F8603023F0010384F8603073E72D
:10809000A7654FF6FF73E36594F8603043F0010382
:1080A00084F860304FF440712046DCF711F8C3E7E4
:1080B000E765C1E74FF440712046DCF799FABBE76A
:1080C0009A420CD2F16B8A4202D1316C8B42D3D0EE
:1080D000F263E36D33642046DDF795FDCCE7F26B88
:1080E0004FF6FF739A4202D1326C9A42C4D04FF6D7
:1080F000FF73F36333642046DDF785FDBCE70000C2
:1081000038B50C4691F8603023F0040381F86030F4
:108110000025CD620D6340F2DC538B874D638D6388
:1081200091F8543043F0010381F8543001234B643B
:1081300091F8543043F0020381F85430A1F84050D4
:1081400091F8603065F3C30381F86030DBB265F30A
:10815000410381F860304D628D620846FBF756FBA3
:10816000606242F26401DDF75FF80B49606AFCF778
:1081700035F82B462A460949606AD9F773F84FF457
:1081800080612046DCF734FA29462046FFF75EFE80
:108190002046FFF74FFB38BD4C580408157E0308F6
:1081A0000346006B00B1704700B585B0572200212F
:1081B0001846DFF775FF002342F222026946F3F703
:1081C000CFF818B9024805B05DF804FB0148FAE79A
:1081D000A04004088C5604082DE9F84390F860305C
:1081E00013F0040F01D1BDE8F8830546406AFBF7A0
:1081F00023FB164B1B68984780460028F3D028467F
:10820000FFF7CEFF8146C8F71BFA064600FB08F0D1
:108210000130F5F723F90746002406E032464946C7
:1082200006FB0470F5F7FCF901344445F6D306FB70
:1082300004F400233B553946686AFBF7CFFF384604
:10824000F5F7A6F92846FFF7B5FCCCE7AC0000200F
:1082500010B592B00446838F1BB9FFF7BDFF12B073
:1082600010BD01A8F3F7BCFD0194084B0293A38F46
:108270000C93002309930A9301230B93044B089357
:10828000044B049301A8F3F7F7FDE8E7B777030879
:10829000F9BF02089982030808B50068FFF79CFF40
:1082A00008BD90F86000C0F3C0007047406B704795
:1082B000806B704710B50446406AFCF7B7F94FF67B
:1082C000FF7398420AD04FF6FF71606AFBF7AAFA73
:1082D0004FF6FF71606AFBF7AAFA10BD606AFCF7FF
:1082E000A7F94FF6FF739842EDD1F6E7F0B587B0E6
:1082F00069B105460C4690F8603013F0040F13D1B5
:108300002846FFF7D3FF90B1002305934DE03E4B85
:1083100002933E4B01933E4B00933E4BA4223E49B9
:108320000320F4F7D1FEFEE7FFF756FFE8E7284603
:10833000FFF7BEFF0028E7D12146284600F078F875
:10834000012836D1AB6A2BB1686AFBF775FA03785E
:10835000002B30D02246696C686AFCF771FB284616
:10836000FFF7A8FF95F8603013F0040F27D12846D7
:10837000FFF71EFC0646294B1B682046984731181C
:108380002846FFF763FD00221C212846D8F720FF6E
:108390000FE0234B1B6805A920469847214B1B681B
:1083A00098470146284600F063F8059BE35C002BE4
:1083B000EFD107B0F0BD2846DDF725FCCAE7EF6A2C
:1083C0003846C8F73DF906462046C8F739F931184E
:1083D00001313846F5F714F8E86238B12246696C85
:1083E000F7F776FC2846FFF733FFC0E70E4B029302
:1083F0000E4B0193064B0093064BC4220649032003
:10840000F4F762FEFEE700BFDC370408805604087C
:10841000302E0408342A050810560408AC00002049
:10842000BC000020C0000020FC2D04089056040869
:1084300070B506460C460D4D00232B600A461D21E3
:10844000D8F7C6FE2D680DB1287830B165B1214648
:108450002846C7F7D5FE08B9012070BD2946304629
:10846000FFF744FF0020F8E70120F6E7C0510120A4
:1084700070B588B00446059190F8603013F0080F8D
:1084800003D00A2951D00D294FD0059B0693002314
:10849000079306A92046FFF7CBFF012845D12E4BB5
:1084A0001B68002105A8984701462046FFF752FBAC
:1084B00000283AD094F8603013F0040F37D1A36A43
:1084C00023B1606AFBF7B8F90378A3B306AA616C1D
:1084D000606AFCF7B5FA2046FFF7ECFE94F86030CE
:1084E00013F0040F15D0E66A3046C8F7A9F8054620
:1084F00006A8C8F7A5F8291801313046F4F780FF1F
:10850000E062E0B106AA616CF7F7E2FB2046FFF7F4
:108510009FFE2046FFF74CFB411C2046FFF796FCD0
:1085200000221C212046D8F753FE08B070BD20461B
:10853000FFF752FEC3E72046DDF765FBC6E7074BB2
:108540000293074B0193074B0093074B9222074975
:108550000320F4F7B9FDFEE7BC000020FC2D040861
:1085600090560408302E04084C2A050810560408BA
:10857000436C03B9704730B587B004467F23ADF82C
:10858000143005A9FFF754FF012801D007B030BD12
:10859000606AFBF751F90546616C01220139F7F772
:1085A000C3FB2946606AFBF719FE2046FFF782FEEF
:1085B000A36A23B1606AFBF73FF90378FBB194F833
:1085C000603013F0040F0FD0616C01220139E06AB2
:1085D000F7F7AAFBE56A2846C8F732F8411C284697
:1085E000F4F70EFFE06270B1616C01392046FFF7CD
:1085F0002DFC00221C212046D8F7EAFDC6E72046C4
:10860000DDF701FBDBE7064B0293064B0193064BBC
:108610000093064BF42206490320F4F755FDFEE7CC
:10862000FC2D040890560408302E04081C2A050866
:108630001056040838B50446FFF7BAFA0546411C3F
:108640002046FFF703FC2046FFF7B2FAA84200D10C
:1086500038BD2046FFF78CFFFAE7000070B586B002
:10866000D9B104460D46FFF725FE2046FFF71EFE52
:1086700008B33B49606AFBF7B1FD47F6FF7120463E
:10868000FFF7E4FB94F8603013F0040F02D0E36AC4
:1086900000221A700023059328E0324B0293324BDC
:1086A0000193324B0093324B40F20F1231490320B9
:1086B000F4F70AFDFEE72046FFF7FAFD0028D8D1BF
:1086C0002946606AFBF78AFD47F6FF712046FFF7EF
:1086D000BDFB0FE0284B1B6805A928469847274B90
:1086E0001B68984701462046FFF7C2FE059BEB5CDE
:1086F000002BEFD1A36A23B1606AFBF79DF80378E2
:10870000DBB194F8603013F0040F0FD0E66A28460E
:10871000C7F796FF411C3046F4F772FEE06280B165
:10872000294602F071FD2046FFF792FD00221C2130
:108730002046D8F74DFD06B070BD2046DDF763FA40
:10874000DFE70F4B02930F4B0193084B0093084B4D
:108750004FF4987207490320F4F7B6FCFEE700BF18
:108760004C580408DC37040880560408302E0408EE
:10877000042A050810560408BC000020C000002090
:10878000FC2D04089056040810B50446FFF710FAB3
:10879000411C2046FFF75AFB10BD10B50446FFF7F9
:1087A00007FA00B910BD411E2046FFF74FFBF9E75D
:1087B00070B582B00546446AFFF7FAF9014601AA8E
:1087C0002046FBF741F8592200212846DFF768FCD4
:1087D0000646572200212846DFF762FCB0F9084020
:1087E000BDF90630344413FA84F4013424B2ADF8F0
:1087F0000640B5F94030ADF80430686ADCF72CFE6D
:10880000844201DB02B070BD01A9686AFBF73AF946
:108810000146B5F940402846FFF718FBA5F840404F
:10882000F0E730B583B00446456AFFF7C1F9014669
:1088300001AA2846FBF708F8592200212046DFF755
:108840002FFC0546572200212046DFF729FCB0F90E
:108850000800BDF90630284480B21B1A0133ADF878
:108860000630B4F94030ADF8043001A9606AFBF776
:1088700009F90146B4F940502046FFF7E7FAA4F899
:10888000405003B030BD000070B50C464E48D8F7DC
:10889000F5FB012800D070BD2046D8F7C7FC05467F
:1088A0002046D8F7BFFC06466B1E172BF3D801A253
:1088B00052F823F0B1890308B1890308B18903088C
:1088C0009788030897880308978803089788030800
:1088D000B1890308978803089788030897880308D5
:1088E000978803081B8903081589030897880308DC
:1088F00097880308978803089788030897880308D0
:1089000097880308B989030897880308978803089C
:10891000C1890308FEF78EFFBDE72046D8F78AFC21
:108920000468142C10D8022C37D3A31E122B34D871
:10893000DFE803F024293333333320332F33333349
:10894000333333181C1014007F2C26D13046FFF728
:1089500071FEA0E73046FFF717FF9CE73046FFF7B0
:108960001CFF98E73046FFF75CFF94E73046FFF7BF
:108970001FFF90E73046FFF7FBFD8CE700213046F4
:10898000FFF764FA87E747F6FF713046FFF75EFAB4
:1089900081E73046FFF785FC20B921463046FFF7D6
:1089A00067FD78E700221F213046D8F711FC72E7F7
:1089B0002046FFF7D1FA6EE72046FEF76DFF6AE723
:1089C0002046FEF7C5FF66E7642A0508F0B589B0C2
:1089D00005460E4617461C460193244B0093244B34
:1089E0009A2224490420F4F76FFB0222294605A8A5
:1089F000F4F79AF9B0B90022314605A8F4F7DEF889
:108A0000D8B904AB2246394605A8F4F7B2F8F8B94C
:108A1000049BA3421CD1002405A8F4F78BF8204640
:108A200009B0F0BD144B0093114B9D221149032056
:108A3000F4F74AFB4FF0FF34EEE7104B00930C4B7A
:108A4000A9220C490320F4F73FFB6FF00104E3E790
:108A5000049B029301940A4B0093054BB6220549EF
:108A60000320F4F731FB6FF00204D5E7F856040851
:108A7000942A0508A4560408185704082C5704081B
:108A8000445704082DE9F047B0B0074688469146A0
:108A90009A464FF4006001F0DFF900283BD005460C
:108AA00034263246002123A801F046FF282422461E
:108AB000002119A801F040FF224600210FA801F073
:108AC0003BFFA84C0DF1280CA646BEE80F00ACE811
:108AD0000F00DEF80030CCF800300DF1140C143427
:108AE0000FCCACE80F002368CCF80030334623AA43
:108AF00000213846FFF76AFF9B4923A802F0EEF9F0
:108B0000A0B1BDF8B8305B012A462A993846FFF774
:108B10005DFF00242FE0954B0093954BD52295499E
:108B20000320F4F7D1FA4FF0FF30A3E0284601F01C
:108B30009BF94FF0FF309DE0B26902F00702072A6F
:108B400025D13369B3F5205F2CD842467168384689
:108B5000FFF73CFF00282BDB33690193864B009322
:108B6000834B40F2031283490420F4F7ADFA3369D2
:108B7000C9F800300134BDF8B830A3421ED94FEA1D
:108B8000441C05EB441655F80C30012BD4D0012BB6
:108B9000F0D1012CEED13369784A71683846FFF77D
:108BA00015FFE7E7284601F05FF96FF0010061E08B
:108BB000284601F059F96FF002005BE0BDF8BC30C7
:108BC00003EB8303DB002A462B993846FFF7FEFEB2
:108BD000002600E00136BDF8BC30B34245D906EBB3
:108BE000860305EBC3035A68022AF3D19C460DF1B4
:108BF000640803F12004C646DCF80000DCF8041029
:108C0000DCF80820DCF80C30AEE80F000CF1100C9A
:108C1000F046A445EFD1DCF80000DCF80410A8E829
:108C200003001F9B03EB830305EBC3035A68032A6E
:108C3000D0D11E460DF13C0E03F12004F4463068FD
:108C40007168B268F368ACE80F001036E646A642D9
:108C5000F4D130687168AEE80300149B2A4613997A
:108C60003846FFF7B3FE002308E0284601F0FCF881
:108C70006FF0030030B0BDE8F0870133149A9A42D8
:108C800005D9EA5C002AF8D10A22EA54F5E7002463
:108C9000AC5411E0431B30AA02EB840242F8AC3C16
:108CA00002930196364B0093314B4FF4A072314939
:108CB0000420F4F709FA0134042C0DD830AB03EB8F
:108CC000840353F8986C002EF5D03146284602F004
:108CD00005F90028DED1EEE71E9B2A461D9938468D
:108CE000FFF774FE2846002430E04268CAF80020EE
:108CF0000133042B28D830AA02EB830252F8AC2CA3
:108D0000002AF5DB01688A42F2D1042BF0D801A2D7
:108D100052F823F0EB8C0308298D0308318D0308EA
:108D2000398D0308418D0308426838990A60DFE7EE
:108D3000426839990A60DBE742683A990A60D7E7E6
:108D400042683B990A60D3E7013410301E9BB4EBB4
:108D5000131F01D20023CCE7284601F085F800203C
:108D600088E700BF882404089C5704088C5704082F
:108D7000A82A0508A4560408A0570408C4510120D5
:108D8000B45704080048704764620120024B186819
:108D900000F1005020307047E4000020024B58687A
:108DA00000F1005020307047E4000020024B98682A
:108DB00000F1005020307047E4000020024BD868DA
:108DC00000F1005020307047E4000020024B186989
:108DD00000F1005020307047E400002000B587B05B
:108DE000002305931C491D4B0B601D4B4B601D4B15
:108DF0008B601D4BCB601D4B0B611D4B4B611D4BA5
:108E00008B6103F1EB5303F5851303F59D53CB61A0
:108E1000194B03F11002039203F10C02029203F1C9
:108E2000080201921A1D009205AA2031FFF72AFEBE
:108E3000002805DB05982030059007B05DF804FB9D
:108E40000E4B00930E4B40F299120E490320F4F79B
:108E50003BF90020F1E700BF6462012000BE0AE098
:108E60000D782D0668400824400000D35840641E49
:108E7000FAD1491C521E002AE4000020E0570408E1
:108E8000802A0508A4560408704710B50446C7F7A1
:108E9000D7FB231800E0013BA34202D31A782F2A04
:108EA000F9D1A34202D900221A7010BDA342FCD10D
:108EB00000225A70F9E7F0B170B50D460646E1B1EF
:108EC000C7F7BEFB84B22846C7F7BAFB80B284421C
:108ED00015D3B4B1B8B160B12B1813F8012C331904
:108EE00013F8013C9A4210D1013880B2013CA4B27F
:108EF000F1E7012004E000207047002000E000209E
:108F000070BD0020FCE70020FAE70020F8E770B50C
:108F1000044615468EB200223146FEF71DFC03467C
:108F2000022200212046FEF7F5FAADB200222946C2
:108F30002046FEF711FC0346002231462046FEF78C
:108F4000E9FA022200212046FEF706FC0346002231
:108F500029462046FEF7DEFA012231462046FEF77A
:108F6000FBFB0346022200212046FEF7D3FA012232
:108F700029462046FEF7F0FB0346012231462046F3
:108F8000FEF7C8FA022200212046FEF7E5FB034661
:108F9000012229462046FEF7BDFA70BD2DE9F04FAB
:108FA00083B00192914202DB03B0BDE8F08F064628
:108FB0008B46174689B24D1C2DB20122FEF7CCFB21
:108FC0008046D9460CE009F1010A0FFA8AFA013409
:108FD00024B22A4649463046FFF799FF2546D14636
:108FE000BD4220DCACB2012221463046FEF7B4FB84
:108FF0004146C7F705F90028E5DB01222146304646
:10900000FEF7AAFB4146C7F7FBF8002802DC013453
:1090100025B2E5E77C1E24B23A4629463046FFF7E2
:1090200076FF2746DCE709F1FF3212B25946304697
:10903000FFF7B4FF791C019A09B23046FFF7AEFF83
:10904000B2E738B504460D46F5F7BAFB2946204687
:10905000F5F7BCFB29462046F5F7A6FB2946204636
:10906000F5F7A8FB38BD00002DE9F0410546434C5B
:109070002046F5F796F800212046F5F743FC00213D
:109080002046F5F7BBFB00212046F5F7C9FB002180
:109090002046F5F7D7FB00212046F5F7A3FB00217A
:1090A0002046F5F799FB00212046EBF777FA0021DF
:1090B0002046FFF7C6FF324B19882046F5F746FCDD
:1090C000304F3846F5F76DF800213846FFF7B9FF05
:1090D00000213846F5F716FC00213846F5F7A0FBCD
:1090E00000213846F5F7AEFB4FF6FF78414638468B
:1090F000F5F77EFB244E3046F5F753F841463046EF
:10910000F5F776FB00213046FFF79BFF0021304644
:10911000F5F7F8FB00213046F5F782FB00213046D9
:10912000F5F790FB002211462846DFF7E5FC002208
:1091300049F6F7612846DFF7C3FC00221146A86A0A
:10914000DFF7DAFC00221146A86ADFF7C7FC00222D
:109150001146A86ADFF7ADFC00222146686ADFF7F6
:1091600081F900223946E86ADFF77CF900223146AE
:10917000286BDFF777F9BDE8F08100BF748A012022
:109180008CEE00206C8A0120648A012010B50C4608
:109190004FF4807104F14000F4F7FEFA42F26402E9
:1091A00011462046DCF76EF801212046EBF70AFA5B
:1091B0002046DAF781FF606242F26401DCF734F89E
:1091C0000121606AEBF74EFA606ADAF775FFE06238
:1091D00042F264021146DCF755F80121E06AEBF730
:1091E000F1F9E06ADAF768FFA06242F20C0242F29B
:1091F0006401DCF747F81021A06ADAF769FFA06A7A
:10920000FAF704FBA0631549FAF7E8FF00231A46B2
:109210000921A06BDCF7B9F8E06AFEF759F8206382
:1092200042F2540242F26401DCF72CF842F264028A
:109230000021206BFEF77CFA0121206BFEF7CCF8B1
:10924000234600220649206BD8F70CF80C21206B2E
:10925000DDF740FA2046FFF707FF10BD84580408E9
:109260005195030810B501460348DBF76BFA044635
:10927000DBF717FB204610BDC02A050838B50446A9
:109280000D46006BFEF790FA05B138BD013802B209
:109290000021206BFFF782FEF7E70000F0B5C5B0B4
:1092A00006460F4602A8F3F7C5FDF8B98A4C8B4B6A
:1092B0000093234600221146306BFEF7A9F9884B34
:1092C0000093234600220121306BFEF7A1F9854C63
:1092D000234601220021306BFEF71CF923460122B0
:1092E0001146306BFEF716F902245CE001907E4BCC
:1092F00000937E4B40F26B227D490420F3F7E4FE9D
:1093000045B0F0BD01907B4B0093784B40F2772243
:1093100077490420F3F7D8FE02A8F3F7B3FC2146FF
:10932000306BFDF7E1FF00213046FFF7A7FF002279
:109330001146306BDDF7E4FC06F140044FF4807118
:109340002046F4F729FA3946204601F05DFF3A46F7
:109350006949B06BFAF7A4FF2046C7F771F9235C9F
:109360002F2BCDD0FF28CBD82F232354C8E704AB15
:109370000193624B00935D4B40F27D225C490420D7
:10938000F3F7A2FEC8E704AB00935D4B0022214631
:10939000306BFEF73DF95B4B01222146306BFEF747
:1093A000B9F80134A4B204A902A8F3F759FC0028C3
:1093B000A8D19DF81050002DD9D0534904A8FFF72B
:1093C0007AFD0028DFD1514904A8FFF774FD002879
:1093D000D9D14F4904A8FFF76EFD0028D3D14D49DC
:1093E00004A8FFF768FD0028CDD14B4904A8FFF77A
:1093F00062FD0028C7D1494904A8FFF75CFD002899
:10940000C1D1474904A8FFF756FD0028BBD1454903
:1094100004A8FFF750FD0028B5D1434904A8FFF781
:109420004AFD20B9414904A8FFF745FD70B104ABDE
:1094300000933F4B00222146306BFEF7E9F83D4B8D
:1094400001222146306BFEF765F8AAE73A4904A8E5
:10945000FFF731FD20B9394904A8FFF72CFD70B1A1
:1094600004AB0093364B00222146306BFEF7D0F858
:10947000344B01222146306BFEF74CF891E7174937
:1094800004A8FFF718FD00288DD1154904A8FFF79F
:1094900012FD002887D12F2D0ED004AB00932A4B4C
:1094A00000222146306BFEF7B3F8284B01222146FB
:1094B000306BFEF72FF874E70DF111030093064BA4
:1094C00000222146306BFEF7A3F8064B012221460D
:1094D000306BFEF71FF864E738590408E4480408C5
:1094E00040590408D049040824590408B42A05083E
:1094F000A0580408445904080C5A04087059040878
:10950000CC590408602B04088C59040894590408A9
:109510009C590408A4590408AC590408B459040817
:10952000BC590408C4590408D4590408DC59040877
:10953000E459040878400408EC590408F459040874
:10954000FC5904087C400408045A040880400408BC
:10955000F0B5ADF21C4D0446D7F768FE054620462F
:10956000D7F76AFE06462046D7F75CFE1C2D04D0CE
:10957000292D5CD00DF21C4DF0BD4FF4806200210E
:1095800006A801F0D9F90DF10E0203A9306BFEF720
:109590000DF9BDF80E20BDF80C10306BFEF7DCF8AD
:1095A000441D28492046C6F72BFE0028E2D0264954
:1095B0002046C6F725FE054630B906F14007384675
:1095C000C7F73EF8032812D8FDB906A904A8F3F797
:1095D00031FC20B31C492046C6F712FE0028C9D032
:1095E000F46300221C213046D7F7F2FDC2E738466B
:1095F000FFF74BFC3846FFF748FC3B46134A4FF455
:10960000806106A8F4F7A8FDDFE7009406F14003A7
:109610000F4A4FF4806106A8F4F79EFDD5E704A831
:10962000F3F730FB06A93046FFF738FEA2E7346BAC
:109630002046DBF70AFF024600212046FEF778F8B5
:1096400098E700BFE448040840590408143C0408A3
:10965000145A0408C06B70474030704708B5FFF7D4
:109660001DFE08BD014B01221A70704784AB01201A
:10967000014B00221A70704784AB012030B583B0D3
:10968000FFF7ACFB50B30546FFF780FB194C206099
:10969000FFF784FB6060FFF789FBA060FFF78EFB9C
:1096A000E060FFF793FB206105F1005323624FF068
:1096B00000536362A562FFF765FBE0620E4AD2F8D1
:1096C0008C3023630D496161216A0B44A361D2F898
:1096D00084200B4B1A60002003B030BD094B00936F
:1096E000094B602209490320F3F7EEFC4FF0FF30ED
:1096F000F2E700BFF8000020C45101200100002063
:1097000080AB0120805A0408F42A05081C5A04087A
:1097100030B591B00446FFF7A5FF2046C6F790FF8D
:10972000FF285CD89C4D4FF480722146284601F0FA
:1097300003FA9A49284601F0D1FB002860D00222A2
:1097400095490DA8F3F7F0FA002874D1944B0093D3
:10975000944BAE2294490420F3F7B6FC07A98E4837
:10976000CEF7EDFF002877D1079B02938A4B019338
:109770008E4B00938B4BB4228B490420F3F7A4FC4F
:10978000D6F706FB0120D6F767FB06A90020D5F720
:10979000D3FF069B0193864B0093824BC3228249E1
:1097A0000420F3F791FC8349834801F097FB0028DC
:1097B0005DD0824C824B07CB20606160A2601B8829
:1097C000A381804B1868D5F783F9002853D17B4CCF
:1097D0007D4B07CB20606160A260002470E07B4B72
:1097E0000093704B902270490320F3F76DFC734C8B
:1097F000774B07CB20606160A2601B88A381AEE03D
:109800007449654801F06AFB002898D1624B0193C6
:10981000714B0093634B9B2263490320F3F754FC85
:10982000664C6E4B07CB20606160A2601A889B7803
:10983000A281A37393E06A4C00945A4BA7225A4921
:109840000320F3F741FC5D4D0FCC28606960AA60EE
:10985000EB6023782B7482E04F4B0193614B0093B4
:10986000504BB92250490320F3F72EFC88E7C8205B
:10987000C9F76AFB9DE75C4B00934A4BD0224A49EB
:109880000320F3F721FC6AE04E4D28682044D5F709
:1098900077F9642304FB03F3079AB3FBF2F3534A0B
:1098A00093752B6823440193514B00933D4BDA226F
:1098B0003D490420F3F708FC4E4BD3F88C301C4490
:1098C000079BA342E0D83D4C4B4B07CB2060616027
:1098D000A2601A889B78A281A3730025079CAC42E2
:1098E00040F29680641B434BD3F88C309C4228BFD7
:1098F0001C460023059305AB224640490DA8F3F70B
:1099000038F9F8B9059BA3421CD101933C4B009355
:10991000244BF22224490420F3F7D6FB642305FBF1
:1099200003F3079AB3FBF2F3304A9375254B18689B
:10993000059A32492844D5F7F1F82E4BD3F88C30EC
:109940001D44CBE701952F4B0093164BED22164992
:109950000320F3F7B9FB2C4B6FF002021A600DA83D
:10996000F3F7E8F8294C00940E4B40F229120E4907
:109970000320F3F7A9FB114D234607CB286069604C
:10998000AA601A889B78AA81AB73FFF771FE4FF02B
:10999000FF3011B030BD00BF808A01209C5A0408FE
:1099A000185B0408DC2A05081C5A04082C5B040810
:1099B000545B04086C5B04082C0200208AAB012075
:1099C000745B040880AB01209C5B0408A45A040863
:1099D000B85A0408C85A0408D05A0408F45A0408AB
:1099E000045B0408405B0408845B040888AB012026
:1099F000A85B0408C4510120C05B0408809B0120BF
:109A0000F45B0408D05B04087C8A0120645C0408D1
:109A10000DA8F3F78FF8022242490DA8F3F784F955
:109A2000414C424B07CB20606160A2601B782373DE
:109A30000025079CAC425ED9641B3D4BD3F88C30AB
:109A40009C4228BF1C46002305933A4B18682246C7
:109A500039492844D5F7F4FF05AB224637490DA80C
:109A6000F3F787F840BB059BA34225D10193344B04
:109A70000093344B4FF4867233490420F3F724FBF0
:109A8000642305FB03F3079AB3FBF2F32F4A9375A4
:109A900022462A49284800F0A1FEE0B92C4B009349
:109AA000284B40F2111228490420F3F70DFB204BFC
:109AB000D3F88C301D44BCE70195264B0093214B15
:109AC00040F2071220490320F3F7FEFA224B6FF011
:109AD00002021A6043E7214C00941A4B40F215121F
:109AE00019490320F3F7F0FA0F4D234607CB2860FE
:109AF0006960AA6033E7154C6423A375144B07CB48
:109B0000C4F80200C4F80610C4F80A200DA8F3F740
:109B100011F8C7F7FFFE238801332380FFF7A8FD64
:109B2000002036E7808A01208AAB0120045C04080B
:109B3000C451012080AB0120808B0120809B01203B
:109B4000F45B0408DC2A05081C5A040888AB0120D1
:109B50004C5C0408145C04087C8A0120585C0408EE
:109B600010B50C4C4FF0000EA4462CF802EB0A4B3B
:109B700007CBC4F80200CCF80410CCF808201A88EF
:109B80009B78ACF80C208CF80E3084F816E0704608
:109B900010BD00BF88AB0120745C04082DE9F047BC
:109BA000089D0E4604460F46002B4AD194468C452C
:109BB000B2FA82F260D942B1C2F12003974020FA92
:109BC00003F30CFA02FC1F4394404FEA1C4E1FFAA9
:109BD0008CF6B7FBFEF1230C0EFB117743EA07432B
:109BE00001FB06F098420AD91CEB030301F1FF3791
:109BF00080F01581984240F21281023963441B1AA9
:109C0000A4B2B3FBFEF00EFB103344EA034400FBA6
:109C100006F6A6420AD91CEB040400F1FF3380F0DB
:109C20000081A64240F2FD806444023840EA0140CF
:109C3000A41B00211DB1D4400023C5E90043BDE8A9
:109C4000F0878B4205D90DB1C5E900010021084616
:109C5000F5E7B3FA83F1002946D1B34202D3824239
:109C600000F2F580841A66EB030201201746002DEE
:109C7000E5D0C5E90047E2E7002A40F09380A1EB78
:109C80000C034FEA1C471FFA8CFE0121B3FBF7F6C9
:109C900007FB1630230C43EA00430EFB06F0984204
:109CA00008D91CEB030306F1FF3802D2984200F2F8
:109CB000D08046461B1AA4B2B3FBF7F007FB103363
:109CC00044EA03440EFB00FEA64508D91CEB04043D
:109CD00000F1FF3302D2A64500F2B6801846A4EB8D
:109CE0000E0440EA0640A5E7C1F120078B4022FAA6
:109CF00007FC4CEA030C06FA01FE20FA07F426FAE8
:109D000007F344EA0E0400FA01F84FEA1C404FEA58
:109D10001449B3FBF0FE1FFA8CF600FB1E3349EA30
:109D200003430EFB06F9994502FA01F20BD91CEB2D
:109D300003030EF1FF3A80F08580994540F282805E
:109D4000AEF1020E6344A3EB0909A4B2B9FBF0F330
:109D500000FB139944EA094403FB06F6A64208D91E
:109D60001CEB040403F1FF3068D2A64266D9023B23
:109D7000644443EA0E40A41BA0FB02E6B4427346CF
:109D8000B14652D34FD05DB1B8EB030264EB090486
:109D900004FA07F722FA01F31F43CC40C5E9007427
:109DA00000214CE7C2F1200120FA01F30CFA02FC79
:109DB00026FA01F1964033434FEA1C471FFA8CFE06
:109DC000B1FBF7F007FB1016190C41EA064100FB46
:109DD0000EF68E4204FA02F408D91CEB010100F1E0
:109DE000FF382DD28E422BD902386144891B9BB299
:109DF000B1FBF7F607FB161143EA014306FB0EF130
:109E0000994208D91CEB030306F1FF3814D299429A
:109E100012D9023E63445B1A46EA004136E73946EE
:109E2000EDE6184602E7F045ADD2BEEB020366EB65
:109E30000C060138B146A6E74646ECE7034698E72C
:109E40004046D3E7D6467EE76444023847E70846F3
:109E50000DE7023E63442DE7024B0146186800F00F
:109E60000BB800BF4C070020024B0146186801F0F8
:109E700095BA00BF4C0700202DE9F04F01F10B050A
:109E8000162D83B0064623D8102900F2AF8000F0CB
:109E9000A5FA102518230220B74F3B44A3F108026E
:109EA0005C68944200F01E816368E268A16823F058
:109EB0000303CA602344304691605A6842F00102AD
:109EC0005A6000F091FA0834204603B0BDE8F08FE4
:109ED00035F0070500F18A80A94200F2878000F082
:109EE0007DFAB5F5FC7FC0F06E816B0A00F08280D0
:109EF000042B00F21D81AB0903F1390003F1380E88
:109F0000C3009D4F3B44A3F1080C5C68A44507D1F6
:109F10000DE0002AE16880F2DF808C4507D00C4616
:109F2000636823F003035A1B0F2AF2DD7046DFF843
:109F300060823C69444500F0BC80636823F0030CF8
:109F4000ACEB05030F2B00F34281002BC7E904881B
:109F500080F22D81BCF5007FD7F804E080F0C88046
:109F60004FEADC0101314FEA5C1C012303FA0CF3D8
:109F700057F83120A2604EEA030E07EBC103083BFD
:109F8000E360C7F804E047F83140D46083104FF035
:109F9000010C0CFA03FCF44532D81CEA0E0F08D170
:109FA00020F003004FEA4C0C1CEA0E0F00F10400F5
:109FB000F8D007EBC00AD6468146DEF80C300BE03D
:109FC000596821F003014A1B0F2A1C46DB6800F385
:109FD000BB80002A80F2DE809E45F1D109F10109A3
:109FE00019F0030F0EF1080EE7D119E10C233360CD
:109FF000002469E74FF4007340204FF03F0E80E7E4
:10A00000BC68636823F00309A94503D3A9EB0503E2
:10A010000F2B51DC594B1B68082003F1100804EB8F
:10A020000903009301F0E2F8554A13680133A8448C
:10A03000834605D008F1FF388044434203EA08080C
:10A040004146304601F074F8B0F1FF3F4C4A824679
:10A0500000F0D880009B834200F2D280494B186800
:10A0600040440BF1FF311860844640F0FC801AEA4E
:10A07000010F40F0F880D7F808A0C84448F001026A
:10A08000CAF80420404B1968814238BF18603F4B22
:10A090001968814238BF1860544622F00308A84569
:10A0A000A8EB050301D30F2B06DC304600F09CF92A
:10A0B0009EE7D7F804E069E7621943F0010345F031
:10A0C000010565603046BA60536000F08DF90834D0
:10A0D000204603B0BDE8F08FA2682344D16030462B
:10A0E0008A60EAE6DC68A3427FF4DEAE02301EE757
:10A0F000BCF5206F4FEA5C227BD3142A00F2128158
:10A1000002F15C03DB005B32F918FB580839994215
:10A1100003D1ECE09B68994204D05A6822F0030214
:10A120006245F7D8D968C4E902318C60DC602DE75C
:10A13000142B6AD9542B00F2FE802B0B03F16F0015
:10A1400003F16E0EC300DCE6D4F808C03046661991
:10A1500045F001056560CCF80C30C3F808C042F04A
:10A160000103C7E90466C6E902887360625000F023
:10A170003BF90834A8E600BF38030020D0AB01202B
:10A180002C030020A0AB0120CCAB0120C8AB0120E8
:10A1900040030020214430464A6842F001024A60F0
:10A1A00054F8082FD3609A6000F01EF98CE6A4449E
:10A1B0003046DCF8043043F00103CCF8043000F002
:10A1C00013F9083480E6E80805F1080364E662192B
:10A1D00043F0010145F0010565603046C7E90422FE
:10A1E000C2E90288516044F80C3000F0FDF80834F0
:10A1F0006AE64FEA9C1202F13903DB00383283E74A
:10A20000BC4228D0BC68626847E703F15C0003F1F8
:10A210005B0EC30075E65AF80839534540F0D98003
:10A2200010F0030F00F1FF30F5D17B6823EA0C0337
:10A230007B604FEA4C0C9C453FF6E2AEBCF1000F50
:10A2400004D1DDE64FEA4C0C09F104091CEA030FC6
:10A25000F8D04846ADE6604B186808EB000C0BF1EF
:10A26000FF31C3F800C0106801306ED0009AAAEB2D
:10A27000020262441A601AF00702CDE9002340D0BE
:10A28000C2F108029244D04408EA01005A44121A6A
:10A2900002EA010B5946304600F04AFF421C019B7E
:10A2A0006FD0A0EB0A0000EB0B081868C7F808A0F5
:10A2B00048F001025844BC42CAF8042018603FF438
:10A2C000E1AEB9F10F0F43D96168A9F10C0222F098
:10A2D000070201F00101114361604FF0050CA11864
:10A2E0000F2AC1E901CC54D8DAF80420CAE692104A
:10A2F0004FF0010C0CFA02F24EEA020EC7F804E02D
:10A3000011E70AEB08020A40ABEB020202EA010B7A
:10A310005946304600F00CFF431C019BC1D1DDF8CB
:10A3200000B0C2E7542A17D84FEA1C3202F16F037B
:10A33000DB006E32E8E6B3F5AA7F17D8EB0B03F12A
:10A34000780003F1770EC300DBE5C2F800A092E7C6
:10A350000123CAF80430A8E6B2F5AA7F24D84FEA50
:10A36000DC3202F17803DB007732CDE640F2545262
:10A37000934224D8AB0C03F17D0003F17C0EC300A3
:10A38000BFE5009A083A9044A8EB0A084FF0000B8A
:10A390008BE7304604F10801009300F0FFFF009BBB
:10A3A000D7F808A018689FE740F254539A420CD897
:10A3B0004FEA9C4202F17D03DB007C32A4E64FF4BD
:10A3C0007E737F204FF07E0E9BE54FF47E737E22DE
:10A3D0009AE67B682DE700BFA0AB0120014800F0A2
:10A3E00001BF00BF14AD0120014800F0FDBE00BF59
:10A3F00014AD0120024A0349034800F0C9B800BF68
:10A4000040070020F5ED0308500700200C4B416881
:10A41000994210B5044601D004F0ECFCA168094B48
:10A42000994202D0204604F0E5FCE168064B9942CF
:10A4300004D02046BDE8104004F0DCBC10BD00BFD5
:10A44000D4AB01203CAC0120A4AC01202DE9F843A1
:10A45000314A324C3249DFF8DC90DFF8DC80314F92
:10A460001160002504232946082204F15C00C4E998
:10A4700003352D4EA560C4E90055C4E90555656650
:10A4800000F05AFA04F15800C4E90749C4E9098701
:10A49000E66200F0A3FE2946244B6367082204F11C
:10A4A000C400C4E91A55C4E91E552567C4F8CC5048
:10A4B000C4F8805000F040FA04F1680304F1C000D1
:10A4C000C4F88430C4E92298C4E9247600F086FEFA
:10A4D000174BC4F8DC30294604F596700822C4E90D
:10A4E0003455C4E93855C4F8D850C4F83451C4F8C8
:10A4F000E85000F021FA04F1D003C4E93D87C4F824
:10A50000F09004F59470C4F8FC60C4F8EC30BDE839
:10A51000F84300F063BE00BF0CAD0120D4AB0120B6
:10A52000F5A303089DA70308C1A7030809000100BC
:10A530001200020039A703085DA7030810B50446FE
:10A540000A4800F04FFE636B23B9094B094A1B68A8
:10A55000626323B1BDE81040044800F045BEFFF738
:10A5600075FFBDE81040014800F03EBE1CAD012063
:10A570000CAD01200DA40308014800F033BE00BF5C
:10A580001CAD0120014800F02FBE00BF1CAD012012
:10A590002DE9F8430746884616464FF00009D6E9EC
:10A5A0000154013D10D4A389012B08D9B4F90E3010
:10A5B00001332146384602D0C04749EA0009013D2F
:10A5C0006B1C04F16804EED13668002EE7D14846D2
:10A5D000BDE8F8830FB400B5074983B004AB086841
:10A5E00053F8042B8168019302F076FD03B05DF807
:10A5F00004EB04B0704700BF4C07002070B505465F
:10A6000088B008460C46C6F71BF8224E6A6B0590C8
:10A6100001214318CDE9066104A8022104940393A3
:10A62000AC68019002916AB3636EB4F90C20D9074B
:10A6300001D496051FD5900405D442F4005223F4AA
:10A640000053A2816366990420D401AA21462846BA
:10A6500004F0F6FC636EC8B90A25DA0702D4A389B0
:10A660009B0502D5284608B070BDA06D00F0BCFD6A
:10A67000284608B070BDA06D00F0B4FDB4F90C2000
:10A68000636ED8E72846FFF759FFCDE74FF0FF3557
:10A69000E3E700BF9C2A0408024B01461868FFF755
:10A6A000ADBF00BF4C0700200CB410B5214B0029F2
:10A6B0001C689CB038DB4FF000034FF402721B9310
:10A6C000ADF81420029006901FAB18D001394FF658
:10A6D000FF7204910791ADF8162002A91E9A01930A
:10A6E000204600F059FF421C01DA8B232360029BB5
:10A6F00000221A701CB0BDE8104002B070474FF63F
:10A70000FF7204910791ADF8162002A91E9A0193D9
:10A71000204600F041FF431C01DA8B2323601CB06C
:10A72000BDE8104002B070478B2323604FF0FF302C
:10A73000F5E700BF4C07002010B50C46B1F90E102C
:10A7400000F0E0FC002803DB236D0344236510BD0B
:10A75000A38923F48053A38110BD00BF2DE9F041EC
:10A760000C46B1F90C101F46CB05054616460BD416
:10A7700021F48051A1813B46B4F90E10324628469F
:10A78000BDE8F04100F0E6BCB4F90E10022300224F
:10A7900000F0A2FCB4F90C10EAE700BF10B50C46BB
:10A7A000B1F90E1000F098FCB4F90C30421C0EBF49
:10A7B00023F4805343F480532065A38110BD00BF70
:10A7C000B1F90E1000F040BC034B024618680B466E
:10A7D000816802F081BC00BF4C070020032A30B41E
:10A7E00015D941EA0004A40784460B4604D0541E40
:10A7F0000FE0043A032A08D91946604653F8044B7F
:10A800005CF8045BA542F4D0F1E760461946541E9B
:10A810007AB1431E0139021901E09A4209D013F8B6
:10A82000010F11F801CF6045F7D0A0EB0C0030BC50
:10A830007047002030BC704788420ED98B18834285
:10A840000BD900EB020C002A6ED0624613F801CD42
:10A8500002F801CD9942F9D170470F2A0FD803466B
:10A8600002F1FF3C002A5FD00CF1010C013B8C444B
:10A8700011F8012B03F8012F6145F9D1704740EA27
:10A8800001039B0751D1A2F1100370B501F1200C17
:10A8900023F00F0501F1100E00F11004AC441B0968
:10A8A0005EF8105C44F8105C5EF80C5C44F80C5CDC
:10A8B0005EF8085C44F8085C5EF8045C44F8045CEC
:10A8C0000EF1100EE64504F11004E9D1013312F047
:10A8D0000C0F01EB031102F00F0400EB031328D05F
:10A8E000043C24F003064FEA940C1E441C1F8E46C1
:10A8F0005EF8045B44F8045FB442F9D10CF1010442
:10A9000002F0030203EB840301EB840102F1FF3C3C
:10A910004AB10CF1010C013B8C4411F8012B03F8F6
:10A92000012F6145F9D170BD704702F1FF3C03462C
:10A930009AE72246EAE700BF830730B547D0541EA6
:10A94000002A3ED0CAB2034601E0013C39D303F8E5
:10A95000012B9D07F9D1032C2CD9CDB205EB052590
:10A960000F2C05EB054535D9A4F1100222F00F0C90
:10A9700003F1100EE6444FEA121C1A46C2E90055D4
:10A98000C2E9025510327245F8D10CF1010214F0FF
:10A990000C0F03EB021204F00F0C13D0ACF1040304
:10A9A00023F003030433134442F8045B9342FBD1C6
:10A9B0000CF003042CB1C9B21C4403F8011BA342E0
:10A9C000FBD130BD64461346002CF4D1F9E70346B1
:10A9D0001446C0E71A46A446E0E700BF11F0FF01A5
:10A9E000034600F0030239D08ABB026810B501EBC0
:10A9F000012E0EEB0E4E8EEA0204A2F1013323EA81
:10AA00000203A4F1013222EA0402134313F0803F4F
:10AA10000FD150F8044F84EA0E0CA4F10133ACF1CD
:10AA2000013223EA040322EA0C02134313F0803FAD
:10AA3000EFD0037823B936E010F8013F002B32D075
:10AA40009942F9D110BD8A4228D09A0729D01A78A4
:10AA500018460133002AF6D110467047CAB9026879
:10AA6000A2F1013323EA020313F0803F08D150F82A
:10AA7000042FA2F1013323EA020313F0803FF6D042
:10AA800003785BB110F8013F002BFBD170479907A9
:10AA900005D0184613F8012B002AF8D17047184644
:10AAA000DDE71846A1E7184610BD00BF002A3ED0DA
:10AAB00030B584460446084380070B462ED1032A4E
:10AAC00007D82BE0043A25D01EF0803F22D1032A7C
:10AAD00022D92068194653F8045BA0F1013EA84230
:10AAE000A4462EEA000E04F10404EBD09CF800000A
:10AAF0000C7884421DD1E64668B11EF8010F11F8AA
:10AB0000014FA2EB0E03A04203F1FF3311D11CEB66
:10AB10000303F1D1002030BDA44619469CF8000083
:10AB20000C78A04205D1012AF4D0E646E4E71046AD
:10AB30007047001B30BD00BF40EA01039B0710B502
:10AB400001D1032A17D8844601F1FF3E07E01EF821
:10AB5000011F03F8011B541E29B19C46224663467F
:10AB6000002AF4D110BD9444002CFBD003F8011B43
:10AB70006345FBD110BD8E468446DEF80040A4F14B
:10AB8000013323EA040313F0803F71460EF1040EF3
:10AB9000DAD1043A032A4CF8044BEED87146D3E7D5
:10ABA000024A12680123503200F002B84C0700201C
:10ABB00018B3F0B407468C4617F8015B01E0A542D4
:10ABC00014D01CF8014B002CF9D1DDB13E460C46E7
:10ABD00016F8015B00E063B114F8013B9D42FAD125
:10ABE0004DB100233B701660F0BC704773B138461E
:10ABF000E0E73746EAE72E46F5E710680028D8D1A7
:10AC00000020704715600020F0BC7047176003708B
:10AC1000EAE700BF01292DE9F0415BD94FF00108B7
:10AC2000C64600244FF0FF35434608E0A3EB050875
:10AC30001C464FF0010E04EB0E03994210D900EBB5
:10AC4000050CC75C1CF80E60B742EFD332D04FF052
:10AC500001082546C646444404EB0E039942EED84B
:10AC60000127C2F80080BE4600244FF0FF363B4665
:10AC700007E09F1B1C464FF0010E04EB0E039942A8
:10AC800010D900EB060C10F803801CF80EC0E0454C
:10AC9000EFD817D001272646BE463C4404EB0E03EE
:10ACA0009942EED80136681C864201D317603046BF
:10ACB000BDE8F081C6450ABF74440EF1010E4FF0A5
:10ACC000010EB8E7BE450ABF74440EF1010E4FF005
:10ACD000010ED2E701270026E8E700BF2DE9F04F7B
:10ACE0009346ADF21C4D05AA80468A465846194641
:10ACF0001C46FFF78FFF134681460DF2144243F8BE
:10AD0000044F9342FBD16CB1601E58440BF1FF32EB
:10AD100006AD12F8011FA31A013B5B44824245F8BD
:10AD20002130F6D1059B01934A460BEB03015846AF
:10AD3000FFF754FD002878D144F400630746054628
:10AD4000AAEB040E0293661EAE4511D308EB050C68
:10AD500006AA1CF8063052F82330C3B11FB1019A7D
:10AD60009A4288BFA31A1D44AE454FF00007EDD2AA
:10AD700008EB0A00029904F045FB8244AAEB040E9A
:10AD8000AE45E3D200200DF21C4DBDE8F08F4F45DB
:10AD90003B4638BF4B469E4218D9591EEA185944C3
:10ADA0004244009502E001339E420ED012F8010B9E
:10ADB00011F8015F8542F6D09E42009D06D9C9F187
:10ADC00001022A44D5180027BEE7009D4F4509F12E
:10ADD000FF3380F0818005EB090242440BEB09014F
:10ADE0000095CDF80C9002E09F4213D04B4611F82D
:10ADF000015D12F8010D854203F1FF39F4D0009D89
:10AE0000DDF80C90013301379F4209D8019B1D44A6
:10AE1000E71A99E701379F42009DDDF80C90F5D9BC
:10AE200060460DF21C4DBDE8F08FA4EB09034B45C5
:10AE300038BF4B4601330193059344F4006300256A
:10AE4000AAEB040E0093661EAE4509D308EB05007D
:10AE500006AA835D52F823306BB11D44AE45F5D28E
:10AE600008EB0A00009904F0CDFA8244AAEB040E24
:10AE7000AE45EBD286E7B14517D209F1FF3105EBBC
:10AE80000902594442444B4602E00133B3420CD01C
:10AE900012F8017B11F801CFBC45F6D09E4204D9CF
:10AEA000C9F101022A44D518CEE7B9F1000F3FF4E9
:10AEB0006AAF05EB090141440BEB090202E05B4577
:10AEC0003FF461AF12F801CD11F8017DBC45134686
:10AED000F5D0019B1D44C1E74B4694E72DE9F041B5
:10AEE0000D46097890B00446002954D06A78002AAB
:10AEF00000F08280AB78002B51D0E8782E680028D3
:10AF000000F081802B79002B56D02846C5F798FB9E
:10AF1000064640F40071204604F074FA86425AD87E
:10AF2000FE2E00F28880801B27184022711C684684
:10AF3000FFF702FD7EB16A1E5FFA86FC901912F8D7
:10AF4000013F03F03F0340336B44A91A6144904230
:10AF500003F8401CF3D1013CA35D03F03F034033F1
:10AF60006B4413F8403C1C44A74203D238E04444ED
:10AF7000A74235D314F806C00CF03F0C0CF1400387
:10AF80000DEB030C3246294620461CF8408CFFF797
:10AF900025FC0028EBD1204610B0BDE8F0810078F8
:10AFA00042EA0142B8B140EA03439A42214614F80A
:10AFB000010FF7D14C1EEEE7227862B131BA01E001
:10AFC0008B421ED042EA0323204614F8012F002AA8
:10AFD000F6D18B4215D00024204610B0BDE8F08198
:10AFE000BB5DB819002BF6D04FF4006104F00AFAEB
:10AFF0000744A742AFD2EEE710B0BDE8F041FFF73B
:10B00000EDBCC41EC7E7120442EA0162217842EA9D
:10B0100003230029DFD0024601E00029DBD041EA0A
:10B020000200B3EB002F25464FEA002214F8011F5F
:10B03000F3D1AC1EAFE7014633462A46204610B096
:10B04000BDE8F041FFF74ABE38B5074D002204467F
:10B0500008462A60C7F76EF9431C00D038BD2B683C
:10B06000002BFBD0236038BD10AD0120194B1B68AD
:10B0700083422ED0416C70B5054681B100268C59B3
:10B080003CB121462468284600F088F9002CF8D10C
:10B09000696C0436802EF2D1284600F07FF9A96B46
:10B0A00011B1284600F07AF92C6C34B1214624689D
:10B0B000284600F073F9002CF8D1E96C11B128464C
:10B0C00000F06CF96B6B1BB12846BDE87040184767
:10B0D00070BD70474C07002038B50C46084D8446BB
:10B0E000114620461A4600232B606446C7F72CF908
:10B0F000431C00D038BD2B68002BFBD0236038BD2B
:10B1000010AD012038B50C46084D84461146204646
:10B110001A4600232B606446C7F7EEF8431C00D0A4
:10B1200038BD2B68002BFBD0236038BD10AD01204B
:10B1300038B5074D0022044608462A60C7F706F9CD
:10B14000431C00D038BD2B68002BFBD0236038BDDA
:10B1500010AD012038B50C46084D844611462046F6
:10B160001A4600232B606446C7F7D6F8431C00D06C
:10B1700038BD2B68002BFBD0236038BD10AD0120FB
:10B18000014B1868704700BF4C07002070B50F4B8B
:10B190000F4DAB42A3EB050607D0B610002455F8BF
:10B1A000043B01349847A642F9D807F013F9094D3A
:10B1B000094B5E1BAB424FEAA60606D0002455F8A9
:10B1C000043B01349847A642F9D870BD7C2D050890
:10B1D0007C2D05087C2D0508842D0508704700BFCF
:10B1E000704700BF704700BF704700BF082802D1FA
:10B1F0004FF48050704708B5FFF7C2FF1623036075
:10B200004FF0FF3008BD00BF80EA0102844612F013
:10B21000030F4FD111F0030F32D14DF8044D11F04F
:10B22000040F51F8043B0BD0A3F101329A4312F002
:10B23000803F04BF4CF8043B51F8043B16D100BFDB
:10B2400051F8044BA3F101329A4312F0803FA4F16C
:10B2500001320BD14CF8043BA24312F0803F04BFF3
:10B2600051F8043B4CF8044BEAD023460CF8013B60
:10B2700013F0FF0F4FEA3323F8D15DF8044B70470A
:10B2800011F0010F06D011F8012B0CF8012B002A48
:10B2900008BF704711F0020FBFD031F8022B12F037
:10B2A000FF0F16BF2CF8022B8CF8002012F47F4FF2
:10B2B000B3D1704711F8012B0CF8012B002AF9D1FA
:10B2C000704700BF024B13B1024800F005B8704749
:10B2D000000000003DF40308002301461A4618460A
:10B2E00004F0F2B82DE9F843064608208946FFF736
:10B2F0007DFFDFF8A48005463046FFF76FF8D8F8E9
:10B3000008305F6827F00307A7F11104A4EB0904D4
:10B310002C44B4FBF5F4013C05FB04F4A54208DC25
:10B3200000213046FFF704FFD8F808303B4498422C
:10B3300005D03046FFF758F80020BDE8F883614299
:10B340003046FFF7F5FE01300FD0114AD8F808302B
:10B350003F1B47F001075F60136830461B1B1360FB
:10B36000FFF742F80120BDE8F88300213046FFF7DF
:10B37000DFFED8F80820831A0F2BDADD43F0010333
:10B380005360044B02491B68C01A0860D1E700BF34
:10B39000A0AB01202C0300203803002000297CD022
:10B3A0002DE9F0410C468046FFF718F854F8043CAC
:10B3B000754FA4F1080523F001016818BE684268C2
:10B3C000864222F0030200F08380DE07426000EB39
:10B3D000020C33D454F8084CDCF804302D1B214403
:10B3E000AC6807F1080C644503F0010364D0D5F89C
:10B3F0000CE0C4F80CE0CEF80840002B00F081808F
:10B4000041F001036B600160B1F5007F22D27868E2
:10B41000CB080122490901338A40024357F833100F
:10B420007A6007EBC302083AC5E9021247F83350C5
:10B43000CD604046BDE8F041FEF7D6BFDCF80430F1
:10B44000DB072BD541F00103B1F5007F44F8043C44
:10B450000160DCD3B1F5206F4FEA512353D28B0941
:10B4600003F1390003F13802C300F818FB5808381B
:10B47000984203D161E09B68984204D05A6822F058
:10B4800003028A42F7D8D868C5E902308560DD60DA
:10B490004046BDE8F041FEF7A7BF7047114407F1F1
:10B4A000080C836863453FD0C268DA60936041F05E
:10B4B00001036B606950A7E7002B5FD10A44D0E914
:10B4C0000213CB60996042F001036B60AA50B0E7B1
:10B4D000DB070A4407D454F8083CED1A1A44D5E9AE
:10B4E0000213CB60996042F001036B60274BBD6093
:10B4F0001B6893429DD8264B40461968FFF7F2FE21
:10B5000097E71144CDE7142B08D9542B1DD80B0B0A
:10B5100003F16F0003F16E02C300A6E703F15C00C4
:10B5200003F15B02C300A0E741F00103C7E9045542
:10B53000C5E902CC6B6069507BE779689210012401
:10B5400004FA02F20A437A609EE7B3F5AA7F06D8AE
:10B55000CB0B03F1780003F17702C30085E740F2DB
:10B560005452934206D88B0C03F17D0003F17C0208
:10B57000C3007AE74FF47E737E2276E741F0010341
:10B580006B60016055E700BF3803002030030020E6
:10B59000D0AB0120000000002DE9F04FD9B00C46DF
:10B5A000099115460B93834603F044FF03681693F5
:10B5B0001846C5F745F800211490082228A8FFF77F
:10B5C000BBF9A389190603D52369002B00F05E8718
:10B5D0009FED7F7B0023CDE92D33CDE917338DED32
:10B5E000107B2FAA0E932C92144615931C9319933B
:10B5F00006932E46B246784BD3F8E45003F014FF7E
:10B6000028AA0346009224A952465846A847002873
:10B6100000F0B180C0F2A780249A252A034601D009
:10B620009A44E8E7BAEB0607054640F0A8800023F5
:10B6300019464FF0FF328DF8873007930AF1010A5F
:10B640009AF80030059204910AF1010AA3F1200250
:10B650005A2A00F2C380DFE812F0F402C100C100F0
:10B66000ED02C100C100C1006A00C100C1003F027B
:10B670005102C1004A020603C100FF025B005B00E9
:10B680005B005B005B005B005B005B005B00C1007C
:10B69000C100C100C100C100C100C1003B01C10027
:10B6A000BE01D3023B013B013B01C100C100C1000F
:10B6B000C100CC02C100C1008802C100C100C100AC
:10B6C000E801C1005702C100C100B206C100C100BB
:10B6D000C100C100C100C100C100C1003B01C100E7
:10B6E000BE011A023B013B013B01A0021A027F008E
:10B6F000C100C202C100B302D80622037F00C1000C
:10B70000E8017C00AE06C100C100DB06C1007C0080
:10B71000A3F1300200211AF8013B01EB810102EB99
:10B720004101A3F13002092AF5D907918EE7584665
:10B7300003F080FE436819931846C4F781FF1C90FC
:10B740000546584603F076FE83681793002D40F0B7
:10B75000B7859AF8003077E7049B43F02003049301
:10B760009AF8003070E70822002128A8FFF7E4F8D3
:10B7700001239A443FE7BAEB0607054610D02E9BFB
:10B780003B442E932D9B0133072BC4E900672D9377
:10B7900015DC0834069B3B440693002D7FF447AF2D
:10B7A0002E9B002B41F09381099B9B8903F0400362
:10B7B000002B41F09283069859B0BDE8F08F0999AB
:10B7C0002CAA584603F0EAFA0028EDD12FACE1E7A5
:10B7D0000000000000000000940800200C93002BE3
:10B7E000DED000228DF8FC3001238DF887200293F3
:10B7F0000A920893059212920F920D923FAE049B0B
:10B8000013F0020302D002990231029104992E9D95
:10B8100011F0840805D1079902980F1A002F00F340
:10B82000A1806AB1012262602D9A013201350DF1C9
:10B830008701072A2E952D92216000F3DB830834BF
:10B840006BB12D9B22AA013302352260072B4FF0EA
:10B8500002022E952D93626000F3C1830834B8F183
:10B86000800F00F0C482059B089A9F1A002F00F3F6
:10B87000FE82049BDA0500F12482089B63601D446C
:10B880002D9B26600133072B2E952D9300F33F83CC
:10B890000834049B5A0705D5079B029A9E1A002E6E
:10B8A00000F3B583DDE9063202998A42ACBF9B18EA
:10B8B0005B180693002D40F00B8300232D930A9B09
:10B8C0001BB10A995846FFF769FD2FAC564691E621
:10B8D0000C930B9B073323F00703B3EC027B58EC6C
:10B8E000177B0B9328F000431B938DED1A7ADDE94B
:10B8F0001A01AF4B4FF0FF328DED107BC5F7B6FB51
:10B90000002840F00285DDE91A01A94B4FF0FF3213
:10B91000C5F78EFB002840F0F8840022002338464B
:10B920004146C5F77BFB002841F021809DF8872028
:10B93000049BA04E23F0800304939F4B0C9947294E
:10B94000D8BF1E46002303210A9302910891059354
:10B9500012930F930D93002A3FF451AF029B0133D2
:10B9600002934CE795492D9A1391102F25DD21461E
:10B970002846099C914D1D934FF0100904E0103F9B
:10B98000102F01F1080115DD01321030072AC1E93D
:10B990000059CDE92D20F2DD2CAA2146584603F0AE
:10B9A000FDF9002840F09C82103F102FDDE92D208A
:10B9B0002FA9E9DC1D9B0C46054601321399216035
:10B9C0003D44072ACDE92D25676000F3D4869DF814
:10B9D0008720083425E70B9A0C93432B02F10405CA
:10B9E00003D0049BDA0640F11785082200212AA81B
:10B9F000FEF7A2FF0B9B3FAE1A6831462AAB5846B2
:10BA000005F006FB03460133089001F06182089BB4
:10BA100023EAE373029300220B958DF887200A92A4
:10BA2000059212920F920D92E9E60B9F0C9357F834
:10BA3000046B00238DF88730002E00F016850C9BD8
:10BA4000532B00F0BF86049B13F010030D9340F0BE
:10BA5000B986059B002BC1F245800D991A463046E8
:10BA6000C4F75EFE0A90002801F066820A9B991BCB
:10BA70000D9B0891059321EAE17112930F930A93AC
:10BA800073239DF887200B9702910C9363E70C9327
:10BA9000049B9B0640F1BD800B9B073323F00703FB
:10BAA0001A46596852F8083B0B920A460029C0F220
:10BAB000CA8305990029C0F28382049921F0800588
:10BAC00053EA020140F07D82059A002A40F07E820E
:10BAD0000495089258AE60E10B9B53F8042B079233
:10BAE000002A80F2DA83079A0B9352420792049B52
:10BAF00043F0040304939AF80030A5E52B238DF856
:10BB000087309AF800309FE50C93049B43F01005B2
:10BB100015F0200200F072830B9B073323F007031C
:10BB200019465A6851F8083B0B9101210020059EE7
:10BB30008DF88700002EC0F2198125F08000049056
:10BB400053EA020040F01181002E40F024860029C3
:10BB500040F0808315F00103089300F0A3833023A5
:10BB60008DF85F310DF25F1617E10C93049B43F0E3
:10BB700010030493049B13F0200200F055830B9BE9
:10BB8000073323F0070319465A6851F8083B0B9115
:10BB9000049921F480650021C8E79AF80030682BE9
:10BBA00000F04E84049A42F0400204924CE500BF3B
:10BBB000FFFFEF7F885C0408845C0408242B0508E1
:10BBC000049B9D0640F190830B9B069A1B681A60AC
:10BBD000D2175A600B9B04330B9356460AE59AF82A
:10BBE00000306C2B00F02284049A42F01002049280
:10BBF0002AE5049B43F0080304939AF8003023E5F8
:10BC00000C93049B43F010030493049B9B063FF5A5
:10BC100043AF04990B9ACF0652F8043B00F14B83D3
:10BC200004994E0640F143860B9243F3C03211460D
:10BC30001BB23BE7049B43F0010304939AF80030E6
:10BC400002E59DF887209AF80030002A7FF4FCACCA
:10BC500020228DF88720F7E4049B43F080030493AF
:10BC60009AF80030F0E4504610F8013B2A2B01F01E
:10BC7000E581A3F13002092A98BF002101F2E48096
:10BC800010F8013B01EB810102EB4101A3F130020D
:10BC9000092AF5D941EAE17205928246D6E40B9A67
:10BCA000049B43F0020552F8043B0B9247F6300226
:10BCB000ADF8882078209B4A1592022100220C9032
:10BCC00034E70C9B652B40F33381DDE91001002242
:10BCD0000023C5F799F9002800F0D2812D9B924AE4
:10BCE0002260013301350122072B2E952D936260CE
:10BCF00000F35C850834239B0E9A934280F2C8823D
:10BD0000149B169A1D44C4E900232D9B2E950133E4
:10BD1000072B2D9300F39E8308340E9B5E1E002E8E
:10BD20007FF7B7AD102E2D9BDFF8009240F3E58032
:10BD3000DDF82480102704E00834103E102E40F374
:10BD4000DC8001331035072BC4E90097CDE92D3590
:10BD5000F2DD2CAA4146584603F020F8002840F0B6
:10BD6000BF80DDE92D352FACE7E7049D012900F008
:10BD70002881022958AE1FD1159803F00F011B0925
:10BD8000415C06F8011D43EA0273120953EA0201FD
:10BD9000F3D158AB9B1B04950893059908989DF81F
:10BDA000872081424FF00003B8BF01460A930291F9
:10BDB00012930F930D93CEE503F00701DB0843EADE
:10BDC0004273D208303153EA0207304606F8011DAB
:10BDD000F2D1EF07DDD53029DBD03023023806F869
:10BDE000013C58AB1B1A049508930646D5E7079B00
:10BDF000029A9F1A002F7FF736AD102F2D9BDFF888
:10BE00002C9122DD2A464FF010084D46DDF8249093
:10BE100004E0103F102F04F1080414DD0133103248
:10BE2000072BC4E90058CDE92D32F2DD2CAA494692
:10BE3000584602F0B3FF002852D1103F102FDDE921
:10BE40002D322FACEADCA946154601333D44072BC1
:10BE5000CDE92D35C4F80090676000F3DB84059BC5
:10BE6000089A9F1A002F04F108047FF702AD102FE3
:10BE70002D9BDFF8B8901FDD2A464FF01008099D72
:10BE800004E0103F102F04F1080414DD01332749AA
:10BE90001032072BC4E90018CDE92D32F1DD2CAAB0
:10BEA0002946584602F07AFFD0B9103F102FDDE93D
:10BEB0002D322FACEADC154601333D44072BCDE98A
:10BEC0002D35C4F80090676000F38C810834D0E40D
:10BED00009992CAA584602F061FF00283FF4EDAC06
:10BEE0000A9B002B3FF460AC0A995846FFF756FABC
:10BEF000099B9B8903F040035AE401333544072B27
:10BF0000C4F800906660CDE92D357FF7C1AC099982
:10BF10002CAA584602F042FF0028E1D12E9D2FACFA
:10BF2000B7E400BF945C0408D0490408142B05084A
:10BF30000E9B2D9F012B05F1010507F1010704F16F
:10BF4000080840F30B810123072FCDE92D752660EA
:10BF5000636000F38381149B169A01371D44072FF9
:10BF6000C8E90023CDE92D7500F3858108F10808A3
:10BF70000E9BDDE910015C1E00220023C5F744F88A
:10BF8000002840F00481013701362544072FCDE910
:10BF90002D75C8F80060C8F8044000F3EB8008F184
:10BFA0000808189BC8F8043001371D44072F26AB3A
:10BFB000CDE92D75C8F80030A9DC08F1080468E463
:10BFC000049D0A2B72F1000180F05E8330338DF8FE
:10BFD0005F310123049508930DF25F16DDE60999A0
:10BFE0002CAA584602F0DAFE00287FF479AF2E9D85
:10BFF0002FAC34E4099913932CAA584602F0CEFED4
:10C0000000287FF46DAF2E9D139B2FAC18E4B44A2B
:10C010002D9B1392102E1FDDDDF8248010279146F2
:10C0200004E0103E102E04F1080415DD0133103534
:10C03000072BC4E90097CDE92D35F2DD2CAA414646
:10C04000584602F0ABFE00287FF44AAF103E102E97
:10C05000DDE92D352FACE9DC0133139A3544072B8C
:10C06000C4E90026CDE92D357FF71CAC09992CAA2F
:10C07000584602F093FE00287FF432AF2E9D11E463
:10C080002399002940F35183DDE90D329342A8BF83
:10C090001346002B98460ADD1D44C4E900632D9B1E
:10C0A0002E950133072B2D9300F3618608340D9FE5
:10C0B000B8F1000FA8BFA7EB0807002F00F3F58128
:10C0C0000D9B33440593049B5F0500F11582239B70
:10C0D0000E9A9342C0F2A082049AD00700F19C828B
:10C0E0000E9AB718D61A059BFF1AB742A8BF374653
:10C0F000002F0ADD23602D9B676001333D44072B31
:10C100002E952D9300F365860834002FA8BFF61BEB
:10C11000002E7FF7BEAB102E2D9BDFF8C8917FF766
:10C12000ECAEDDF82480102704E00834103E102E19
:10C130007FF7E3AE01331035072BC4E90097CDE953
:10C140002D35F2DD2CAA4146584602F027FE002884
:10C150007FF4C6AEDDE92D352FACE7E7049BD907A8
:10C160003FF5F1AE0123072FCDE92D752660636001
:10C170007FF717AF09992CAA584602F00FFE002846
:10C180007FF4AEAEDDE92D750DF1BC0809E70E9B1D
:10C19000012B7FF706AF112BDFF8489140F35C834A
:10C1A000CDF814A01026CA46DDF8249005E008F169
:10C1B0000808103C102C40F34C8301371035072F32
:10C1C000C8E900A6CDE92D75F1DD2CAA49465846EF
:10C1D00002F0E4FD00287FF483AEDDE92D750DF15A
:10C1E000BC08E6E709992CAA584602F0D7FD0028BA
:10C1F0007FF476AE2E9D2FACFFF73BBB0B9915F06D
:10C20000100051F8043B0CD115F0400604D00B91FE
:10C210009BB20246012189E415F400721CBFDBB217
:10C2200032460B91012181E404980B9910F0100023
:10C2300051F8043B3DD1049A12F0400534D09BB232
:10C2400002460B91A4E45B42049D62EB42022D2066
:10C2500001216CE4059B089358AE9EE509992CAA30
:10C26000584602F09BFD00287FF43AAEDDE92D75BB
:10C270000DF1BC086FE609992CAA584602F08EFD14
:10C2800000287FF42DAEDDE92D750DF1BC086FE6B9
:10C29000049BDB077FF5FDAA32E50B939AF800308B
:10C2A000FFF7D2B958AE78E5049A12F4007240F064
:10C2B00009840B916CE40B92DA171146FFF7F6BB79
:10C2C000179A9AF80030002A3FF4BEA91278002A83
:10C2D0003FF4BAA9049A42F480620492FFF7B4B919
:10C2E000242B0508142B0508049BD80600F1AB820B
:10C2F000049B590600F1E083049B9A0540F1A38258
:10C300000B9B069A1B681A7064E4DDE91001024673
:10C310000B46C4F7ABFE002840F01E860C9B612B39
:10C3200000F03185412B00F04E85059B013300F074
:10C3300002840C9B23F02003472B00F0E1850A9038
:10C34000DDE91001049A002942F48079C0F2F984F1
:10C350009DED107B8DED1E7B002313930C9B413BC9
:10C36000252B00F22583DFE813F0290423032303A0
:10C370002303EA03B5042303230323032303230333
:10C38000230323032303230323032303230323037D
:10C39000230323032303230323032303230323036D
:10C3A0002303230323032303230329042303230356
:10C3B0002303EA03B504049D0C93FFF7A9BB0C9378
:10C3C000AD4B1593049B13F0200200F033810B9BBF
:10C3D000073323F0070319465A6851F8083B0B91BD
:10C3E0000498C1070BD553EA020108D00C998DF8C7
:10C3F000891040F00201049130218DF888100499D1
:10C4000021F480650221FFF791BB0C93FFF7B2BBCB
:10C410000C939A4B1593D5E70B9B1B688DF8FC305A
:10C420000123029308933FAEFFF7F5BA049B43F054
:10C43000200304930AF1010A9AF80030FFF704B9C7
:10C44000049B43F4007304930AF1010A9AF8003044
:10C45000FFF7FAB809992CAA584602F09FFC002869
:10C460007FF43EAD2E9D2FAC57E4059B0A96062B1C
:10C47000314628BF0623059632460293804E0B971D
:10C48000089312910F910D91FFF765BA402158461C
:10C49000FDF7F2FC099B18601861002800F0038684
:10C4A000099A40235361FFF793B8102F2D9BDFF8B3
:10C4B000D49140F30B8249462A46B146099D4FF07C
:10C4C00010080E4604E00834103F102F40F3FA81A4
:10C4D00001331032072BC4E90068CDE92D32F2DDBB
:10C4E0002CAA2946584602F059FC00287FF4F8ACE3
:10C4F000DDE92D322FACE7E70E9BCDF830A006EB3F
:10C5000003090F9BDDF85CA0DDF848800D96002B39
:10C5100022462946059C099DCDF81490DDF87090BF
:10C5200031DDB8F1000F40F33B8108F1FF382D9861
:10C53000199B013049440728C2E900392E912D90FA
:10C5400000F387800832059B9AF800001F1B874282
:10C55000A8BF0746002F0CDD2D980130394407286D
:10C56000C2E900472E912D9000F360819AF80000F7
:10C570000832002FACBFC61B0646002E16DC044452
:10C580000F9B002BCDDCB8F1000FCEDCDDE90D6395
:10C590002046F31898421446024628BF1A46CDF8A2
:10C5A0005CA00D46DDF830A0059290E5102E2D9888
:10C5B000344B23DD0894102734461E4604E0103C1B
:10C5C000102C02F1080216DD01302E4B1031072825
:10C5D000C2E90037CDE92D01F1DD2CAA29465846E4
:10C5E00002F0DCFB00287FF47BAC103C102CDDE972
:10C5F0002D012FAAE8DC33462646089C1360013043
:10C6000031440728CDE92D01566000F3A2839AF842
:10C61000000008320444B3E7149A16991544C4E99B
:10C6200000122D9A2E950132072A2D9200F3BE8317
:10C63000083455E504980B9910F0100051F8043BAC
:10C6400017D1049A12F040050ED09BB202460B910E
:10C65000C6E62CAA2946584602F0A0FB00287FF423
:10C660003FAC2E992FAA6EE7049A12F4007240F0A4
:10C670001F820B91B4E600BFA85C0408945C040818
:10C68000BC5C0408142B050800210894DFF81C93F7
:10C69000179CCDF810A005F4806758AE4FF0050840
:10C6A00002958C4605E00A2B72F1000234D3534602
:10C6B0002A46991841F10001A9FB010525F0030064
:10C6C00000EB9500091A581A4FF0CC3562F1000EB4
:10C6D00005FB00F5A0FB09A009FB0E550AF0010EB1
:10C6E0000544AEFB080E40184FEA5A0A303006F8EF
:10C6F000010C4AEAC57A0CF1010C013E6D08002FCD
:10C70000D1D021788C45CED1BCF1FF0FCBD00A2BF4
:10C7100072F1000280F0E7801794DDF810A0029D0E
:10C72000089CCDF838C0FFF734BB2D9B9E4A226091
:10C73000013301350122072B2E952D93626000F302
:10C740001B810834002940F09380049B0E9A03F06B
:10C75000010313433FF49DA8149B169A1D44C4E99A
:10C7600000232D9B2E950133072B2D9300F3D681AB
:10C7700004F108028DE0099913932CAA584602F09F
:10C780000DFB00287FF4ACAB9DF887202E9D139BFA
:10C790002FACFFF746B80129049D7FF4EAAA15E4FF
:10C7A0000F9B013B0AF1FF3A0F93C0E609992CAAAF
:10C7B000584602F0F3FA00287FF492AB2E9D2FAC7E
:10C7C000FFF799BA0DF1A8080822002140462596E6
:10C7D000FEF7B2F8059B002BC0F29280002502976D
:10C7E00099462F460EE03FA9584604F011FC431C21
:10C7F000384400F08F83484509DC05F1040500F05A
:10C80000BD830746259A52594346002AEBD1089723
:10C81000029F83E009992CAA584602F0BFFA00282B
:10C820007FF45EAB2E9D2FACFFF71DB82CAA2946D6
:10C83000584602F0B3FA00287FF452AB9AF8000091
:10C840002E992FAA95E60B9B069A1B681A60FFF794
:10C85000C1B9D146DDF814A0C8F8009001372544CD
:10C86000072FCDE92D75C8F804407FF798AB81E418
:10C87000149B169A1D44C4E900232D9B2E95013369
:10C88000072B2D9300F34A8104F108020029C0F21E
:10C89000E0820E99166001330D44072BCDE92D354A
:10C8A00051603FF734AB02F10804FEF7F2BF049980
:10C8B0000B928D054ABF43F3C012DA175BB21146E3
:10C8C000FFF7F4B8154632464E46914601333D44D3
:10C8D000072BCDE92D35C4F80090676000F3128175
:10C8E0000834FFF7EDBB1C9B1999F61A1A4630461F
:10C8F000FEF722F9637803B101344FF0000CD6E65D
:10C9000000231946CDF8008025AA584604F0A6FB5E
:10C9100003460133089000F0FD822596089B002B0A
:10C9200036D0632B00F3E48000230A933FAE082245
:10C9300000214046FEF700F8089DCDF800802B4608
:10C9400025AA3146584604F089FB854240F0A5836C
:10C9500008990B970023735421EAE1719DF8872011
:10C960000593029112930F930D93FEF7F4BF2D22BE
:10C970008DF88720FEF7DCBF09992CAA584602F0F3
:10C980000DFA00287FF4ACAA23992E9D2FACD9E68E
:10C99000089B9DF887200B970293059312930F93A2
:10C9A0000D930A93FEF7D7BFD0490408CDCCCCCC69
:10C9B0002AAB019325AB0093022123AB9DED1E0B07
:10C9C000059A584602F058FE049BD907064600F126
:10C9D000FC812A9B1B1A0E93239B0D930D9BDA1C43
:10C9E00003DB059A9A4280F28B810C9B023B0C93ED
:10C9F0000D9B013B9DF8302023930021002BB8BFF5
:10CA00000D9B8DF89820BABFC3F101032D222B2274
:10CA1000092B8DF8992040F365820DF1AF05B34FD6
:10CA20002A461046A7FB0312D20802EB8201A3EBB1
:10CA30004101303100F8011C19466329134600F109
:10CA4000FF32EEDC303302F8013C831EAB4280F053
:10CA500021830DF1990213F8011B02F8011FAB426B
:10CA6000F9D158AB181AA0F1AD0318930E9B189A80
:10CA7000012B1A44089240F35882089B149A1344DD
:10CA80000893049B089A23F4806343F4807304930F
:10CA900022EAE2720023129302920F930D93139BEA
:10CAA000002B40F01B819DF887200593FEF753BFB4
:10CAB000DBB22A460B9193E40B9B069A1B681A8003
:10CAC000FFF788B8DBB22A460B91FFF761B8099CE3
:10CAD0002CAA2146584602F061F9A38903F04003CD
:10CAE000FEF766BE3046C3F7ABFD0146FEF7C0BF9A
:10CAF000591C5846FDF7C0F90646002800F0DB82B5
:10CB00000A9014E709992CAA584602F047F9002820
:10CB10007FF4E6A92E9D2FACFFF7D2BA09992CAA73
:10CB2000584602F03BF900287FF4DAA9DDE92D35FB
:10CB300023992FAAAAE606230A90059300E4059BF1
:10CB4000022103F101082AAB019325AB00939DED6F
:10CB50001E0B23AB4246584602F08EFD0C9B23F081
:10CB60002007462F064600EB080518BF452705D1CC
:10CB70003378302B00F03C81239B1D44DDE91E01FE
:10CB800000220023C4F740FA002840F059812A9B74
:10CB9000AB4206D230215A1C2A9219702A9B9D4220
:10CBA000F9D8239A0D929B1B472F0E933FF416AF93
:10CBB000462F00F02B810D9B013B1BE723A89DED29
:10CBC0001E0B02F04FFC00224FF07F5351EC100B74
:10CBD000C3F7B2FF02460B46CDE902230022002331
:10CBE000C4F712FA08B101232393059B404A0C981D
:10CBF000CDF820A0591E3F4B0D96612808BF1A465C
:10CC00003746A0460592DDE902458A46164609E008
:10CC1000002200230AF1FF39C4F7F6F9002840F09A
:10CC2000BB81CA46344B002220462946C3F784FF05
:10CC30000D460446C4F730FA8146C3F713FF024697
:10CC40000B4620462946C3F7BFFD16F80930BAF156
:10CC5000FF3F3A46044607F8013B0D46D8D1CDE9DF
:10CC60000245264BDDF820A00D9E4446904600224A
:10CC70004D46C4F7F1F9002800F0FF81059BCDF87F
:10CC8000A880D97B17F8012C91423B4609D130206E
:10CC900003F8010C2A9B5A1E2A9213F8012C914288
:10CCA000F6D0392A0BBF059A0132927AD2B203F834
:10CCB000012C3B469B1B0C9A0E93239B0D93612AE0
:10CCC00003F1FF33239300F0B381412150220C91F3
:10CCD000012193E6DDF81480032134E72D2200239F
:10CCE0008DF887200593FEF739BE00BFCDCCCCCCA4
:10CCF000A85C0408945C0408000030400000E03F99
:10CD0000DDE90D23934200F3C480049B13F0010F6F
:10CD10000D9B00F00F81149A13440893049B5F0548
:10CD200003D50D9B002B00F34781089B23EAE37397
:10CD3000029367230C930023CDF8109012930F9366
:10CD4000ADE601F100431F932D231E901393FFF7CF
:10CD500005BB2CAA2946584602F020F800287FF48B
:10CD6000BFA89AF800002E992FAA044408E4099954
:10CD70002CAA584602F012F800287FF4B1A82E9D84
:10CD80002FACFFF794B978238DF88930049B43F0DA
:10CD90000203049330238DF88830059B632B00F346
:10CDA0008E8000230A933FAEFFF7CABA09992CAAD6
:10CDB000584601F0F3FF00287FF492A8239B2E9D94
:10CDC0002FACFFF78DB95823DEE7059B4727C51821
:10CDD000D4E609992CAA584601F0E0FF00287FF418
:10CDE0007FA8239E0E9B2E9D9E1B2FACFFF78DB917
:10CDF000DDE91E0100220023C4F706F9002800F037
:10CE00001981239B0D931D44AB1B0E93049B0D991D
:10CE1000059A03F00103002943EA020340F31A8153
:10CE2000002B40F0F2800D9B089366230C93049B2B
:10CE30005B0500F1C380089B23EAE37302937AE762
:10CE4000239A0D922B46AEE6002282460592FEF70B
:10CE5000FDBB4F421031DFF87892B8BF102404DBDD
:10CE600021E00832103F102F1DDD01331035072B54
:10CE7000C2E90094CDE92D35F3DD09992CAA584675
:10CE800001F08CFF00287FF42BA8DDE92D352FAAB7
:10CE9000E8E70E9B149A9A180D9B0892002B71DDFF
:10CEA00067230C93C3E701333D44072BCDE92D35B0
:10CEB000C2F80090576000F3AF800832E9E4591CD3
:10CEC0005846FCF7D9FF064610B10A90FFF738BA6A
:10CED000099A938943F0400393814FF0FF330693FF
:10CEE000FEF769BC002934D130228DF89A200DF16B
:10CEF0009B02303302F8013B26ABD31A1893B5E5F9
:10CF0000059B002B7FF41BAA059B0A930123059325
:10CF1000FFF716BA099BB3F90C3000220A9243F0CE
:10CF20004003099A9381FEF7DBBF049BDB077FF583
:10CF3000A8ADA2E50893F1E6059B0293089373233D
:10CF40009DF887200B97059012900F900C93FEF799
:10CF500002BD0DF19A02CCE7119B5A4E002B049BA7
:10CF6000A8BF9DF8872023F08003B8BF2D2204932B
:10CF7000B8BF8DF88720544BFEF7E0BC059B029F9D
:10CF80000893CBE4C3F101031A4422EAE27302934B
:10CF9000672308920C93CEE651460029DDF820A0C5
:10CFA0000D9E4446FFF685AE4B1C3B44302207F8ED
:10CFB000012B9F42FBD17DE667230C9317990B78D9
:10CFC000FF2B74D000250D9A284603E00130013173
:10CFD000FF2B08D0934206DAD21A4B78002BF5D1FA
:10CFE0000B780135F4E717910D920F901295129A74
:10CFF0000F9B1C99CDF810901344089A01FB032352
:10D00000089323EAE373029349E5149B1A445318E7
:10D01000089366230C930AE709992CAA584601F055
:10D02000BDFE00287EF45CAFDDE92D352FAA30E48B
:10D0300070224DE6C8F1010323939EE50B9A9AF8FE
:10D04000013052F8041B0B9241EAE17182460591CE
:10D05000FEF7FABA2BB90123662202930C920893C9
:10D0600069E6149B03F10108059B4344089323EAF6
:10D07000E373029366230C935DE6DDE90201134B33
:10D080000022C3F7C1FF00283FF413AEE8077FF585
:10D0900010AEF3E502231893E8E4099BB3F90C30D2
:10D0A00043F040033DE70C23CBF8003015E70023A5
:10D0B00012930F939BE7099B0A90B3F90C3043F04E
:10D0C00040032EE7905C04088C5C04080000E03FFD
:10D0D000142B0508000000002DE9F04FD9B01646CA
:10D0E00005911C4683460B9302F0A4F9036815933F
:10D0F0001846C3F7A5FA08221490002128A8FDF7C6
:10D100001BFCBBF1000F04D0DBF83430002B01F026
:10D110007380059A536EB2F90C20D80702D491059A
:10D1200040F17886970406D4059942F4005223F41E
:10D1300000538A814B669D0401F13384059AB2F94C
:10D140000C30190740F1CC801269002A00F0C88029
:10D1500003F01A020A2A00F0D2809FED9B7B002385
:10D16000CDE92D33CDE917338DED107B2FAA0E932A
:10D170002C92144616931C9319930793B246944B22
:10D18000D3F8E45002F050F928AA0346009224A9EB
:10D1900052465846A847002800F0D080C0F2C6800A
:10D1A000249A252A034601D09A44E8E7BAEB0607F9
:10D1B000054640F0C780002319464FF0FF328DF836
:10D1C000873008930AF1010A9AF800300692049118
:10D1D0000AF1010AA3F120025A2A00F2FB80DFE8DB
:10D1E00012F04703F900F9004003F900F900F900D3
:10D1F0006A00F900F9007A028C02F90085025203F4
:10D20000F900F6025B005B005B005B005B005B000B
:10D210005B005B005B00F900F900F900F900F90020
:10D22000F900F9007301F9000702A3027301730109
:10D230007301F900F900F900F9009C02F900F90006
:10D24000FD02F900F900F9002402F900C502F90015
:10D25000F900E806F900F900F900F900F900F90011
:10D26000F900F9007301F900070256027301730116
:10D270007301150356020002F9009202F90031030E
:10D280000E071F030002F90024027C001107F900B9
:10D29000F9001507F9007C00A3F1300200211AF80B
:10D2A000013B01EB810102EB4101A3F13002092AAC
:10D2B000F5D908918EE7584602F0BCF843681993F7
:10D2C0001846C3F7BDF91C900546584602F0B2F85F
:10D2D00083681793002D40F006869AF8003077E7B0
:10D2E000059D5846294602F02BF8002841F0A684F7
:10D2F000B5F90C3003F01A020A2A7FF42EAF059913
:10D30000B1F90E20002AFFF628AF4A6ED50702D4E5
:10D31000980541F11C81059923463246584601F093
:10D32000EDFC0790079859B0BDE8F08F0822002166
:10D3300028A8FDF701FB01239A4420E7BAEB060772
:10D34000054610D02E9B3B442E932D9B0133072B7B
:10D35000C4E900672D9310DC0834079B3B44079316
:10D36000002D7FF428AF2E9B002B41F0D980059B28
:10D370000022B3F90C302D9218E005992CAA5846DA
:10D3800001F0FCFC78B92FACE7E705992CAA5846C8
:10D3900001F0F4FC002800F08C800A9B1BB10A9974
:10D3A0005846FDF7FBFF059BB3F90C30059A526E0A
:10D3B000D00740F10C815A0601F1FD82079859B05F
:10D3C000BDE8F08FAFF30080000000000000000017
:10D3D000940800200C93002BC5D000228DF8FC305F
:10D3E0000123CDE909328DF887200293069212922B
:10D3F0000F920D923FAE049B13F0020302D00299EC
:10D400000231029104992E9D11F0840805D10899EA
:10D4100002980F1A002F00F3A1806AB10122626006
:10D420002D9A013201350DF18701072A2E952D9293
:10D43000216000F3CB8308346BB12D9B22AA01330A
:10D4400002352260072B4FF002022E952D93626069
:10D4500000F3B1830834B8F1800F00F0C682069B58
:10D46000099A9F1A002F00F30183049BDF0500F146
:10D470002682099B63601D442D9B26600133072B88
:10D480002E952D9300F32F830834049B5E0705D55A
:10D49000089B029A9E1A002E00F3A583DDE907324D
:10D4A00002998A42ACBF9B185B180793002D7FF44A
:10D4B0006CAF00232D930A9B1BB10A995846FDF7C8
:10D4C0006DFF2FAC564659E60C930B9B073323F0A8
:10D4D0000703B3EC027B58EC177B0B9328F0004357
:10D4E0001B938DED1A7ADDE91A019C4B4FF0FF3248
:10D4F0008DED107BC3F7BAFD002840F00485DDE90F
:10D500001A01964B4FF0FF32C3F792FD002840F00E
:10D51000FA840022002338464146C3F77FFD0028E5
:10D5200041F017819DF88720049B8D4E23F08003E6
:10D5300004938C4B0C994729D8BF1E460023032126
:10D540000A9302910991069312930F930D93002A67
:10D550003FF451AF029B013302934CE782492D9A6D
:10D560001391102F25DD21462846059C7E4D1D93E5
:10D570004FF0100904E0103F102F01F1080115DDF4
:10D5800001321030072AC1E90059CDE92D20F2DD22
:10D590002CAA2146584601F0F1FB00287FF4FDAE8D
:10D5A000103F102FDDE92D202FA9E9DC1D9B0C4633
:10D5B00005460132139921603D44072ACDE92D2506
:10D5C000676000F309869DF88720083425E79905F0
:10D5D0003FF5F1AE059CA06DFDF706FEB4F90C30E9
:10D5E000E9E6049B43F0200304939AF80030EFE54A
:10D5F0000B9A0C93432B02F1040500F04785049B22
:10D60000DA0600F143850B9B1B688DF8FC30012383
:10D61000029309933FAE00220B958DF887200A9262
:10D62000069212920F920D92E5E60B9F0C9357F81B
:10D63000046B00238DF88730002E00F016850C9BBC
:10D64000532B00F0EF85049B13F010030D9340F073
:10D65000E985069B002BC0F24B870D991A46304690
:10D66000C3F75EF80A90002801F08B820A9B991B91
:10D670000D9B0991069321EAE17112930F930A938E
:10D6800073239DF887200B9702910C935FE70C930F
:10D69000049B9B0650D50B9B073323F007031A46C8
:10D6A000596852F8083B0B920A460029C0F2FD83E4
:10D6B00006990029C0F27082049921F0800553EA8E
:10D6C000020140F06A82069A002A40F06B820495BB
:10D6D000099258AE5FE10B9B53F8042B0892002A85
:10D6E00080F2A683089A0B9352420892049B43F05F
:10D6F000040304939AF800306AE52B238DF88730F1
:10D700009AF8003064E59AF800306C2B00F09884A9
:10D71000049A42F0100204925AE5049B43F0080375
:10D7200004939AF8003053E50C93049B43F01003E4
:10D730000493049B9B06AED40B9A52F8043B0B92C5
:10D74000049AD70600F1AC83049A560640F1A483EC
:10D7500043F3C03211461BB2A7E700BFFFFFEF7FC4
:10D76000885C0408845C0408442B05080C93049B23
:10D7700043F0100515F0200200F03E830B9B0733A9
:10D7800023F0070319465A6851F8083B0B91012111
:10D790000020069E8DF88700002EC0F2E58025F05F
:10D7A0008000049053EA020040F0DD80002E40F03B
:10D7B0002885002940F0A18415F00103099300F0A9
:10D7C0003C8330238DF85F310DF25F16E3E0049B5C
:10D7D00043F0800304939AF80030F9E40C93049B1F
:10D7E00043F010030493049B13F0200200F0F38233
:10D7F0000B9B073323F0070319465A6851F8083B7F
:10D800000B91049921F480650021C1E79AF800305A
:10D81000682B00F00B84049A42F040020492D7E493
:10D820000B9A049B43F0020552F8043B0B9247F617
:10D830003002ADF888207820B04A169202210022EA
:10D840000C90A5E7049B9D0640F13C830B9B079A37
:10D850001B681A60D2175A600B9B04330B93564611
:10D860008CE4049B43F0010304939AF80030AFE486
:10D870009DF887209AF80030002A7FF4A9AC202276
:10D880008DF88720A4E4504610F8013B2A2B01F0C4
:10D890000182A3F13002092A98BF002101F294808D
:10D8A00010F8013B01EB810102EB4101A3F13002D1
:10D8B000092AF5D941EAE172069282468AE40C9B74
:10D8C000652B40F32181DDE9100100220023C3F71D
:10D8D0009BFB002800F0C0812D9B894A2260013308
:10D8E00001350122072B2E952D93626000F38E8463
:10D8F0000834239B0E9A934280F29582149B159ACA
:10D900001D44C4E900232D9B2E950133072B2D9335
:10D9100000F3A08308340E9B5E1E002E7FF7B5AD8A
:10D92000102E2D9BDFF8DC9140F3D380DDF81480BE
:10D93000102704E00834103E102E40F3CA80013353
:10D940001035072BC4E90097CDE92D35F2DD2CAA5F
:10D950004146584601F012FA00287FF41EADDDE979
:10D960002D352FACE7E7049D012900F0168102292F
:10D9700058AE1FD1169803F00F011B09415C06F841
:10D98000011D43EA0273120953EA0201F3D158ABB5
:10D990009B1B04950993069909989DF8872081425D
:10D9A0004FF00003B8BF01460A93029112930F9300
:10D9B0000D93CCE503F00701DB0843EA4273D2087C
:10D9C000303153EA0207304606F8011DF2D1EB0769
:10D9D000DDD53029DBD03023023806F8013C58ABC6
:10D9E0001B1A049509930646D5E7089B029A9F1ACD
:10D9F000002F7FF734AD102F2D9BDFF8089123DD2A
:10DA00002A464FF010084D46DDF8149004E0103F10
:10DA1000102F04F1080415DD01331032072BC4E97F
:10DA20000058CDE92D32F2DD2CAA4946584601F0C6
:10DA3000A5F900287FF4B1AC103F102FDDE92D329D
:10DA40002FACE9DCA946154601333D44072BCDE94F
:10DA50002D35C4F80090676000F3DC82069B099ABC
:10DA60009F1A002F04F108047FF7FFAC102F2D9BA5
:10DA7000DFF8909021DD2A464FF01008059D04E064
:10DA8000103F102F04F1080416DD01331D49103238
:10DA9000072BC4E90018CDE92D32F1DD2CAA294667
:10DAA000584601F06BF900287FF477AC103F102F37
:10DAB000DDE92D322FACE8DC154601333D44072B60
:10DAC000CDE92D35C4F80090676000F37881083403
:10DAD000CBE401333544072BC4F800906660CDE9F0
:10DAE0002D357FF7D1AC05992CAA584601F046F99F
:10DAF00000287FF452AC2E9D2FACC6E4945C040841
:10DB0000D0490408342B05080E9B2D9F012B05F1ED
:10DB1000010507F1010704F1080840F30C81012316
:10DB2000072FCDE92D752660636000F3F782149B03
:10DB3000159A01371D44072FC8E90023CDE92D753B
:10DB400000F3DF8208F108080E9BDDE910015C1E7E
:10DB500000220023C3F758FA002840F0058101375E
:10DB600001362544072FCDE92D75C8F80060C8F8A7
:10DB7000044000F3EC8008F10808189BC8F8043052
:10DB800001371D44072F26ABCDE92D75C8F80030AD
:10DB9000A9DC08F1080478E4049D0A2B72F1000165
:10DBA00080F0C98230338DF85F31012304950993E9
:10DBB0000DF25F16EFE605992CAA584601F0DEF843
:10DBC00000287FF4EAAB2E9D2FAC44E40599139313
:10DBD0002CAA584601F0D2F800287FF4DEAB2E9D27
:10DBE000139B2FAC28E4B44A2D9B1392102E1FDDFB
:10DBF000DDF814801027914604E0103E102E04F149
:10DC0000080415DD01331035072BC4E90097CDE971
:10DC10002D35F2DD2CAA4146584601F0AFF8002818
:10DC20007FF4BBAB103E102EDDE92D352FACE9DCC7
:10DC30000133139A3544072BC4E90026CDE92D356D
:10DC40007FF72CAC05992CAA584601F097F80028CC
:10DC50007FF4A3AB2E9D21E42399002940F3EF80AC
:10DC6000DDE90D329342A8BF1346002B98460ADD2A
:10DC70001D44C4E900632D9B2E950133072B2D9382
:10DC800000F3748608340D9FB8F1000FA8BFA7EB0E
:10DC90000807002F00F33D830D9B33449846049BF7
:10DCA000590500F16885239B0E9A9342C0F20682C3
:10DCB000049AD20700F102820E9AB718D61A434688
:10DCC000FF1AB742A8BF3746002F0BDD2D9BC4F8C3
:10DCD000008001333D44072B67602E952D9300F3A0
:10DCE000A4860834002FA8BFF61B002E7FF7CDAB0B
:10DCF000102E2D9BDFF8C8917FF7EBAEDDF8148076
:10DD0000102704E00834103E102E7FF7E2AE0133F6
:10DD10001035072BC4E90097CDE92D35F2DD2CAA8B
:10DD20004146584601F02AF800287FF436ABDDE979
:10DD30002D352FACE7E7049BDB073FF5F0AE012361
:10DD4000072FCDE92D75266063607FF716AF059923
:10DD50002CAA584601F012F800287FF41EABDDE92A
:10DD60002D750DF1BC0808E70E9B012B7FF705AF61
:10DD7000112BDFF84C9140F3C082CDF818A010268B
:10DD8000CA46DDF8149005E008F10808103C102C94
:10DD900040F3B08201371035072FC8E900A6CDE95E
:10DDA0002D75F1DD2CAA4946584600F0E7FF002802
:10DDB0007FF4F3AADDE92D750DF1BC08E6E70599BE
:10DDC0002CAA584600F0DAFF00287FF4E6AA2E9D20
:10DDD0002FACFFF74ABB0B9951F8043B0B91049908
:10DDE00011F010017FF40DAD049A12F0400000F024
:10DDF000D4829BB20A4604E50B9951F8043B0B917F
:10DE000015F0100146D115F040003ED00A469BB2F5
:10DE10000121BDE4059DA86DFDF7E4F9B5F90C20DD
:10DE20006B6EFFF77FB9049BD8077FF52EAB65E5D6
:10DE30000B939AF80030FFF7CBB958AEABE52D9BAA
:10DE40001E4A2260013301350122072B2E952D93A6
:10DE5000626000F370850834002940F07F82049BE3
:10DE60000E9A03F0010313433FF40FAB149B159A72
:10DE70001D44C4E900232D9B2E950133072B2D93C0
:10DE800000F3588304F1080279E215F400721CBF14
:10DE9000DBB2024601217BE4049A950500F122835E
:10DEA000DA1711460029BFF603AC5B42049D62EB12
:10DEB00042022D2001216CE4442B0508D0490408BE
:10DEC000342B0508049BD80600F10E82049B5906EA
:10DED00000F10283049B9A0540F106820B9B079A8E
:10DEE0001B681A70B8E4179A9AF80030002A3FF4B9
:10DEF0006FA91278002A3FF46BA9049A42F4806259
:10DF00000492FFF765B9DDE9100102460B46C3F73D
:10DF1000ADF8002840F019860C9B612B00F032858B
:10DF2000412B00F0EB82069B013300F0FE850C9B39
:10DF300023F02003472B00F0D3850A90DDE9100180
:10DF4000049A002942F48079C0F2E1849DED107BAF
:10DF50008DED1E7B002313930C9B413B252B00F280
:10DF60003B82DFE813F0440339023902390205032A
:10DF7000D003390239023902390239023902390231
:10DF800039023902390239023902390239023902B9
:10DF900039023902390239023902390239023902A9
:10DFA00039023902390244033902390239020503C0
:10DFB000D0030C93A44B1693049B13F0200200F0A3
:10DFC0008B800B9B073323F0070319465A6851F8DF
:10DFD000083B0B910498C1070BD553EA020108D006
:10DFE0000C998DF8891040F00201049130218DF8D0
:10DFF0008810049921F480650221FFF7C9BB0C93B6
:10E00000FFF7F1BB049D0C93FFF7B4BB0C938F4B50
:10E010001693D1E705992CAA584600F0AFFE0028C8
:10E020007FF4BBA92E9D2FACFFF719BA049B43F4D4
:10E03000007304930AF1010A9AF80030FFF7C8B898
:10E04000049B43F0200304930AF1010A9AF800307C
:10E05000FFF7BEB805992CAA584600F08FFE00289D
:10E060007FF49BA92E9D2FAC55E4069B0A96062BA8
:10E07000314628BF0623069632460293744E0B970C
:10E08000099312910F910D91FFF761BA08220021B7
:10E090002AA8FCF751FC0B9B3FAE1A6831462AAB0D
:10E0A000584602F0B5FF03460133099000F0D785CA
:10E0B000099B23EAE3730293FFF7ADBA149A15990B
:10E0C0001544C4E900122D9A2E950132072A2D928B
:10E0D00000F35A840834EFE50B9951F8043B0B9197
:10E0E000049911F010017FF475AF049A12F040000A
:10E0F00000F05B819BB20A466CE7069B099358AE21
:10E1000049E405992CAA584600F038FE00287FF40F
:10E1100044A9DDE92D750DF1BC0815E505992CAA7A
:10E12000584600F02BFE00287FF437A9DDE92D7555
:10E130000DF1BC08FBE4002105F480670995DFF8C8
:10E140001491179DCDF810A058AE4FF005088C46DD
:10E15000029405E00A2B72F1000234D353462246A2
:10E16000991841F10001A9FB010424F0030000EB20
:10E170009400091A581A4FF0CC3462F1000E04FBD7
:10E1800000F4A0FB09A009FB0E440AF0010E0444B0
:10E19000AEFB080E40184FEA5A0A303006F8010C60
:10E1A0004AEAC47A0CF1010C013E6408002FD1D078
:10E1B00029788C45CED1BCF1FF0FCBD00A2B72F160
:10E1C000000280F0CB821795DDF810A0029C099D1B
:10E1D000CDF838C0FFF7DBBB059913932CAA58463E
:10E1E00000F0CCFD00287FF4D8A89DF887202E9D54
:10E1F000139B2FACFFF711B95846FCF79FF9FEF7B8
:10E2000088BF0129049D7FF4B2ABCBE405992CAA09
:10E21000584600F0B3FD00287FF4BFA82E9D2FAC18
:10E22000FFF767BB0DF1A80808220021404625969C
:10E23000FCF782FB069B002BC0F27C820025CDF808
:10E2400008A0A9469A4616E0A85C0408945C040855
:10E25000BC5C0408CDCCCCCC3FA9584602F0D8FE1B
:10E26000431C484400F05684504509DC05F1040580
:10E2700000F065848146259A52594346002AEBD125
:10E28000DDF808A0CDF82490099B002B00F047830F
:10E29000632B40F30484591C5846FBF7EDFD0646FA
:10E2A000002800F01E850A90082200214046FCF755
:10E2B00043FB099DCDF800802B4625AA31465846E0
:10E2C00002F0CCFE854240F0068509990B970023A9
:10E2D000735421EAE1719DF887200693029112930D
:10E2E0000F930D93FFF733B90B9B079A1B681A60C6
:10E2F000FFF7B2BAD146DDF818A0C8F80090013790
:10E300002544072FCDE92D75C8F804407FF733ACBD
:10E310001DE5102F2D9BDFF8189451DD49462A4644
:10E32000B146059D4FF010080E4603E00834103F3B
:10E33000102F41DD01331032072BC4E90068CDE90D
:10E340002D32F3DD2CAA2946584600F017FD00288F
:10E350007FF423A8DDE92D322FACE8E7149B159A52
:10E360001D44C4E900232D9B2E950133072B2D93CB
:10E3700000F3E08004F108020029C0F270830E99D6
:10E38000166001330D44072BCDE92D3551603FF761
:10E39000AAAB02F10804FFF778B8049A12F40072ED
:10E3A0001CBFDBB20246FFF72CBA049A12F40072CB
:10E3B0001CBFDBB202460DE6154632464E4691467C
:10E3C00001333D44072BCDE92D35C4F8009067603B
:10E3D00000F3C28008345FE42AAB019325AB0093BD
:10E3E000022123AB9DED1E0B069A584601F044F91D
:10E3F000049BD907064600F1E3822A9B1B1A0E9361
:10E40000239B0D930D9BDA1C03DB069A9A4280F244
:10E410005D820C9B023B0C930D9B013B9DF83020D1
:10E4200023930021002BB8BF0D9B8DF89820BABF15
:10E43000C3F101032D222B22092B8DF8992040F3E3
:10E4400032830DF1AF05B54F2A461046A7FB0312E4
:10E45000D20802EB8201A3EB4101303100F8011C2C
:10E4600019466329134600F1FF32EEDC303302F81F
:10E47000013C831EAB4280F026840DF1990213F813
:10E48000011B02F8011FAB42F9D158AB181AA0F1D9
:10E49000AD0318930E9B189A012B1A44099240F36E
:10E4A0003483099B149A13440993049B099A23F417
:10E4B000806343F48073049322EAE2720023129390
:10E4C00002920F930D93139B002B40F020819DF837
:10E4D00087200693FFF73BB80B9B079A1B681A80AF
:10E4E000FFF7BAB943F3C01211465BB2FFF7DDB8CC
:10E4F0003046C2F7A5F80146FFF7BAB858238DF8A1
:10E500008930049B43F00203049330238DF8883054
:10E51000069B632B00F3EE8200230A933FAE0DE5CA
:10E5200005992CAA584600F029FC00283EF41FAF9C
:10E53000FEF739BF05992CAA584600F01FFC0028A9
:10E540007EF42BAFDDE92D3523992FAA14E7886DD2
:10E55000FCF74AFEFEF7DFBE05992CAA584600F0EC
:10E560000DFC00287EF419AF2E9D2FACFFF794BB55
:10E57000069B022103F101082AAB019325AB00930E
:10E580009DED1E0B23AB4246584601F075F80C9BDF
:10E5900023F02007462F064600EB080518BF452745
:10E5A00005D13378302B00F01482239B1D44DDE924
:10E5B0001E0100220023C2F727FD002840F031820F
:10E5C0002A9BAB4206D230215A1C2A9219702A9BF0
:10E5D0009D42F9D8239A0D929B1B472F0E933FF42F
:10E5E00011AF462F00F003820D9B013B16E723A8D5
:10E5F0009DED1E0B00F036FF00224FF07F5351ECD3
:10E60000100BC2F799FA02460B46CDE9022300220D
:10E610000023C2F7F9FC08B101232393069B404A6B
:10E620000C98CDF824A0591E3E4B0D96612808BFCA
:10E630001A463746A0460692DDE902458A46164646
:10E6400009E0002200230AF1FF39C2F7DDFC0028AF
:10E6500040F0A482CA46344B002220462946C2F725
:10E660006BFA0D460446C2F717FD8146C2F7FAF968
:10E6700002460B4620462946C2F7A6F816F809308E
:10E68000BAF1FF3F3A46044607F8013B0D46D8D1A0
:10E69000CDE90245254BDDF824A00D9E4446904669
:10E6A00000224D46C2F7D8FC002800F0FF82069BEE
:10E6B000CDF8A880D97B17F8012C8A423B4609D1B6
:10E6C000302003F8010C2A9B5A1E2A9213F8012CC1
:10E6D0008A42F6D0392A0BBF069A0132927AD2B218
:10E6E00003F8012C3B469B1B0C9A0E93239B0D9326
:10E6F000612A03F1FF33239300F0918241215022DC
:10E700000C9101218EE6DDF81880032134E72D22DB
:10E7100000238DF887200693FEF71CBFCDCCCCCC10
:10E72000A85C0408945C0408000030400000E03F4E
:10E73000342B050800231946CDF8008025AA584639
:10E7400002F08CFC03460133099000F0E38125962A
:10E750009AE52D228DF88720FEF7E6BE1C9B1999BD
:10E76000F61A1A463046FCF7E7F96B7803B1013523
:10E770004FF0000CF2E40E9BCDF830A006EB03093D
:10E780000F9BCDF81890002B224629464446DDF811
:10E790005CA0DDF84880059DDDF870900D962EDDBB
:10E7A000B8F1000F7FDD08F1FF382D98199B01307B
:10E7B00049440728C2E900392E912D9068DC0832BF
:10E7C000069B9AF800001F1B8742A8BF0746002F30
:10E7D0000BDD2D98013039440728C2E900472E91FE
:10E7E0002D9066DC9AF800000832002FACBFC61BE3
:10E7F0000646002E17DC04440F9B002BD0DCB8F13A
:10E80000000FD0DCDDE90D632046F3189842144672
:10E81000024628BF1A46CDF85CA00D46DDF830A0B0
:10E820009046FFF740BA102E2D98AC4B23DD09948B
:10E83000102734461E4604E0103C102C02F108025A
:10E8400016DD0130A54B10310728C2E90037CDE9AC
:10E850002D01F1DD2CAA2946584600F08FFA002838
:10E860007EF49BAD103C102CDDE92D012FAAE8DCD5
:10E8700033462646099C1360013031440728CDE910
:10E880002D01566064DC9AF8000008320444B3E7B6
:10E890002CAA2946584600F071FA00287EF47DAD76
:10E8A0002E992FAA8CE70F9B013B0AF1FF3A0F9399
:10E8B0007BE72CAA2946584600F060FA00287EF42F
:10E8C0006CAD9AF800002E992FAA8EE7DDE90D2392
:10E8D000934200F3B980049B13F0010F0D9B00F0ED
:10E8E0002981149A13440993049B5F0503D50D9B5A
:10E8F000002B00F36381099B23EAE37302936723F0
:10E900000C930023CDF8109012930F93DBE501F1E7
:10E9100000431F932D231E901393FFF71DBB099BEC
:10E920009DF887200B970293069312930F930D93F4
:10E930000A93FEF70CBE05992CAA584600F01EFA61
:10E9400000287EF42AAD23992E9D2FACFFF784BAC0
:10E950002CAA2946584600F011FA00287EF41DAD75
:10E960009AF800002E992FAA044445E705992CAA8D
:10E97000584600F003FA00287EF40FAD2E9D2FAC10
:10E98000FFF781B97823BAE505992CAA584600F01B
:10E99000F5F900287EF401AD239B2E9D2FACFFF7E7
:10E9A0008BB9DC0707D4059B9B89980503D4059B8D
:10E9B000986DFCF719FC4FF0FF330793FEF7FEBC90
:10E9C000069B4727C518F2E5002282460692FEF70D
:10E9D00001BCDDE91E0100220023C2F715FB00285F
:10E9E00000F03981239B0D931D44AB1B0E93049BB8
:10E9F0000D99069A03F00103002943EA020340F34C
:10EA00003681002B40F004810D9B099366230C9303
:10EA1000049B5B0500F1D480099B23EAE373029316
:10EA20006FE7239A0D922B46D6E505992CAA5846F6
:10EA300000F0A4F900287EF4B0AC239E0E9B2E9D1E
:10EA40009E1B2FACFFF74EB90E9B149A9A180D9B84
:10EA50000992002B40F38B8067230C93D8E74F4239
:10EA60001031DFF87890B8BF102404DB29E00832B9
:10EA7000103F102F25DD01331035072BC2E900941C
:10EA8000CDE92D35F3DD05992CAA584600F076F92D
:10EA900000287EF482ACDDE92D352FAAE8E70023BB
:10EAA0000A933FAE00E4002946D130228DF89A2027
:10EAB0000DF19B02303302F8013B26ABD31A1893B9
:10EAC000E8E401333D44072BCDE92D35C2F8009031
:10EAD000576000F3A680083251E400BF342B0508CC
:10EAE000069B002B7FF429AA069B0A930123069319
:10EAF000FFF724BA591C5846FBF7BEF90646002812
:10EB000000F0AD800A90FFF719BA049BDB077FF590
:10EB1000CCACC6E4059BB3F90C3000220A9243F05A
:10EB20004003059A9381FEF738BC06230A900693AA
:10EB3000FFF704BA0993D7E60DF19A02BAE7069BEC
:10EB4000DDF808A00993FFF79FBB119B684E002BCF
:10EB5000049BA8BF9DF8872023F08003B8BF2D2217
:10EB60000493B8BF8DF88720624BFEF7E3BCC3F176
:10EB700001031A4422EAE2730293672309920C9379
:10EB8000BFE6069B0293099373239DF887200B979A
:10EB9000069012900F900C93FEF7D9BC51460029B5
:10EBA000DDF824A00D9E4446FFF69CAD4B1C3B4473
:10EBB000302207F8012BBB42FBD194E567230C936D
:10EBC00017990B78FF2B00F0828000250D9A2846BC
:10EBD00003E001300131FF2B08D0934206DAD21A4C
:10EBE0004B78002BF5D10B780135F4E717910F9096
:10EBF00012950D920F9A129B1C99CDF81090134408
:10EC0000099A01FB0323099323EAE37302935AE46D
:10EC1000149B1A445318099366230C93F8E6702248
:10EC20006FE505992CAA584600F0A8F800287EF454
:10EC3000B4ABDDE92D352FAAFFF7A1BB059A536EC2
:10EC4000DF073FF5B8AE93899E053FF5B4AE906DF2
:10EC5000FCF7CAFAAFE6C8F101032393A6E4059ACC
:10EC6000B2F90C3043F040039381FEF79FBB2BB900
:10EC70000123662202930C92099342E6149B03F14E
:10EC80000108069B4344099323EAE3730293662336
:10EC90000C9336E60B9A9AF8013052F8041B0B924B
:10ECA00041EAE17182460691FEF792BADDE902017E
:10ECB000114B0022C2F7A8F900283FF413ADE80772
:10ECC0007FF510ADF3E402231893FFF7E3BB0023B5
:10ECD00012930F938EE7059BB3F90C3043F040037A
:10ECE0001FE7059B0A90B3F90C3043F0400318E787
:10ECF000905C04088C5C04080000E03FF0B51F46FF
:10ED00008B89ADF26C4D23F00203ADF80C301AABD9
:10ED1000009304934FF48063029305934B6E199311
:10ED2000CB89ADF80E30CB6907934B6A0993154632
:10ED30000023064616A80C460693FCF74FFA2A460F
:10ED40003B4669463046FEF7C7F9051E07DB6946B4
:10ED5000304600F04BF9002818BF4FF0FF35BDF8E2
:10ED60000C305B0603D5A38943F04003A3811698BA
:10ED7000FCF736FA28460DF26C4DF0BD936810B5DD
:10ED800014461BB918460023636010BD00F058F903
:10ED90000023A3600023636010BD00BF2DE9F8438A
:10EDA000154692682C68FAB180468946083401E01D
:10EDB0000834CFB16B68591E002B1746696013DD0C
:10EDC00054F8046C002EF3D0334654F8082C49460E
:10EDD000404602F04FF9431C07D0AA68921B174621
:10EDE000AA600834002FE5D100200023C5E90133D3
:10EDF000BDE8F88370B500293FD006460C4610B137
:10EE0000436B002B3CD0636EB4F90C20DD0732D489
:10EE1000900538D52146304600F04CF8E36A0546A7
:10EE200033B1E169304698470028B8BF4FF0FF354D
:10EE3000A3891A0639D4216B41B104F140039942E8
:10EE400002D03046FCF7AAFA00232363616C21B19B
:10EE50003046FCF7A3FA00236364FBF78DFB636E77
:10EE60000022DB07A2811CD5A06DFCF7B9F9FBF7E6
:10EE700089FB284670BD002ACCD10025284670BDEC
:10EE8000FBF75CFBBFE7A06DFCF7ACF9B4F90C3005
:10EE9000002BBFD1636ED907EFD4A06DFCF7A4F9A6
:10EEA000EBE7A06DFCF7A0F9DEE721693046FCF73F
:10EEB00075FAC0E7B1F90C202DE9F04116070C46B0
:10EEC00080464ED4496842F400630029A38163DD83
:10EED000A56A002D42D0002112F48052D8F80060BB
:10EEE000C8F80010E16964D101234046A847451CD9
:10EEF00002466ED0B4F90C30A56AE169580705D511
:10EF00006368D21A236B0BB1E36BD21A002340461D
:10EF1000A847431C4FD1D8F80010B4F90C301D2974
:10EF200040D8314ACA40D7073CD52269226023F431
:10EF30000062A281DD044FF00002626001D5002969
:10EF400045D0216BC8F8006041B104F140039942FB
:10EF500002D04046FCF722FA002323630020BDE8DC
:10EF6000F0810E69002EF9D00D680E6092070CBF7B
:10EF70004B690023AD1B8B600BE02B463246E169E9
:10EF8000676A4046B847B0F1000CA5EB0C05664433
:10EF900006DD002DF1DCE1E7E16B002998DCDDE71F
:10EFA000B4F90C3043F04003A3814FF0FF30BDE8CB
:10EFB000F081226DA2E7B4F90C302269226023F4BB
:10EFC0000062A281DB044FF000026260B9D52065C7
:10EFD000B7E7D8F80030002B8CD01D2B01D0162BB2
:10EFE000DED1C8F80060B9E70100402038B50C4612
:10EFF000054608B1436B03B3B4F90C0088B1636EE6
:10F00000DB0701D481050FD528462146FFF752FFC3
:10F01000636EDA07054602D4A3899B0508D5284606
:10F0200038BD0546284638BDA06DFCF7DBF8EBE798
:10F03000A06DFCF7D9F8284638BDFBF77FFADBE76F
:10F040009368002B00F0F8802DE9F04FB1F90CC067
:10F050001CF0080F83B0904681460C4631D00B69F6
:10F060007BB31CF00207D8F8006038D00027D4F832
:10F0700024B0E169DFF8C4A23D4655452B463A4627
:10F0800028BF53464846C5B1D847002840F3CA8038
:10F09000D8F808301B1A07442D1AC8F80830002B7E
:10F0A00000F0B68055452B46D4F824B0E16928BF5E
:10F0B00053463A464846002DE6D1D6E90075083653
:10F0C000DBE72146484600F03BF9002840F0AF80DE
:10F0D000B4F90CC0D8F800601CF00207C6D11CF0CF
:10F0E000010A63D12368A168574618468B46002F52
:10F0F00058D01CF4007F00F0B580B9420A4600F2F7
:10F10000E1801CF4906F2FD0216962695D1A02EBD7
:10F11000420202EBD2726B1C52103B44934292BFEC
:10F1200093469B461A461CF4806F00F0EA80114615
:10F130004846FAF7A1FE002800F0F9802A46216926
:10F140000090C1F7CDF9A289009B22F4906242F0B1
:10F150008002A2815819ABEB0505C4F814B02361F5
:10F16000A5602060BB463A4651460092FBF764FB1F
:10F17000A1682368009AA1EB0B011A443D46A160E7
:10F1800022600027D8F808305B1BAA44C8F8083072
:10F19000002B3DD02368A168B4F90CC018468B46FB
:10F1A000002FA6D1D6E900A708369EE73846BB4611
:10F1B0003D460097002D41D0002846D0009A206897
:10F1C000A168D4E90473AA4228BF2A46B84204D9E8
:10F1D00001EB030A524500F38580934275DCE16937
:10F1E000676A5A464846B847B0F1000A1ADD009BE4
:10F1F000B3EB0A0300930FD00120D8F80830A3EB3B
:10F200000A03D344A5EB0A05C8F80830002BD1D176
:10F21000002003B0BDE8F08F21464846FFF7E6FE28
:10F220000028EAD0B4F90C3043F04003A3814FF03A
:10F23000FF3003B0BDE8F08F00207047756833469B
:10F240000836002DFAD0D3F800B02A460A215846D5
:10F25000C1F766FA002867D00130A0EB0B030093DA
:10F260001A46ACE722699A4214D36269BA4211D8AD
:10F270006FF00043BB4228BF3B46656A93FBF2F345
:10F28000E16902FB03F348465246A847051EC9DD63
:10F290007F1B77E7B94228BF39460D4618460A4614
:10F2A0005146FBF7C9FAA1682368491B2B44A160AA
:10F2B00023600029ECD121464846FFF797FE00283D
:10F2C000E6D0AFE7BB463A464EE759460192FBF718
:10F2D000B3FA019AA3689B1AA360236813442360BE
:10F2E000924684E759465246FBF7A6FA23685344F0
:10F2F000236021464846FFF779FE00283FF477AFA8
:10F3000090E7484601F0D4FC034600287FF422AF82
:10F3100021694846FCF742F8B4F90C300C22C9F8D0
:10F32000002023F080037FE76A1C009247E70C224D
:10F33000B4F90C30C9F8002076E700BF00FCFF7F6D
:10F3400038B52F4B1B6805460C4613B15A6B002A83
:10F350004BD0B4F90C3018071CD5226922B313F036
:10F36000010107D0616900204942A060A1613AB162
:10F37000002038BD980758BF6169A160002AF7D105
:10F38000190658BF1046F4D543F04003A3814FF04F
:10F39000FF3038BDD9062CD55A0712D4226943F064
:10F3A0000803A381002ADAD103F42071B1F5007FAC
:10F3B000D5D02146284601F0BDFEB4F90C302269B3
:10F3C000CDE7216B51B104F14002914204D02846AF
:10F3D000FBF7E4FFB4F90C3000222263226900211C
:10F3E000C4E9002123F02403D9E71846FBF7A6F867
:10F3F000AFE7092243F040032A60A381C7E700BFBB
:10F400004C07002071B1034600EB010C01E063459D
:10F4100006D01A46013311780029F8D1101A704726
:10F42000181A704708467047014B93F82801704737
:10F4300094080020004870478409002038B5074D23
:10F44000074C2C1BA41005D0013C55F8043D9847EF
:10F45000002CF9D1BDE8384002F0C2BF882D050864
:10F46000842D050870B555EC104B0646134825F061
:10F4700000430021834231601DD8204618431AD032
:10F480000F4828402A4658B90E4B002220462946EC
:10F49000C1F752FB0A4621F0004304466FF03501E4
:10F4A0001B156FF31E52A3F2FE3342F07F550B443F
:10F4B00045F40015336045EC104B70BDFFFFEF7F46
:10F4C0000000F07F000050432DE9F8431B4D064635
:10F4D000286898460F469146FBF784FE184B1C6837
:10F4E0001CB3286865681F2D22DC4EB96B1C0235E1
:10F4F000636044F82570FBF777FE0020BDE8F883D1
:10F5000004EB85010123C1F88890D4F88821AB4031
:10F510001A43022EC4F88821C1F80881E6D1D4F834
:10F520008C211A43C4F88C21E0E7064C1C60D8E714
:10F53000FBF75AFE4FF0FF30E0E700BF90080020D5
:10F5400020AD012024AD01202DE9F04F03690C69A5
:10F55000A34283B0C0F28A80013C01F1140500F19E
:10F56000140855F8243058F8242001339A428E4666
:10F5700081464FEA840105EB840708EB840AB2FB5D
:10F58000F3F63AD3CDE900150022AC4640461346C7
:10F590005CF8041B05681FFA81FB06FB0B22090CB3
:10F5A0004FEA124B06FB01BB92B2A9B2891A194469
:10F5B0001FFA8BF3C3EB214303EB154389B241EAF6
:10F5C0000341674540F8041B4FEA1B424FEA2343BF
:10F5D000DED2DDE9001558F8013073B9AAF1040A4A
:10F5E000D04504D307E0D04504F1FF3403D25AF8E4
:10F5F0000439002BF7D0C9F810407146484601F095
:10F6000019FA00282EDB4146002255F8040BD1F8E8
:10F6100000C01FFA80FE1FFA8CF3A3EB0E03134405
:10F62000020CC2EB234202EB1C429BB243EA0243B0
:10F63000AF4241F8043B4FEA2242E6D258F8242078
:10F6400008EB84036AB9043B434504D807E09845B6
:10F6500004F1FF3403D253F80429002AF7D0C9F883
:10F6600010400136304603B0BDE8F08F002003B0F3
:10F67000BDE8F08F000000002DE9F04F9DB0CDE90E
:10F680000A320291816B269D04908DED060B57EC9A
:10F69000106B49B1C26B4A600123934004468B60F2
:10F6A00000F066FF0023A363B7F10009B4BF012394
:10F6B00000232B60764BBCBF29F00049CDF81C908D
:10F6C00033EA090300F0AA809DED067B002251EC8D
:10F6D000170B00238DED007BC1F796FC804668B1C7
:10F6E0000A9A01231360279B13B1279A694B136071
:10F6F000694B059305981DB0BDE8F08F9DED000B9B
:10F7000004981AAA1BA901F073FA5FEA19558246F8
:10F7100040F09A80DDE91A85454405F23243202BFA
:10F7200040F38A83C3F1400309FA03F905F2124357
:10F7300026FA03F349EA0300C1F784F90123013DE6
:10F74000A1F1F8711293554B0022C1F73DF84AA37D
:10F75000D3E90023C1F7F0F949A3D3E90023C1F7A6
:10F7600035F8064628460F46C1F77CF946A3D3E98B
:10F770000023C1F7E1F902460B4630463946C1F78E
:10F7800025F806460F46C1F787FC0022044609907B
:10F79000002330463946C1F741FC002840F022835F
:10F7A000099CA8EB050808F1FF33162C089300F21A
:10F7B0008A813B4B03EBC403D3E90023DDE900015D
:10F7C000C1F72CFC002871D0631E0993002311930C
:10F7D000089B002BC0F27D8100230C93099B002B1A
:10F7E0006ADA099B0C9A0D93D21A0C925A420023A2
:10F7F0000993029B1092092B68D8052B40F32183B3
:10F80000043B02930025029B023B032B00F2368649
:10F81000DFE813F06E046B04630447040A9AC9F32B
:10F82000130942F20F7359EA060913601CD1279B92
:10F83000002B00F043861B4B05930833279A05984D
:10F8400013601DB0BDE8F08FDDE90012C2F31303B1
:10F85000084643F07F51CDF84880A5F2FF35DDF82A
:10F86000688041F440116EE7279B002B40F0F48341
:10F870000D4B05933EE700BF61436F63A787D23FFF
:10F88000B3C8608B288AC63FFB799F501344D33F8F
:10F890000000F07FD1490408D04904080000F83F77
:10F8A000882B0508085D0408145D0408B8F1000FF2
:10F8B00040F3A38411900C90DDE9083213440893BF
:10F8C00000231093029B0D92092B96D9002301254A
:10F8D00002930E954FF0FF3B0B93049BCDF84CB079
:10F8E0000021D963049800F01DFE0590002800F067
:10F8F000CE85DDE90432BBF10E0F9A6300F2188168
:10F90000002D00F015810D99002940F34684B34B7A
:10F9100001F00F0203EBC203C805D3E900894FEAE7
:10F92000211540F10884AE4BDDE90001D3E908233D
:10F93000C1F72CFACDE9140105F00F0503277DB1BD
:10F94000A74EE90708D540464946D6E90023C1F746
:10F95000F3F80137804689466D1006F10806F0D1AC
:10F9600042464B46DDE91401C1F710FA804689464C
:10F97000119B43B19B4B002240464946C1F74EFBC9
:10F98000002840F00B853846C1F76CF842464B46DC
:10F99000C1F7D2F8944B0022C0F718FFA1F15073C1
:10F9A000CDE914011593BBF1000F00F0A8800D9B69
:10F9B000CDE918B349464046C1F76EFB189A874B0C
:10F9C00003EBC20313ED027B05468DED167BC1F7F9
:10F9D00049F80B46024649464046C0F7F5FE059FEA
:10F9E0000E9B30357E1CECB2804689463546002B96
:10F9F00000F06C84DDE916237C490020C1F7C6F9CC
:10FA0000DDE91423C0F7E0FE3C7042464B46044655
:10FA10000D46C1F721FB002840F0B884CDF850A076
:10FA2000CDF858B00027AB46A246189D2AE0013712
:10FA3000AF4280F2FD846E4B504659460022C1F71A
:10FA40007BF86B4B002282468B4640464946C1F705
:10FA500073F889468046C1F71FFB0446C1F702F8D8
:10FA600002460B4640464946C0F7AEFE303406F823
:10FA7000014B52465B4680468946C1F7CFFA0028C3
:10FA800040F0D38442464B4656490020C0F79CFEC6
:10FA900052465B46C1F7C2FA0028C8D0199BDDF870
:10FAA00050A0059A374603F1010802E0974200F0A2
:10FAB0009B843E4617F8013D392BF7D00133DBB26A
:10FAC0003B7045467DE101231193089B002BBFF657
:10FAD00083AEC8F101030C93002308937EE63846F9
:10FAE000C0F7C0FF42464B46C1F726F83E4B002206
:10FAF000C0F76CFEA1F15073CDE9140115933D4B95
:10FB0000002240464946C0F75FFEDDE91445224623
:10FB10002B4606460F46C1F79FFA002840F0738433
:10FB200030463946224605F10043C1F777FA28BB33
:10FB30001B9B002BC0F290800D9A0E2A00F38C8044
:10FB4000264B0D9A03EBC20393ED007B0B9B002B1E
:10FB50008DED027B19DABBF1000F16DC0ED1254BBF
:10FB60000022DDE90201C0F7E7FF02460B46DDE9AE
:10FB70000001C1F75DFA002800F045840023059ECE
:10FB800000931F460B9BDD432DE2059B5D1CDDE9C9
:10FB90000278DDE900013A464346C1F7F7F8C1F7BC
:10FBA0007BFA0646C0F75EFF3A464346C0F7C4FFFD
:10FBB00002460B46DDE90001C0F706FE059A06F194
:10FBC0003003BBF1010F2F46137000F02183012594
:10FBD000CDF800A0A846DDE9029A2BE0882B0508A5
:10FBE000602B05080000F03F00001C400000E03FD3
:10FBF00000002440000014404A465346204629464F
:10FC0000C1F7C4F8C1F748FA0646C0F72BFF4A46C9
:10FC10005346C0F791FF08F101080B4602462946FA
:10FC20002046C0F7D1FD06F13003D84507F8013B67
:10FC300000F0EC82844B0022C0F77EFF00220023FC
:10FC400004460D46C1F7E0F90028D5D00D9DDDF83A
:10FC500000A001353E46B4E00E9A002A40F0D8805C
:10FC60000023109E0C9D0E931F4665B1089A002A32
:10FC700009DD0C99AA421346A8BF2B46C91AED1AF2
:10FC8000D31A0C910893109B53B10E9B13B1002E05
:10FC900040F0F7825146109A049800F0F9FD824630
:10FCA0000498012100F010FD099B0090002B40F00A
:10FCB000BE81029B012B40F3D4810120089A10449D
:10FCC00010F01F0000F09B80C0F12003042B40F3D4
:10FCD000E3810C9BC0F11C00034402440C930544D7
:10FCE00008920C9B002B05DD514604981A4600F043
:10FCF00029FE8246089B002B05DD009904981A46D0
:10FD000000F020FE0090119B002B40F07581BBF1AC
:10FD1000000F40F34C810E9B002B40F0A4800D9D02
:10FD20000135DDF81480009CDDF81090012607E015
:10FD3000514600230A22484600F024FC0136824640
:10FD400021465046FFF700FCB34500F1300008F8AB
:10FD5000010BEDDCBBF1000F059BCCBF5E4601261D
:10FD6000814603EB060B002451460122049800F063
:10FD7000E9FD0099824600F05DFE002840F3EE8127
:10FD8000059A02E0934500F003825E460BF1FF3BCB
:10FD900016F8013C392BF5D001338BF80030DDF833
:10FDA00010800099404600F0E3FB57B12CB1BC42F3
:10FDB00003D02146404600F0DBFB0498394600F0B2
:10FDC000D7FB0498514600F0D3FB002333700A9B05
:10FDD0001D60279B002B3FF48DAC05981E601DB065
:10FDE000BDE8F08F2046C0F73DFE32463B46C1F7E6
:10FDF0000BF900287FF4D4AC631E0993D0E41C23D4
:10FE00000C9A1A440C92089A1A441D44089268E706
:10FE1000029A012A40F3AD81109B0BF1FF36B342E9
:10FE2000C0F26981BBF1000FA3EB060680F2EF82FE
:10FE30000C9BA3EB0B056CE1C3F1200306FA03F066
:10FE40007AE40125DFE400BF0000244039460023A6
:10FE500004980A2200F096FB139B002B074640F300
:10FE6000FF820D969B46002D05DD394604982A46F3
:10FE700000F068FD0746099B002B40F0E681B8467C
:10FE8000059E731E03EB0B04069B03F00103CDE9F3
:10FE90000B43049C00995046FFF756FB39468346B6
:10FEA000504600F0C7FD009905464246204600F046
:10FEB000E3FDC3680BF130090146ABBB0990504626
:10FEC00000F0B8FD09990890204600F051FB089A0F
:10FED000002A54D1029B1BB90C9B002B00F0AE8270
:10FEE000002D3FDB0B9BB3469E420BF8019B00F0BD
:10FEF000C381514600230A22204600F043FB4745B8
:10FF0000824639464FF000034FF00A02204630D0B7
:10FF100000F038FB4146074600230A22204600F045
:10FF200031FB5E468046B5E7049800F021FB002DCA
:10FF300006DB069B03F00102029B1D432A4329D1E5
:10FF400051460122049800F0FDFC0099824600F021
:10FF500071FD002840F3F680B9F1390F00F04982B5
:10FF60000BF131090D9D06F8019B3C4601354746D2
:10FF700015E700F007FB5E46074680468AE7002D3E
:10FF8000C0F29382029B1D430C9B1D4300F08D82A7
:10FF9000002AA7DDB9F1390F00F02B820D9D09F180
:10FFA00001033C4606F8013B01354746F7E6029B54
:10FFB000022B7FF7B0AEBBF1000F40F02581009916
:10FFC00004985B46052200F0DDFA01460090504699
:10FFD00000F030FD002840F31781059E0D9D312370
:10FFE00006F8013B01350099049800F0C1FA01358B
:10FFF000002F7FF4E2AEE4E60099504600F01AFDCF
:020000040804EE
:100000000028BFF684AE5146002304980D9C0A22B6
:1000100000F0B8FA0E9B661E8246002B7FF416AFE6
:10002000139B002B40F311820D9D9B4679E6014600
:100030001A46049800F02CFC029B0090012B6EDD08
:1000400000230993009A136902EB8303186900F0F7
:10005000E9FAC0F1200031E6984B05930333FFF72E
:10006000EDBB069B002B7FF428AEDDE90612C2F340
:100070001303002B7FF421AE914B134033B10C9B43
:1000800001330C93089B013308930123099A0993C8
:10009000002A3FF412AED5E73FF423AEC0F13C0393
:1000A000AEE601230E930B9B0D9A134403F1010B53
:1000B0005E46012E1393B8BF0126172E40F3F98137
:1000C000012204235B0003F11400B042114602F147
:1000D0000102F7D9049BD96304E401230E930B9E1C
:1000E000002E36DD1396B346E7E700230E93DAE7DA
:1000F00000230E93F3E7109B099A1096F31A1A4403
:10010000089B09925B4408930C9B1D465B440C932F
:1001100000260498012100F0D7FA0746A5E5069BC2
:10012000002B8DD1DDE90601C1F313030A46002B34
:10013000A2D0099086E79DED007B02278DED147B10
:10014000FFF7FDBB7FF40EAF19F0010F7FF404AF92
:1001500008E701230B939B46FFF7BFBB03D119F0C0
:10016000010F7FF40DAE5E461BF8013D302BFAD037
:1001700015E6129A002A00F09C8003F23343089A95
:10018000109E1A4408920C9A15461A440C92C0E725
:10019000059A31230135137001E600F0FA800D9ABB
:1001A000484B554205F00F0203EBC203D3E900238D
:1001B000DDE90001C0F7C0FC2D11CDE9140100F00C
:1001C0005881414E0023022780468946EA0709D517
:1001D000D6E9002340464946C0F7AEFC01378046C9
:1001E000894601236D1006F10806EFD1002B7FF43C
:1001F000BFABDDE91489FFF7BBBBC8F10103089071
:100200000C931190FFF758BB059EBBE4DDF800A0EE
:1002100002460B46C0F7DAFA0D9DCDE90001013523
:1002200002460B46DDE90201A846C0F7F7FE40B9D9
:10023000DDE90023DDE90201C0F7E6FE18B1F307AE
:1002400001D5059A35E43E46BBE57968049800F08F
:1002500069F90546002800F021813B6902339A00C4
:1002600007F10C010C30C0F73BF904982946012234
:1002700000F068FB804603E60D9D3C46013547468D
:1002800072E5049C39463246204600F001FB524696
:1002900001460746204600F045FA51468046204672
:1002A00000F066F9109B9B1BC24610933FF4F8AC1C
:1002B000F0E41A9BC3F1360361E700BF145D040844
:1002C0000000F07F882B0508602B0508DDE9162368
:1002D000DDE91401C0F730FC059B1C70189B012B55
:1002E000CDE90E0100F0C380189F059B12961F44B4
:1002F0007A4B002240464946C0F71EFC0D46044694
:10030000C0F7CAFE8146C0F7ADFB09F130090246CD
:100310000B4620462946C0F757FA06F8019BBE4215
:1003200080468946E4D1129D6D4B0022DDE90E0125
:10033000C0F74CFA02460B4640464946C0F78CFED1
:1003400000286CD1DDE90E2365490020C0F73CFA96
:1003500002460B4640464946C0F760FE80B91B9BEB
:10036000002BFFF67DAC0D9B0E2B3FF779AC5D4B60
:100370000D9A03EBC20393ED007B8DED027B06E447
:100380003E46013F16F8013C302BF9D0199D01354E
:1003900017E5DDE900890227FFF7EABABBF1000F94
:1003A0003FF49DAB139C002C7FF7C2AB0D9B013B30
:1003B0000022404649461993484BC0F7BDFB804692
:1003C0008946781CC0F74EFB42464B46C0F7B4FB4B
:1003D000454B0022C0F7FAF9A1F15073CDE91401A1
:1003E00018941593FFF7E6BA08F101083123FFF7D7
:1003F00067BB0D9D059AB34639233C460BF8013B7C
:1004000001354746C1E4002300931F46E5E5089BFC
:100410005B4408930C9B1D465B440C9379E6199B47
:10042000059A03F10108FFF744BBDDF850A0ADE7E2
:10043000DDF850A0DDF858B0FFF77ABBB9F1390FFD
:10044000D7D0002D3FF78CAD8CE5029B022B03DC4F
:100450000D9DDDF84CB064E4DDF84CB00D96AAE5D6
:10046000029B022BF8DCDDF84CB00D96FBE437461E
:100470005AE7DDE914890227FFF77ABA049B0025C1
:10048000DD632946184600F04DF80590D0B9174BAA
:100490001748002240F2AF1100F0E2FE134B14485F
:1004A0002A4640F2EF2100F0DBFE002A3FF748AD7C
:1004B00058E5049B0021D963FFF714BA0D4B05934F
:1004C000FFF718B9DDE904329A634FF0FF330122D8
:1004D0000B9513930E929B46FFF72ABB0000244016
:1004E0000000E03F882B050800001C40185D040850
:1004F0002C5D0408085D040882B049B15AB16BB1A3
:1005000013780B601278101E18BF012002B07047DC
:1005100001A9002AF3D1104602B070476FF0010024
:10052000F4E700BF436C70B505460C464BB153F879
:10053000240080B1026843F824200023C0E903337B
:1005400070BD2122042100F0ABFE03466864002840
:10055000EDD1002070BD012101FA04F6721D920058
:10056000284600F09DFE0028F3D0C0E90146E4E7EC
:1005700031B1436C4A6853F82200086043F82210F6
:10058000704700BF2DE9F0410D6907460E461C4635
:1005900001F1140E0020DEF800108BB202FB0343C1
:1005A0004FEA134C090C02FB01CC01309BB203EB68
:1005B0000C4385424EF8043B4FEA1C44EBDC3CB153
:1005C000B368AB4207DD06EB850301355C6135613D
:1005D0003046BDE8F081716838460131FFF7A2FF6F
:1005E0008046A8B13269023206F10C0192000C304B
:1005F000BFF776FF7B6C726853F82210316043F8C6
:100600002260464606EB850301355C613561DFE714
:10061000024B03484246BA2100F022FE185D04084E
:10062000885D0408B0F5803F034636BF0304002010
:100630001020B3F1807F3CBF1B020830B3F1805F14
:100640003CBF1B010430B3F1804F03D3002B06DB0A
:10065000013070479B0003D45B0003D42020704717
:100660000230704703307047036813F007020146F9
:1006700007D0DA071FD4980721D55B080B6001204B
:10068000704798B2A0B11046DAB20AB908301B0A16
:100690001A0704BF1B0904309A0704BF9B080230E5
:1006A000DA0703D45B0800F1010006D00B60704745
:1006B0001B0C1020E8E700207047202070479B08A3
:1006C0000B600220704700BF38B5436C04460D46EE
:1006D0004BB15868B0B102685A6000220123C0E9EA
:1006E0000323456138BD2122042100F0D9FD0346D2
:1006F00060640028EDD1094B0948002240F2451101
:1007000000F0AEFD1C220121204600F0C9FD0028AA
:10071000F1D001220223C0E90123DEE7185D0408BD
:10072000885D04082DE9F04FD1F810801569A845BF
:1007300085B00E46924605DB2A46534645468A4614
:1007400090461E46DAF80830DAF8041005EB080483
:10075000A342B8BF0131FFF7E5FE8446002800F050
:100760008B8000F1140707EB840E774505D23B46DA
:10077000002243F8042B9E45FBD8143606EB88086C
:100780000AF11409464509EB850566D2A5EB0A0373
:10079000153B23F003030AF1150A043355452CBF1A
:1007A0009B464FF0040BCDF808E00394AE46E246BA
:1007B00005E0090C2AD1B04507F104074AD956F8DB
:1007C000041B8DB2002DF4D0CC463C46002301968C
:1007D0005CF8040B216886B28AB2000C05FB062285
:1007E000090C1A4405FB001101EB124192B242EAD6
:1007F0000142E64544F8042B4FEA1143E8D8019E34
:1008000047F80B3056F8041C090CD4D03B68002282
:1008100048461D463C469446028801FB02C202EB54
:1008200015429BB243EA024344F8043B50F8043BB0
:1008300025684FEA134CABB201FB0C3303EB1243B8
:1008400070454FEA134CE7D3B04547F80B3007F13A
:100850000407B4D8DDE902E4D446002C02DC05E04C
:10086000013C03D05EF8043D002BF9D06046CCF883
:10087000104005B0BDE8F08F034B044862464FF4CA
:10088000B17100F0EDFC00BF185D0408885D04083C
:1008900012F003032DE9F041144607462CD10D4612
:1008A000A4101CD03E6C86B3E3074FF0000806D4BA
:1008B000641014D03068A8B10646E307F8D5324674
:1008C00029463846FFF72EFF35B17B6C696853F82F
:1008D00021202A6043F8215064100546EAD12846B9
:1008E000BDE8F081324631463846FFF71BFF3060E5
:1008F000C0F800800646E0E7013B0F4A52F823208B
:100900000023FFF73FFE0546CAE701213846FFF7FF
:1009100009FE064640B1012340F27122C0E90432CB
:10092000002338640360BFE7044B0548324640F2B9
:10093000451100F095FC00BF542B0508185D040814
:10094000885D04082DE9F0470C4690462769A368A6
:10095000496807EB62177D1C9D4206464FEA621903
:1009600004DD5B009D4201F10101FADC3046FFF736
:10097000D9FD8446002851D0B9F1000F00F11400D0
:100980000EDD09F105024FEA820E03460CEB8202EE
:10099000002143F8041B9342FBD1AEF11403184429
:1009A000216904F1140318F01F0803EB81012DD015
:1009B000C8F1200986464FF0000A1A6802FA08F2C8
:1009C00042EA0A024EF8042B53F8042B994222FA09
:1009D00009FAF2D80B1B153B23F00303043304F18F
:1009E0001502914238BF042340F803A0BAF1000F6A
:1009F00000D13D46736C6268CCF8105053F8221059
:100A00002160604643F82240BDE8F087043853F87F
:100A1000042B40F8042F9942F9D8EAE7034B044825
:100A200062464FF4EF7100F01BFC00BF185D040834
:100A3000885D04080B6984460069C01A16D10CF160
:100A4000140C14310CEB830210B401EB830301E0AE
:100A5000944508D252F8044D53F8041D8C42F7D047
:100A600005D24FF0FF305DF8044B7047704701200E
:100A70005DF8044B704700BF2DE9F04F15460A6939
:100A80002B69D21A002A83B0884640F0878001F192
:100A9000140605F1140101EB830106EB830301E069
:100AA0009E427ED253F8044D51F8042D9442F7D063
:100AB00075D32B460024454698466968FFF732FDFA
:100AC0008146002800F089802E69C460D8F81000A3
:100AD00005F1140B08F1140E09F1140A05F11002C6
:100AE0000EEB80000BEB860157464FF0000CCDF863
:100AF00004B05EF8044B52F8045F1FFA84FBABB2FB
:100B0000A3EB0B03240C6344C4EB154404EB234414
:100B10009BB243EA0443704547F8043B4FEA244C38
:100B2000E7D8A0EB080208F115084045A2F115022C
:100B300034BF0020012092080028DDF804B002F143
:100B400001044FEA840408BF04240BEB0405A94206
:100B5000544433D92746284650F8043B1CFA83FEF8
:100B60001A0C634402EB2E429BB243EA02438142D9
:100B700047F8043B4FEA224CEED80139491B21F0DB
:100B800003010C4423B954F8043D013E002BFAD074
:100B90004846C9F8106003B0BDE8F08F89DA012437
:100BA0008BE70021FFF7BEFC814678B101220023CC
:100BB000C0E90423484603B0BDE8F08F00284FEA9F
:100BC000820208BF00220AEB0204DBE7064B07485B
:100BD0004A4640F2372100F043FB034B03484A46A4
:100BE00040F2452100F03CFB185D0408885D0408D4
:100BF0002DE9F0430E4683B0012159EC108B1546C8
:100C0000FFF790FC0446002846D0C9F30A57C9F301
:100C100013030FB143F480130193B8F1000313D110
:100C200001A8FFF721FD019B6361012220302261B1
:100C30000FB3A7F233470744C0F13500376028608F
:100C4000204603B0BDE8F08368460093FFF70CFD33
:100C5000019BF8B10099C0F1200203FA02F2C340EF
:100C60000A430193002B62610CBF01220222A3619F
:100C70002261002FDDD104EB8203A0F2324030600C
:100C80001869FFF7CFFCC0EB42102860204603B084
:100C9000BDE8F083009AE5E7034B0448224640F2A2
:100CA0000F3100F0DDFA00BF185D0408885D04080C
:100CB0002DE9F84F1646002900F096800C46804634
:100CC00006F10B05F9F78AFB54F8041C162DA4F164
:100CD000080921F0030758D81025AE4258D8AF4272
:100CE00060DABE4B9A6809EB070C6245DCF8040039
:100CF00000F0908020F0010363445B68DB0768D458
:100D000020F003003B189D4247DDCB0712D454F876
:100D1000083CA9EB030BDBF8043023F0030210447A
:100D200000EB070A554540F3F68007EB020A5545EC
:100D300040F3CC8031464046F9F79EF8064600283D
:100D400000F0208154F8043C23F001034B44A0F14F
:100D50000802934200F0B4803A1F242A00F2D780A0
:100D6000132A00F2A28003462246116819605168D6
:100D7000596092689A6021464046FAF70FFB404658
:100D8000F9F732FB3046BDE8F88F35F00705A4D5FA
:100D90000C23C8F80030002618E01F46DCE90223C7
:100DA000D3609A60D9F804307A1B0F2A03F001034C
:100DB00009EB07001DD83B43C9F80430436843F0F2
:100DC000010343604046F9F70FFB26463046BDE875
:100DD000F88FC907AED454F8083CA9EB030BDBF835
:100DE000043023F00302A0E7BDE8F84F1146F9F7FD
:100DF00043B809EB05012B4342F00102C9F8043066
:100E00004A60436843F00103436008314046FAF703
:100E1000C5FAD7E720F00300C21905F1100C6245AE
:100E200080F29180CA0785D454F8082CA9EB020BF4
:100E3000DBF8042022F00302104400EB070AD4453B
:100E40003FF773AF5E46DBF80C1056F8080F3A1FF9
:100E5000242AC160886000F2AE80132A40F2A98083
:100E60002168CBF808106168CBF80C101B2A00F23F
:100E7000A88008340BF1100221681160616851608C
:100E8000A16891600BEB0501AAEB050242F001029B
:100E900099604A60DBF8043003F001032B434046BD
:100EA000CBF80430F9F7A0FA90E723680360636891
:100EB00043601B2A3CD804F1080200F1080354E700
:100EC00050F8043C23F003031F446BE73A1F5E46CF
:100ED000DBF80C3056F8081F242ACB60996022D822
:100EE000132A1ED92368CBF808306368CBF80C307E
:100EF0001B2A3BD808340BF1100322681A60626881
:100F00005A60A2689A6034465746D9464AE7214655
:100F1000F9F792FC2FE7DCE902133A1FCB609960E6
:100F2000D5E73346E9E721463046F9F785FCEAE79D
:100F3000A3688360E368C360242A27D004F1100209
:100F400000F1100311E709EB05019960531B43F011
:100F500001034B6054F8043C03F001032B4340466B
:100F600044F8043CF9F740FA26462FE7A368CBF88B
:100F70001030E368CBF81430242A10D010340BF171
:100F80001803BAE74046F9F72FFA04E7236903612B
:100F90006169416104F1180200F11803E5E6236973
:100FA000CBF818306369CBF81C3018340BF12003F0
:100FB000A3E7324660E721463046F9F73DFC074B90
:100FC00060E7A168CBF81010E168CBF81410242A70
:100FD00006D010340BF118024EE700BF3803002092
:100FE0002269CBF818206269CBF81C2018340BF169
:100FF000200241E749B1FF2A02D80A700120704758
:101000008A2303604FF0FF3070470846704700BFE7
:1010100070B5054684B05BB11C460F4BD3F8E06059
:10102000234669B12846B047431C0FD004B070BDB9
:10103000094B00F58274D3F8E06023460029F1D112
:101040000A46284601A9B047431CEFD100228A2353
:1010500022602B6004B070BD9408002010B582B0EF
:10106000049CCDE900344FF0FF3300F0CDF902B01D
:1010700010BD00BF2DE9F0478F681D46AF420B68D9
:101080000C46164636D8B1F90CC01CF4906F0ED140
:101090003D46184631462A46F9F7CEFBA368DF1BCA
:1010A0002368A7602B4400202360BDE8F0874A69CD
:1010B000096902EB42025F1A02EBD2726B1C5210FA
:1010C0003B44934292BF914699461A461CF4806F66
:1010D000804611D01146F8F7CFFE824600B3216951
:1010E0003A46BFF7FDF9A38923F4906343F08003E8
:1010F000A38105E02F46CCE7FFF7DAFD824658B121
:101100000AEB0703A9EB0707A760C4F810A0C4F80F
:10111000149023602F46BCE721694046FAF73EF958
:10112000A3890C2243F04003C8F800204FF0FF30A1
:10113000A381BAE72DE9F041B1F90C300C469907CB
:1011400096B008D504F143030122C4E904322360B8
:1011500016B0BDE8F081B4F90E100029064626DB72
:101160006A4600F055F800281FDB019D05F4704524
:10117000A5F50055B5FA85F54FF480686D094FF473
:10118000006741463046F8F777FEE8B1B4F90C3015
:10119000C4F8148043F0800320602061A3813DBB2C
:1011A0003B43A38116B0BDE8F081B4F90C3013F0D5
:1011B000800519D04FF040080025414630462F46A3
:1011C000F8F75AFE0028E1D1B4F90C309A05BFD4E3
:1011D00023F0030304F1430243F002030121C4E9B5
:1011E0000421A3812260B3E74FF480682F46C8E74B
:1011F000B4F90E10304600F021F810B9B4F90C30F3
:10120000CEE7A38923F0030343F001031BB2C7E732
:1012100070B50C46084D03460026204611461C4674
:101220002E60C1F78AF8431C00D070BD2B68002BDC
:10123000FBD0236070BD00BF10AD012038B5074D55
:101240000022044608462A60C1F77CF8431C00D0FF
:1012500038BD2B68002BFBD0236038BD10AD0120BA
:1012600000B50B4C25681446EE681A4685B0034657
:101270000D464CB107490095CDE9011430460649A9
:1012800000F0D4F801F05AF804490C46F3E700BF27
:101290004C070020E45D0408F45D04084C58040881
:1012A00038B5A1FB021454BBF8F7E6FD054650B370
:1012B00050F8042C22F00302043A242A10D8132AEE
:1012C00013D91B2AC0E9004416D9242AC0E90244D4
:1012D0000ABFC0E9044400F1100200F1180205E061
:1012E0002146F9F729FB284638BD02460023C2E90A
:1012F00000339360284638BD00F10802F6E7F9F79D
:101300003FFF0C2303600025284638BD2DE9F04F30
:101310008BB0DDE9157A86461E46002F5AD0156837
:1013200000295CD0149B002B69D0741E4EB3043D81
:10133000CDE9015EDDF850B00491002603910592DD
:101340000BE0039B0BBB019B1868002836D0DC45E3
:1013500057D2013C631C664613D0019B029853F898
:10136000042F0193DAF8E0503B4607A9D7E900982B
:10137000A847421C37D000EB060CDC45E1D9C7E991
:10138000009830460BB0BDE8F08F00280EDD049BBE
:10139000019D18445A1E07A900F1FF3E11F8013BB8
:1013A00002F8013F7245F9D101950490059B1A6836
:1013B00004321A60019B18680028C8D10399059A65
:1013C00001B110600CF1FF36002230463A600BB0DC
:1013D000BDE8F08F156800F586770029A2D14FF09F
:1013E000FF331493A1E7DDF808E006468A210022C6
:1013F0003046CEF800103A600BB0BDE8F08F149E76
:10140000BFE76646BDE700BF10B584B0054C06983F
:10141000009007980190044800680294FFF776FF57
:1014200004B010BD940800204C0700200EB410B585
:1014300083B005AB064C53F8042B0193014620689A
:1014400000F008F803B0BDE8104003B0704700BFDB
:101450004C0700202DE9F04FC7B016AFCDE90621AB
:1014600083460822002138461C460C93F9F764FA9B
:10147000BBF1000F04D0DBF83430002B00F02786DE
:10148000079B5A6EB3F90C30D00702D4990540F18E
:101490000A859E0406D4079943F4005322F40052AF
:1014A0008B814A66950400F1C386079AB2F90C3025
:1014B000190740F1CB801269002A00F0C78003F0C1
:1014C0001A020A2A00F0D18000239E46CDE90FEED1
:1014D000CDE91B33DFF8F8A8CDF838E01DAB1A933F
:1014E0009946CDF820E0CDF834E0069DDAF8E440E6
:1014F000FDF79AFF009703462A4614A95846A047CD
:10150000002800F0D180C0F2C780149A252A034633
:1015100001D01D44EAE7069BEE1A044640F0C8805D
:1015200000234FF0FF316A788DF84B3009936C1C23
:10153000059103930134A2F120035A2B00F2F980A4
:10154000DFE813F06002F700F7005A02F700F70037
:10155000F7006A00F700F700E801F901F700F3016E
:101560000402F700FE015B005B005B005B005B00B8
:101570005B005B005B005B00F700F700F700F70023
:10158000F700F700F700F700F7009D016A02F70087
:10159000F700F700F700F700F700F700F700F70093
:1015A000F7002002F700F700F7007601F7008D0240
:1015B000F700F700E704F700F700F700F700F7007F
:1015C000F700F700F700F700F7009D01C201F700F0
:1015D000F700F7008402C2017E00F7000A03F7005B
:1015E000FB02E404DA027E00F70076017C00E104ED
:1015F000F700F7000A05F7007C00A2F13003002194
:1016000014F8012B01EB810103EB4101A2F130033E
:10161000092BF5D909918EE75846FDF70BFF436872
:101620000F931846BFF70CF8109005465846FDF783
:1016300001FF83680E93002D40F05684227879E7ED
:10164000039B227843F02003039373E7079D5846DA
:101650002946FDF775FE002840F01E86B5F90C30CE
:1016600003F01A020A2A7FF42FAF0799B1F90E206E
:10167000002AFFF629AF4A6ED60702D49D0540F135
:10168000CB85DDE906212346584600F017FE089079
:10169000089847B0BDE8F08F082200213846F9F7D6
:1016A0004BF901231D4421E7069BEE1A044612D094
:1016B000069BC9E900361C9B33441C931B9B0133DA
:1016C000072B1B9311DC09F10809089B334408938D
:1016D000002C7FF425AF1C9B002B40F0B885079BA6
:1016E0000022B3F90C301B9218E007991AAA584649
:1016F000FDF744FB78B90DF17409E6E707991AAADA
:101700005846FDF73BFB00287ED00B9B1BB10B9985
:101710005846F9F743FE079BB3F90C30079A526E0F
:10172000D1077CD55B0600F18D85089847B0BDE8F0
:10173000F08F0694002ACED000238DF84B30012381
:101740008DF8B42004930A932DAC00230B930593DA
:10175000039810F08408DDE91B2105D10998049D48
:10176000451B002D00F3D6829DF84B0078B1013265
:1017700001200131C9F80400072A0DF14B00CDE921
:101780001B21C9F8000000F3FA8209F108097BB1B6
:10179000013213A80231C9F80000072A4FF00200F5
:1017A000CDE91B21C9F8040000F3F88209F108090A
:1017B000B8F1800F00F00C82059B0A981D1A002DCD
:1017C00000F34A820A9BC9F8004001321944072AF3
:1017D000CDE91B21C9F8043000F3798209F1080929
:1017E000039B580705D5099B049A9C1A002C00F30B
:1017F000E282DDE9083204988242ACBF9B181B18D4
:10180000089300297FF47AAF00231B930B9B1BB135
:101810000B995846F9F7C2FD0DF1740965E69A0572
:1018200080D4079CA06DF9F7DFFCB4F90C3079E7A0
:101830000C9E069456F8044B00238DF84B30002C78
:1018400000F05D84532A00F0A283039B13F010057F
:1018500040F09D83059B002BC0F2CD841A4629469B
:101860002046BEF75DFF0B90002800F00685031BA5
:10187000CDE90A3523EAE373049300F09DBC0C9B89
:101880000694432A03F1040503D0039BD80640F1D4
:1018900067830822002118A8F9F74EF80C9B2DAC9D
:1018A0001A68214618AB5846FFF7B2FB03460133CE
:1018B0000A9000F0D6840A9B23EAE3730493002382
:1018C0000C958DF84B3040E7039B0694990640F148
:1018D000AC800C9B073323F0070319465A6851F874
:1018E000083B0C911146002AC0F23F81059A002A5C
:1018F000C0F24881039A22F08002039253EA010267
:1019000040F04081059B002B40F08B8404930A93A8
:1019100046AC49E10C9B53F8042B0992002A80F253
:10192000BA82099A0C9352420992039B227843F09F
:1019300004030393FEE52B2322788DF84B30F9E561
:10194000039B227843F080030393F3E5204610F8CD
:10195000012B2A2A00F09584A2F13003092B98BFAD
:10196000002100F2608410F8012B01EB810103EBF0
:101970004101A2F13003092BF5D941EAE173059346
:101980000446D8E5039B069443F0100212F02001B0
:1019900000F051820C9B073323F007031846596867
:1019A00050F8083B0C9022F480640394059C0020BE
:1019B00084428DF84B007CDB53EA010422F49062F0
:1019C00040F08183039C0392059B002B69D1002882
:1019D00040F05C8214F001020A9200F06082302331
:1019E0008DF817319DF84B3004920DF21714002B2F
:1019F00040F0DF800B93E1E0039B227843F001038A
:101A0000039397E59DF84B302278002B7FF492AD3D
:101A100020238DF84B308DE5039B069443F0100393
:101A20000393039B99063FF554AF0C9A52F8043B7D
:101A30000C92039AD20600F14382039A560640F1B3
:101A40003B8243F3C0310A461BB24CE72278039B2A
:101A5000682A00F0958243F0400303936AE5039BF4
:101A6000069443F0100414F0200100F0F3810C9B65
:101A7000073323F007031A46596852F8083B0C92C3
:101A800000228DF84B20059A002AC0F21E8324F014
:101A90008002039253EA010274D1059B0120002BBE
:101AA00095D0012800F0BD8300230228194600F0DC
:101AB0001A8146AC03F00702DB0843EA4173C90808
:101AC000303253EA0105204604F8012DF2D1039B80
:101AD000DD0740F11681302A00F013813023059A8A
:101AE00004F8013C023846AB1B1A9A42B8BF1A46AA
:101AF0000A930446049257E0039B0C9A069443F021
:101B00000203039352F8043B0C9247F63002ADF8FF
:101B10004C20AD4A0D92002100228DF84B20059AF1
:101B2000002AC0F2E080039C53EA010024F0800206
:101B3000039240F0D880022046E7039B06949C065F
:101B400040F1C1810C9B089A1B681A60D2175A6039
:101B50000C9B04330C93C8E42278039B6C2A00F09E
:101B6000088243F010030393E4E42D228DF84B2008
:101B7000059A5B4261EB4101002A03DB039A22F0E4
:101B8000800203920A2B71F1000280F03982303317
:101B9000DBB28DF81731059B012BB8BF01230493ED
:101BA00001230A930DF217149DF84B30002B3FF4DC
:101BB00021AF00230B93049B01330493039B13F089
:101BC00002033FF4C5AD049B023304930223BFE537
:101BD000099B04981D1A002D7FF7EEAD102DDFF83C
:101BE000EC8126DD40464B46A046DDF81C901026D1
:101BF000044604E0103D102D03F1080315DD013209
:101C00001031072AC3E90046CDE91B21F2DD1AAAEB
:101C100049465846FDF7B2F800287FF476AD103DEE
:101C2000102DDDE91B211DABE9DC99462346444616
:101C3000984601322944072ACDE91B21C9F80080C2
:101C4000C9F8045000F34882059B0A981D1A002D1C
:101C500009F108097FF7B6AD102DDFF8708128DD96
:101C60004B461026A9462546079C06E0A9F1100917
:101C7000B9F1100F03F1080318DD01325348103198
:101C8000072AC3E90006CDE91B21EFDD1AAA214688
:101C90005846FDF773F800287FF437ADA9F1100915
:101CA000B9F1100FDDE91B211DABE6DC2C464D46DA
:101CB000994601322944072ACDE91B21C9F8008041
:101CC000C9F8045000F3D58009F108097AE50799AD
:101CD0001AAA5846FDF752F800287FF416AD1C9951
:101CE0000DF174097CE50D9846AC03F00F021B0959
:101CF000825C04F8012D43EA0173090953EA0102E9
:101D0000F3D1059A46AB1B1B9A42B8BF1A460A93F9
:101D1000049249E7102D2F4E23DD48461193A1462A
:101D2000079C04E0103D102D00F1080016DD013283
:101D300010311023072ACDE91B2106604360F1DD35
:101D40001AAA21465846FDF719F800287FF4DDACA1
:101D5000103D102DDDE91B211DA8E8DC119B4C4630
:101D6000814601322944072ACDE91B21C9F80060C8
:101D7000C9F8045000F3978109F10809F4E40799C0
:101D800011931AAA5846FCF7F9FF00287FF4BDAC5E
:101D9000DDE91B21119B0DF17409F8E407991AAADA
:101DA0005846FCF7EBFF00287FF4AFACDDE91B21C0
:101DB0000DF17409FCE4102C1B9B064E28DDDDF8A8
:101DC0001C8010250DE000BF945C0408542D05080C
:101DD00094080020642D0508103C102C09F1080916
:101DE00016DD01331031072BC9E90065CDE91B3140
:101DF000F2DD1AAA41465846FCF7C0FF00287FF4DE
:101E000084AC103C102CDDE91B310DF17409E8DCC9
:101E100001332144072BC9E90064CDE91B317FF769
:101E2000E8AC07991AAA5846FCF7A8FF00287FF4E7
:101E30006CAC1C99DDE40C9850F8043B0C9012F04B
:101E400010007FF4B0AD12F0400400F062819BB24C
:101E50000146A8E50C9A52F8043B0C9214F01002CB
:101E60007FF40EAE14F0400000F059819BB2114691
:101E700006E607991AAA5846FCF780FF00287FF467
:101E800044ACDDE91B210DF174099BE4059B04932F
:101E90000A9346AC88E622780C93FFF74BBB059B70
:101EA000049346AC80E6079DA86DF9F79BF9B5F958
:101EB0000C306A6EFFF7EDBA039A950500F1878141
:101EC000D9170A460FE5039BD80600F11381039B3F
:101ED000590600F18B81039B9A0540F10B810C9B05
:101EE000089A1B681A7033E60E9B2278002B3FF489
:101EF00021AB1B78002B3FF41DAB039B43F48063A5
:101F00000393FFF717BB0694039CACE5039A069472
:101F10003CE5B24B06940D93039B13F020015FD078
:101F20000C9B073323F007031846596850F8083B09
:101F30000C90039CE6070AD553EA010007D08DF800
:101F40004D2044F00202039230228DF84C20039A77
:101F500022F480620392DFE5A14B06940D93DBE748
:101F60000C9B1B688DF8B430012304930A932DACAD
:101F7000A5E443F02003627803930134FFF7DABA53
:101F800043F40073627803930134FFF7D3BA082255
:101F9000002118A81594F8F7CFFC059B002BC0F280
:101FA000DC800025CDF81090A84699460EE02DA9BA
:101FB0005846FFF72DF8431C404400F05281484535
:101FC00009DC05F1040500F054818046159A525948
:101FD00018AB002AEBD1DDF81090CDF82880C9E0CD
:101FE0000C9850F8043B0C90039810F01000A0D10E
:101FF000039911F0400400F099809BB2014698E7E4
:10200000039ACDF8109046AC02F48062A146CDF858
:1020100028B0744EDDF838B04FF0000C144605E0DF
:102020000A2B71F1000136D3434629465A1842F172
:102030000002A6FB020525F0030000EB9500121A32
:10204000981A4FF0CC3561F1000E05FB00F506FB48
:102050000E55A0FB0680054408F0010E0520AEFBDE
:10206000000E80184FEA5808303009F8010C48EA91
:10207000C5780CF1010C09F1FF396D08002CCFD0A7
:102080009BF800206245CBD1BCF1FF0FC8D00A2BD2
:1020900071F1000151D2CDF838B04C46DDF828B0CE
:1020A000DDF810902DE6079911931AAA5846FCF70F
:1020B00065FE00287FF429ABDDE91B21119B0DF1A2
:1020C0007409FFF751BB0392F3E403945AE55846B1
:1020D000F8F734FAFFF7D4B907991AAA5846FCF76B
:1020E0004DFE00287FF411ABDDE91B210DF17409D1
:1020F000FFF762BB0C9B089A1B681A6028E5059BDA
:10210000394C0C96062B28BF06230A930493FFF73D
:102110001CBB12F400711CBFDBB2214643E414F473
:1021200000713FF4ADACDBB20146A9E4039911F4B0
:1021300000711CBFDBB22146FBE6109B0F99A9EB97
:1021400003091A464846F8F7F7FC9BF801300BB133
:102150000BF1010B4FF0000C66E718AB0093002366
:10216000194615AA5846FEF779FF034601330A902F
:1021700077D015940A9BE3B1632B45DC00230B93C6
:102180002DAC0822002118A8F8F7D6FB0A9D18AB41
:10219000009315AA2B4621465846FEF75FFF85425D
:1021A00040F085800A9A0023A35422EAE273049344
:1021B00002E00A9B04930B939DF84B301BB1002364
:1021C0000C960593F7E405930C96FFF7C1BA43F319
:1021D000C0110A465BB2FFF786BB00BFA85C0408CB
:1021E000945C0408CDCCCCCCBC5C04080C9B089A55
:1021F0001B681A80ACE42046BEF722FA20EAE0739E
:10220000CDE90A050493D7E7591C5846F7F734FE81
:10221000044630B30B90B4E7886DF8F7E5FFFFF79D
:1022200030BA3023B5E4002304460593FFF783B9A1
:10223000D40707D4079B9B89980503D4079B986D07
:10224000F8F7D2FF4FF0FF330893FFF76EBA079904
:102250001AAA5846FCF792FD00283FF440AAFFF75F
:102260005ABA079AB2F90C3043F040039381FFF752
:1022700055BADDE904930A937CE7059B04930A931E
:102280009AE70C9B627853F8041B0C9341EAE171C6
:1022900004460591FFF74EB9079A536EDB07D1D478
:1022A00093899F05CED4906DF8F79EFFCAE7079AF1
:1022B000938943F040039381FFF727BAF0B51F4697
:1022C0008B89ADF26C4D23F00203ADF80C301AABE4
:1022D000009304934FF48063029305934B6E19931C
:1022E000CB89ADF80E30CB6907934B6A099315463D
:1022F0000023064616A80C460693F8F76FFF2A46F9
:102300003B4669463046FFF7A5F8051E07DB6946E0
:102310003046FCF76BFE002818BF4FF0FF35BDF8C4
:102320000C305B0603D5A38943F04003A3811698C4
:10233000F8F756FF28460DF26C4DF0BD08B50620A3
:1023400000F004F80120BFF7D1FF00BF38B5144BEF
:102350001F281D681ED8D5F83821044662B152F8EE
:1023600020304BB1012B05D0591C0FD0002142F871
:1023700020109847002038BD284600F029F8224652
:1023800001462846BDE8384000F00CB816232B6003
:10239000012038BD16232B604FF0FF3038BD00BF41
:1023A0004C07002070B50C46084D03460026204619
:1023B00011461C462E60BFF791FF431C00D070BD34
:1023C0002B68002BFBD0236070BD00BF10AD012037
:1023D000BFF782BFF8B500BFF8BC08BC9E46704787
:0C23E000F8B500BFF8BC08BC9E46704772
:1023F000A0270408291800080000000000000000C1
:102400000004000000000000000000009427040801
:1024100055180008FDFF00000000000080000000CB
:10242000000000000000000088270408111B0008BD
:102430000000000000000000000800000000000094
:102440000000000078270408711800080000000050
:102450000000000000080000000000000000000074
:102460000A00000002000000000000000000000060
:1024700000112233445566778899AABBCCDDEEFF64
:10248000FF1FFF1F01E001E05058040858580408DE
:10249000605804086C58040878580408FFFFFFFFD0
:1024A000FFFFFFFFFFFFFFFFFFFFFFFFFFFFFFFF3C
:1024B00012011002EF020140FEFFFFFF00010102C6
:1024C00003010902620003010080FA09040000020E
:1024D000FF000002070501024000000705810240DD
:1024E0000000080B010202020100090401000102C0
:1024F0000201000524001001052401000204240249
:102500000205240601020705830308000A090402E4
:1025100000020A00000007050202400000070582D1
:102520000240000004030904140368006F006E00F9
:102530006500730074006C00690075002A03480090
:102540006F006E006500730074004C0069006E003F
:102550006B00200043004D005300490053002D0044
:10256000440041005000580348004C002D004C002E
:1025700049004E004B0031002E0030002E0031008B
:102580002D003000300030003000300030003000CE
:1025900030003000300030003000300030003000BB
:1025A00030003000300030003000300030003000AB
:1025B00030003000300030003000300030000000CB
:1025C000050F2100011C100500DF60DDD88945C71B
:1025D0004C9CD2659D9E648A9F00000306AA002041
:1025E000000000000A00000000000306AA00080026
:1025F00002000000A0001400030057494E5553424A
:10260000000000000000000000008400040007003B
:102610002A004400650076006900630065004900F7
:102620006E00740065007200660061006300650062
:1026300047005500490044007300000050007B0033
:102640004300440042003300420035004100440092
:102650002D0032003900330042002D0034003600D6
:10266000360033002D0041004100330036002D00BC
:10267000310041004100450034003600340036008E
:1026800033003700370036007D00000000000000F6
:1026900053656D6170686F72652043726561746522
:1026A000205375636365656421210D0053656D6179
:1026B00070686F726520437265617465204572723F
:1026C0006F7221210D0000005374617274204F66F7
:1026D000666C696E6520446F776E6C6F6164212152
:1026E0000D00000043686F6F736520446576696371
:1026F0006520506174683A2025730D0A00000000BF
:1027000043686F6F7365204669726D7761726520EB
:1027100042696E20506174683A2025730D0A0000EA
:10272000446F776E6C6F6164204572726F72212105
:102730000D000000446F776E6C6F61642053756309
:102740006365656421210D0025642500303A000091
:102750006D6F756E74206572726F72203A202564F9
:10276000200D0A006D6F756E742073756365737349
:10277000212121200D0000004F66666C696E6544C2
:102780006F776E6C6F6164004C56474C5461736B8D
:1027900000000000556172745461736B000000000A
:1027A0004441505461736B00222A2B2C3A3B3C3D30
:1027B0003E3F5B5D7C7F000049444C4500000000CB
:1027C0001B5B33336D5B572F5553425D2000000078
:1027D000556E68616E646C65642043444320436CAD
:1027E000617373206252657175657374203078254A
:1027F0003032780D0A0000001B5B306D00000000D5
:102800001B5B33316D5B452F5553425D200000004B
:1028100064657363726970746F72203C747970655B
:102820003A3078253032782C696E6465783A3078A1
:10283000253032783E206E6F7420666F756E64218D
:102840000D0A00001B5B33326D5B492F5553425D0F
:102850002000000053657475703A20626D526571F6
:102860007565737454797065203078253032782C12
:102870002062526571756573742030782530327826
:102880002C207756616C7565203078253034782C93
:102890002077496E646578203078253034782C2094
:1028A000774C656E677468203078253034780D0A6F
:1028B00000000000756E6B6E6F776E2076656E643B
:1028C0006F7220636F64650D0000000065703A252B
:1028D00030327820636C6561722068616C740D0A17
:1028E0000000000065703A2530327820736574204E
:1028F00068616C740D0A00007374616E64617264C7
:102900002072657175657374206572726F720D0047
:10291000636C617373207265717565737420657281
:10292000726F720D0000000076656E646F72207227
:10293000657175657374206572726F720D000000A9
:102940005265717565737420627566666572207470
:102950006F6F20736D616C6C0D00000062757320E9
:102960006F766572666C6F770D0000006669666F42
:1029700025642073697A653A253034782C206F6697
:10298000667365743A253034780D0A003D3D3D3D4F
:102990003D3D3D3D3D3D20647763322075646320BD
:1029A000706172616D73203D3D3D3D3D3D3D3D3D5E
:1029B0003D0D00004349443A253038780D0A0000A7
:1029C00047534E505349443A253038780D0A000099
:1029D000474857434647313A253038780D0A0000BA
:1029E000474857434647323A253038780D0A0000A9
:1029F000474857434647333A253038780D0A000098
:102A0000474857434647343A253038780D0A000086
:102A10006477633220667370687920747970653AE0
:102A200025642C20687370687920747970653A2564
:102A3000642C20646D6120737570706F72743A2518
:102A4000640D0A0064776332206861732025642076
:102A5000656E64706F696E747320616E6420646665
:102A600069666F2064657074682833322D626974FA
:102A700020776F726473292069732025642C206489
:102A8000656661756C7420636F6E6669673A2025B0
:102A90006420656E64706F696E74730D0A000000C7
:102AA0003D3D3D3D3D3D3D3D3D3D3D3D3D3D3D3D56
:102AB0003D3D3D3D3D3D3D3D3D3D3D3D3D3D3D3D46
:102AC0003D0D00006477633220686173206C65738C
:102AD0007320656E64706F696E7473207468616EC4
:102AE00020636F6E6669672C20706C65617365206A
:102AF000636865636B0D0000596F757220666966C7
:102B00006F20636F6E666967206973206F766572E8
:102B1000666C6F772C20706C6561736520636865E7
:102B2000636B0D004570206164647220253032783B
:102B3000206F766572666C6F770D0A0045702061B4
:102B40006464722025303278206669666F206F7663
:102B50006572666C6F770D0A00000000322E312E10
:102B600031000000303A2F006F66666C696E652098
:102B7000446F776E6C6F6164000000005374617283
:102B800074000000547970650000000042696E0016
:102B900043686970205479706500000053656C6566
:102BA000637442696E000000436F756E743A0000F2
:102BB0005761697420666F722053746172740000EB
:102BC00030250000443A5C446576656C6F705C5358
:102BD000544D3332437562654944455C776F726B7F
:102BE00073706163655F312E31372E305C46345F20
:102BF0004368657272794441505C5061636B6167F0
:102C0000655C4755494150505C75692E6300000072
:102C1000537461727420646F776E6C6F616400002E
:102C200025732C25730000002F00000025732F252D
:102C30007300000063686F6F73655F646576696336
:102C4000655F706174683A2573000000783A256406
:102C50002C793A25640D0A00443A5C446576656C2B
:102C60006F705C53544D3332437562654944455C23
:102C7000776F726B73706163655F312E31372E3001
:102C80005C46345F4368657272794441505C5061C0
:102C9000636B6167655C4C56474C5C7372635C6345
:102CA0006F72655C6C765F646973702E6300000000
:102CB0006E6F20646973706C6179207265676973E7
:102CC000746572656420746F20676574206974731D
:102CD000206163746976652073637265656E0000B8
:102CE0006E6F20646973706C6179207265676973B7
:102CF000746572656420746F2067657420697473ED
:102D00002070726576696F75732073637265656E86
:102D1000000000006C765F6C617965725F746F70A3
:102D20003A206E6F20646973706C617920726567F8
:102D30006973746572656420746F206765742069B7
:102D4000747320746F70206C6179657200000000EC
:102D50006C765F6C617965725F7379733A206E6F20
:102D600020646973706C617920726567697374653A
:102D700072656420746F20676574206974732073B2
:102D800079732E206C617965720000006E6F20648B
:102D90006973706C617920726567697374657265B7
:102DA00064000000443A5C446576656C6F705C5367
:102DB000544D3332437562654944455C776F726B9D
:102DC00073706163655F312E31372E305C46345F3E
:102DD0004368657272794441505C5061636B61670E
:102DE000655C4C56474C5C7372635C636F72655CE8
:102DF0006C765F6576656E742E6300004F75742087
:102E00006F66206D656D6F72790000006F626A2DCC
:102E10003E737065635F617474722D3E6576656E96
:102E2000745F64736320213D204E554C4C000000BC
:102E30004173736572746564206174206578707283
:102E4000657373696F6E3A202573202825732900F6
:102E50004E6F7420696E746572707265746564205B
:102E6000776974682074686973206576656E74206C
:102E7000636F646500000000443A5C446576656CED
:102E80006F705C53544D3332437562654944455C01
:102E9000776F726B73706163655F312E31372E30DF
:102EA0005C46345F4368657272794441505C50619E
:102EB000636B6167655C4C56474C5C7372635C6323
:102EC0006F72655C6C765F67726F75702E63000061
:102ED00067726F757020213D204E554C4C000000EC
:102EE0006E65787420213D204E554C4C000000004A
:102EF000443A5C446576656C6F705C53544D333274
:102F0000437562654944455C776F726B73706163AA
:102F1000655F312E31372E305C46345F4368657211
:102F200072794441505C5061636B6167655C4C56DB
:102F3000474C5C7372635C636F72655C6C765F694F
:102F40006E6465762E6300006C765F696E646576EC
:102F50005F6765745F726561645F74696D65723A1D
:102F600020696E64657620776173204E554C4C0065
:102F70005820697320256420776869636820697325
:102F800020736D616C6C6572207468616E207A6567
:102F9000726F000058206973202564207768696388
:102FA0006820697320677265617465722074686156
:102FB0006E20686F722E207265730000592069734D
:102FC00020256420776869636820697320736D61C8
:102FD0006C6C6572207468616E207A65726F000097
:102FE00059206973202564207768696368206973B4
:102FF0002067726561746572207468616E20766501
:10300000722E20726573000062746E5F706F696E5D
:103010007473206973204E554C4C0000443A5C4454
:103020006576656C6F705C53544D333243756265E1
:103030004944455C776F726B73706163655F312ED5
:1030400031372E305C46345F436865727279444193
:10305000505C5061636B6167655C4C56474C5C73B8
:1030600072635C636F72655C6C765F6F626A2E631D
:10307000000000006C765F696E69743A20616C72C2
:103080006561647920696E69746564006F626A2D98
:103090003E737065635F6174747220213D204E55EC
:1030A0004C4C0000443A5C446576656C6F705C5330
:1030B000544D3332437562654944455C776F726B9A
:1030C00073706163655F312E31372E305C46345F3B
:1030D0004368657272794441505C5061636B61670B
:1030E000655C4C56474C5C7372635C636F72655CE5
:1030F0006C765F6F626A5F636C6173732E6300004E
:103100004E6F20646973706C6179206372656174BD
:103110006564207965742E204E6F20706C61636544
:1031200020746F2061737369676E20746865206E08
:1031300065772073637265656E000000443A5C44F5
:103140006576656C6F705C53544D333243756265C0
:103150004944455C776F726B73706163655F312EB4
:1031600031372E305C46345F436865727279444172
:10317000505C5061636B6167655C4C56474C5C7397
:1031800072635C636F72655C6C765F6F626A5F70BE
:103190006F732E63000000005F6C765F6C61796F67
:1031A00075745F6C69737420213D204E554C4C0042
:1031B000443A5C446576656C6F705C53544D3332B1
:1031C000437562654944455C776F726B73706163E8
:1031D000655F312E31372E305C46345F436865724F
:1031E00072794441505C5061636B6167655C4C5619
:1031F000474C5C7372635C636F72655C6C765F6F87
:10320000626A5F7374796C652E6300006F626A2D69
:103210003E7374796C657320213D204E554C4C00F3
:10322000443A5C446576656C6F705C53544D333240
:10323000437562654944455C776F726B7370616377
:10324000655F312E31372E305C46345F43686572DE
:1032500072794441505C5061636B6167655C4C56A8
:10326000474C5C7372635C636F72655C6C765F6F16
:10327000626A5F747265652E630000004E6F207392
:10328000637265656E20666F756E64007468652094
:103290006163746976652073637265656E2077611A
:1032A000732064656C6574656400000043616E277B
:1032B00074207365742074686520706172656E7423
:1032C000206F6620612073637265656E00000000E8
:1032D00043616E27742073657420706172656E742B
:1032E000203D3D204E554C4C20746F20616E206F68
:1032F000626A656374000000443A5C446576656CFC
:103300006F705C53544D3332437562654944455C7C
:10331000776F726B73706163655F312E31372E305A
:103320005C46345F4368657272794441505C506119
:10333000636B6167655C4C56474C5C7372635C639E
:103340006F72655C6C765F726566722E630000005A
:1033500043616E27742073657420647261775F62C5
:10336000756620686569676874207573696E672083
:1033700074686520726F756E642066756E6374691B
:103380006F6E2E202857726F6E6720726F756E6495
:103390005F6362206F7220746F20736D616C6C20AC
:1033A000647261775F62756629000000556E68611E
:1033B0006E646C656420696E7465726D65646961C4
:1033C0007465206C61796572207479706500000005
:1033D00063616E6E6F7420726F746174652061201A
:1033E00066756C6C207265667265736865642064CE
:1033F0006973706C61792100436F756C646E27741A
:10340000206372656174652061206E6577206C6150
:1034100079657220636F6E746578740043616E27FE
:1034200074206472617720746865206261636B67E1
:10343000726F756E6420696D61676500646574659F
:1034400063746564206D6F64696679696E67206472
:103450006972747920617265617320696E2072658A
:103460006E6465720000000074686572652069739F
:10347000206E6F2061637469766520736372656581
:103480006E000000443A5C446576656C6F705C5376
:10349000544D3332437562654944455C776F726BB6
:1034A00073706163655F312E31372E305C46345F57
:1034B0004368657272794441505C5061636B616727
:1034C000655C4C56474C5C7372635C647261775CFC
:1034D0006C765F647261775F696D672E63000000D0
:1034E000496D6167652064726177206572726F72E1
:1034F00000000000496D6167652064726177206398
:10350000616E2774207265616420746865206C693F
:103510006E650000496D61676520647261773A20CD
:10352000737263206973204E554C4C004E6F0A64D1
:1035300061746100443A5C446576656C6F705C53FD
:10354000544D3332437562654944455C776F726B05
:1035500073706163655F312E31372E305C46345FA6
:103560004368657272794441505C5061636B616776
:10357000655C4C56474C5C7372635C647261775C4B
:103580006C765F647261775F6C6162656C2E63005C
:103590006473632D3E666F6E74203D3D204E554C26
:1035A0004C000000647261772D3E647261775F6C3D
:1035B0006574746572203D3D204E554C4C20287436
:1035C00068657265206973206E6F2066756E63741E
:1035D000696F6E20746F2064726177206C657474FB
:1035E0006572732900000000443A5C446576656C9E
:1035F0006F705C53544D3332437562654944455C8A
:10360000776F726B73706163655F312E31372E3067
:103610005C46345F4368657272794441505C506126
:10362000636B6167655C4C56474C5C7372635C64AA
:103630007261775C6C765F647261775F6C617965EB
:10364000722E63006C617965725F63747820213D2E
:10365000204E554C4C000000443A5C446576656C45
:103660006F705C53544D3332437562654944455C19
:10367000776F726B73706163655F312E31372E30F7
:103680005C46345F4368657272794441505C5061B6
:10369000636B6167655C4C56474C5C7372635C643A
:1036A0007261775C6C765F647261775F6D61736B7A
:1036B0002E630000632D3E62756620213D204E552D
:1036C0004C4C00006C765F6D61736B5F6164643AB3
:1036D000206E6F20706C61636520746F206164647C
:1036E00020746865206D61736B000000556E65780D
:1036F00070656374656420737461727420616E67B1
:103700006C65000073746172745F616E676C652034
:103710003E3D20302026262073746172745F616EF6
:10372000676C65203C3D203336300000556E65786F
:1037300070656374656420656E6420616E676C6596
:1037400000000000656E645F616E676C65203E3D41
:1037500020302026262073746172745F616E676C5E
:1037600065203C3D2033363000000000656E7472E9
:103770007920213D204E554C4C000000443A5C44D9
:103780006576656C6F705C53544D3332437562657A
:103790004944455C776F726B73706163655F312E6E
:1037A00031372E305C46345F43686572727944412C
:1037B000505C5061636B6167655C4C56474C5C7351
:1037C00072635C647261775C6C765F647261775F70
:1037D0007472616E73666F726D2E63004E554C4C41
:1037E00020706F696E74657200000000647261770A
:1037F0005F63747820213D204E554C4C0000000042
:10380000647261775F6374782D3E647261775F7470
:1038100072616E73666F726D203D3D204E554C4C4B
:1038200000000000443A5C446576656C6F705C5340
:10383000544D3332437562654944455C776F726B12
:1038400073706163655F312E31372E305C46345FB3
:103850004368657272794441505C5061636B616783
:10386000655C4C56474C5C7372635C647261775C58
:103870006C765F696D675F63616368652E630000E6
:10388000496D61676520647261772063616E6E6F58
:1038900074206F70656E2074686520696D6167655E
:1038A000207265736F7572636500000062696E0057
:1038B000443A5C446576656C6F705C53544D3332AA
:1038C000437562654944455C776F726B73706163E1
:1038D000655F312E31372E305C46345F4368657248
:1038E00072794441505C5061636B6167655C4C5612
:1038F000474C5C7372635C647261775C6C765F6981
:103900006D675F6465636F6465722E63000000001D
:10391000496D6167652067657420696E666F206711
:10392000657420726561642066696C6520686561F4
:1039300064657200496D6167652067657420696E12
:10394000666F20666F756E6420756E6B6E6F776E36
:103950002073726320747970650000004275696C91
:10396000742D696E20696D616765206465636F649D
:1039700065722063616E2774206F70656E207468B5
:10398000652066696C6500006473632D3E75736520
:10399000725F6461746120213D204E554C4C0000E3
:1039A000757365725F646174612D3E70616C6574DE
:1039B000746520213D204E554C4C00007573657296
:1039C0005F646174612D3E6F706120213D204E5512
:1039D0004C4C0000696D675F6465636F6465725F7E
:1039E0006275696C745F696E5F6F70656E3A206FA7
:1039F0007574206F66206D656D6F72790000000030
:103A0000496D616765206465636F646572206F70DE
:103A1000656E3A20756E6B6E6F776E20636F6C6F9C
:103A20007220666F726D6174000000004275696CEF
:103A3000742D696E20696D616765206465636F64CC
:103A40006572207365656B206661696C6564000052
:103A50004275696C742D696E20696D6167652064BB
:103A600065636F6465722072656164206661696C6C
:103A7000656400004275696C742D696E20696D6122
:103A80006765206465636F64657220726561642098
:103A90006E6F7420737570706F72747320746865C4
:103AA00020636F6C6F7220666F726D61740000002E
:103AB0006473632D3E73726320213D204E554C4C40
:103AC000000000006465636F64657220213D204E34
:103AD000554C4C00443A5C446576656C6F705C53A1
:103AE000544D3332437562654944455C776F726B60
:103AF00073706163655F312E31372E305C46345F01
:103B00004368657272794441505C5061636B6167D0
:103B1000655C4C56474C5C7372635C647261775CA5
:103B200073775C6C765F647261775F73775F626CEA
:103B3000656E642E6300000066696C6C5F626C6584
:103B40006E6465643A20756E737570706F7274651B
:103B50006420626C656E64206D6F64650000000017
:103B6000443A5C446576656C6F705C53544D3332F7
:103B7000437562654944455C776F726B737061632E
:103B8000655F312E31372E305C46345F4368657295
:103B900072794441505C5061636B6167655C4C565F
:103BA000474C5C7372635C647261775C73775C6CC6
:103BB000765F647261775F73775F6772616469656E
:103BC0006E742E63000000006974656D20213D2035
:103BD0004E554C4C000000005F6C765F677261646C
:103BE0005F63616368655F6D656D20213D204E55A3
:103BF0004C4C00006420213D20300000417373656F
:103C0000727465642061742065787072657373697D
:103C10006F6E3A20257300004661696C6420746FF2
:103C200020616C6C636F617465206974656D2066DA
:103C30006F7220746568206772616469656E7400D4
:103C4000443A5C446576656C6F705C53544D333216
:103C5000437562654944455C776F726B737061634D
:103C6000655F312E31372E305C46345F43686572B4
:103C700072794441505C5061636B6167655C4C567E
:103C8000474C5C7372635C647261775C73775C6CE5
:103C9000765F647261775F73775F6C617965722EAE
:103CA0006300000052656E646572696E6720746817
:103CB000697320776964676574206E656564732035
:103CC0004C565F434F4C4F525F53435245454E5FF6
:103CD0005452414E535020310000000043616E6E3B
:103CE0006F7420616C6C6F6361746520256C752046
:103CF000627974657320666F72206C6179657220D9
:103D00006275666665722E20416C6C6F63617469C2
:103D10006E6720256C7520627974657320696E73F7
:103D2000746561642E202852656475636564207033
:103D30006572666F726D616E63652900443A5C441A
:103D40006576656C6F705C53544D333243756265B4
:103D50004944455C776F726B73706163655F312EA8
:103D600031372E305C46345F436865727279444166
:103D7000505C5061636B6167655C4C56474C5C738B
:103D800072635C647261775C73775C6C765F64729B
:103D900061775F73775F6C65747465722E63000082
:103DA0006C765F647261775F6C65747465723A20DB
:103DB000696E76616C696420627070006C765F6415
:103DC0007261775F6C65747465723A20676C7970A4
:103DD00068206473632E206E6F7420666F756E6446
:103DE00020666F7220552B256C5800006C765F643E
:103DF0007261775F6C65747465723A206368617292
:103E000061637465722773206269746D6170206EDE
:103E10006F7420666F756E640000000043616E274A
:103E2000742064726177207375622D706978656C97
:103E30002072656E6465726564206C657474657269
:103E40002062656361757365204C565F5553455F0D
:103E5000464F4E545F5355425058203D3D20302030
:103E6000696E206C765F636F6E662E6800000000DE
:103E7000443A5C446576656C6F705C53544D3332E4
:103E8000437562654944455C776F726B737061631B
:103E9000655F312E31372E305C46345F4368657282
:103EA00072794441505C5061636B6167655C4C564C
:103EB000474C5C7372635C647261775C73775C6CB3
:103EC000765F647261775F73775F726563742E6388
:103ED00000000000436F756C646E2774207265618A
:103EE0006420746865206261636B67726F756E64CD
:103EF00020696D6167650000443A5C446576656CD5
:103F00006F705C53544D3332437562654944455C70
:103F1000776F726B73706163655F312E31372E304E
:103F20005C46345F4368657272794441505C50610D
:103F3000636B6167655C4C56474C5C7372635C6590
:103F4000787472615C6C61796F7574735C666C65B2
:103F5000785C6C765F666C65782E63006E65775F63
:103F600064736320213D204E554C4C0067726F777F
:103F70005F76616C75655F73756D20213D20300043
:103F80002F2E00002F2E2E00443A5C446576656C7F
:103F90006F705C53544D3332437562654944455CE0
:103FA000776F726B73706163655F312E31372E30BE
:103FB0005C46345F4368657272794441505C50617D
:103FC000636B6167655C4C56474C5C7372635C6500
:103FD000787472615C776964676574735C63686147
:103FE00072745C6C765F63686172742E63000000AB
:103FF0006E65775F706F696E747320213D204E553A
:104000004C4C0000282A612920213D204E554C4C63
:104010000000000073657220213D204E554C4C007D
:104020006F626A20213D204E554C4C00496E7661EE
:104030006C696420696E6465783A2025640000002C
:10404000256C64006162630041424300312300003B
:10405000EF808D00EF849C00EF808C00456E7465CE
:1040600072000000EFA2A200EF819300EF819400A4
:10407000EF959A002B2F2D00320000003300000036
:10408000340000003500000036000000370000005A
:1040900038000000390000002B000000260000005E
:1040A0002A0000003D000000250000002100000063
:1040B0003F000000230000003C0000003E00000024
:1040C0005C00000040000000240000002800000008
:1040D0007B0000007D0000005B0000005D00000030
:1040E0003B000000270000005100000057000000C6
:1040F000450000005200000054000000590000007C
:1041000055000000490000004F0000005000000072
:104110004100000053000000440000004600000081
:1041200047000000480000004A0000004B0000006B
:104130005F0000002D0000005A0000004300000056
:1041400056000000420000004E0000004D0000003C
:104150002C0000003A000000710000007700000011
:1041600075000000690000006F00000061000000A1
:1041700066000000680000006A0000006C0000009B
:104180007A00000078000000760000006200000065
:104190006D000000443A5C446576656C6F705C535A
:1041A000544D3332437562654944455C776F726B99
:1041B00073706163655F312E31372E305C46345F3A
:1041C0004368657272794441505C5061636B61670A
:1041D000655C4C56474C5C7372635C6578747261C5
:1041E0005C776964676574735C6D656E755C6C762D
:1041F0005F6D656E752E6300706167652D3E746935
:10420000746C6520213D204E554C4C006E65775FE7
:104210006E6F646520213D204E554C4C000000001F
:10422000443A5C446576656C6F705C53544D333230
:10423000437562654944455C776F726B7370616367
:10424000655F312E31372E305C46345F43686572CE
:1042500072794441505C5061636B6167655C4C5698
:10426000474C5C7372635C666F6E745C6C765F6601
:104270006F6E742E63000000666F6E745F70202195
:104280003D204E554C4C00006473635F6F75742085
:10429000213D204E554C4C00666F6E7420213D2010
:1042A0004E554C4C00000000443A5C446576656C09
:1042B0006F705C53544D3332437562654944455CBD
:1042C000776F726B73706163655F312E31372E309B
:1042D0005C46345F4368657272794441505C50615A
:1042E000636B6167655C4C56474C5C7372635C66DC
:1042F0006F6E745C6C765F666F6E745F666D745F14
:104300007478742E63000000436F6D707265737370
:10431000656420666F6E74732069732075736564BD
:1043200020627574204C565F5553455F464F4E547E
:104330005F434F4D50524553534544206973206E9F
:104340006F7420656E61626C656420696E206C76A6
:104350005F636F6E662E6800443A5C446576656CF8
:104360006F705C53544D3332437562654944455C0C
:10437000776F726B73706163655F312E31372E30EA
:104380005C46345F4368657272794441505C5061A9
:10439000636B6167655C4C56474C5C7372635C6829
:1043A000616C5C6C765F68616C5F646973702E63CE
:1043B000000000006469737020213D204E554C4C74
:1043C00000000000646973702D3E726566725F7450
:1043D000696D657220213D204E554C4C0000000057
:1043E00066756C6C5F726566726573682072657164
:1043F0007569726573206174206C656173742073D4
:10440000637265656E2073697A6564206472617792
:10441000206275666665722873290000443A5C4420
:104420006576656C6F705C53544D333243756265CD
:104430004944455C776F726B73706163655F312EC1
:1044400031372E305C46345F43686572727944417F
:10445000505C5061636B6167655C4C56474C5C73A4
:1044600072635C68616C5C6C765F68616C5F696EDE
:104470006465762E630000006C765F696E64657615
:104480005F6472765F72656769737465723A206EF5
:104490006F20646973706C617920726567697374E9
:1044A000657265642068656E63652063616E27745C
:1044B000206174746163682074686520696E646546
:1044C0007620746F206120646973706C61790000DC
:1044D000696E64657620213D204E554C4C000000ED
:1044E000696E6465765F726561645F63622069739B
:1044F000206E6F74207265676973746572656400FD
:10450000443A5C446576656C6F705C53544D33324D
:10451000437562654944455C776F726B7370616384
:10452000655F312E31372E305C46345F43686572EB
:1045300072794441505C5061636B6167655C4C56B5
:10454000474C5C7372635C6D6973635C6C765F612E
:104550006E696D2E630000006E65775F616E696D38
:1045600020213D204E554C4C00000000443A5C4454
:104570006576656C6F705C53544D3332437562657C
:104580004944455C776F726B73706163655F312E70
:1045900031372E305C46345F43686572727944412E
:1045A000505C5061636B6167655C4C56474C5C7353
:1045B00072635C6D6973635C6C765F636F6C6F7262
:1045C0002E630000496E76616C69642070616C65D1
:1045D0007474653A20256400496E76616C696420C4
:1045E0006C6576656C3A2025642E204D75737420B9
:1045F000626520312E2E3500496E76616C6964202B
:104600006C6576656C3A2025642E204D7573742098
:10461000626520312E2E3400443A5C446576656C28
:104620006F705C53544D3332437562654944455C49
:10463000776F726B73706163655F312E31372E3027
:104640005C46345F4368657272794441505C5061E6
:10465000636B6167655C4C56474C5C7372635C6D61
:104660006973635C6C765F66732E630066696C6564
:104670005F702D3E63616368652D3E627566666599
:104680007220213D204E554C4C0000006E65775F36
:1046900064727620213D204E554C4C0043616E27BC
:1046A00074206F70656E2066696C653A2070617465
:1046B00068206973204E554C4C00000043616E2702
:1046C00074206F70656E2066696C652028257329DB
:1046D0003A20756E6B6E6F776E20647269766572C4
:1046E000206C65747465720043616E2774206F706E
:1046F000656E2066696C6520282573293A206472EE
:1047000069766572206E6F7420726561647900004D
:1047100043616E2774206F70656E2066696C65203A
:10472000282573293A206F70656E2066756E637454
:10473000696F6E206E6F7420657869737473000002
:1047400066696C655F702D3E636163686520213D1D
:10475000204E554C4C0000005B25735D0928256CEC
:10476000642E2530336C642C202B256C64290920A1
:1047700025733A2000000000200928696E20257367
:10478000206C696E6520232564290A0054726163D8
:1047900065000000496E666F000000005761726E90
:1047A000000000004572726F720000005573657260
:1047B00000000000443A5C446576656C6F705C53A1
:1047C000544D3332437562654944455C776F726B73
:1047D00073706163655F312E31372E305C46345F14
:1047E0004368657272794441505C5061636B6167E4
:1047F000655C4C56474C5C7372635C6D6973635CBB
:104800006C765F6D656D2E6300000000636F756CE4
:10481000646E277420616C6C6F63617465206D65D4
:104820006D6F7279000000004F7574206F66206D07
:10483000656D6F72792C2063616E277420616C6CDA
:104840006F636174652061206E65772062756666AE
:1048500065722028696E63726561736520796F7572
:1048600072204C565F4D454D5F53495A452F686540
:1048700061702073697A6529000000006275662006
:10488000213D204E554C4C006E6F206D6F7265209F
:10489000627566666572732E2028696E6372656143
:1048A0007365204C565F4D454D5F4255465F4D4107
:1048B000585F4E554D2900004E6F206D6F72652078
:1048C000627566666572732E20496E6372656173E8
:1048D00065204C565F4D454D5F4255465F4D4158F2
:1048E0005F4E554D2E00000066616C736500000040
:1048F00070206973206E6F742061206B6E6F776E0D
:104900002062756666657200443A5C446576656C43
:104910006F705C53544D3332437562654944455C56
:10492000776F726B73706163655F312E31372E3034
:104930005C46345F4368657272794441505C5061F3
:10494000636B6167655C4C56474C5C7372635C6D6E
:104950006973635C6C765F7374796C652E630000B9
:1049600043616E6E6F7420726573657420636F6E41
:104970007374207374796C65000000004E6F206DB5
:104980006F726520637573746F6D2070726F7065E0
:104990007274792049447320617661696C61626C3C
:1049A0006500000072657175697265642073697ACB
:1049B0006520686173206265636F6D6520303F001C
:1049C00072657175697265645F73697A65203E20EE
:1049D00030000000556E61626C6520746F20616C60
:1049E0006C6F6361746520737061636520666F72BC
:1049F00020637573746F6D2070726F706572747957
:104A0000206C6F6F6B7570207461626C65000000C4
:104A10005F6C765F7374796C655F637573746F6DCB
:104A20005F70726F705F666C61675F6C6F6F6B75E4
:104A3000705F7461626C6520213D204E554C4C00C6
:104A400043616E6E6F742072656D6F766520707253
:104A50006F702066726F6D20636F6E737420737455
:104A6000796C650043616E6E6F742073657420709D
:104A7000726F7065727479206F6620636F6E7374E5
:104A8000616E74207374796C65000000443A5C4474
:104A90006576656C6F705C53544D33324375626557
:104AA0004944455C776F726B73706163655F312E4B
:104AB00031372E305C46345F436865727279444109
:104AC000505C5061636B6167655C4C56474C5C732E
:104AD00072635C6D6973635C6C765F74696D65723B
:104AE0002E6300006E65775F74696D657220213DED
:104AF000204E554C4C0000004974207365656D7361
:104B0000206C765F7469636B5F696E632829206926
:104B100073206E6F742063616C6C65642E000000FE
:104B2000443A5C446576656C6F705C53544D333227
:104B3000437562654944455C776F726B737061635E
:104B4000655F312E31372E305C46345F43686572C5
:104B500072794441505C5061636B6167655C4C568F
:104B6000474C5C7372635C6D6973635C6C765F74F5
:104B70006C73662E6300000021626C6F636B5F696B
:104B8000735F6C61737428626C6F636B2900000043
:104B900030203D3D2028616C69676E202620286109
:104BA0006C69676E202D2031292920262620226D50
:104BB00075737420616C69676E20746F206120705A
:104BC0006F776572206F662074776F220000000097
:104BD00063757272656E7420262620226672656582
:104BE000206C6973742063616E6E6F7420686176E7
:104BF000652061206E756C6C20656E747279220080
:104C0000626C6F636B202626202263616E6E6F7468
:104C100020696E736572742061206E756C6C2065FE
:104C20006E74727920696E746F2074686520667284
:104C30006565206C6973742200000000626C6F630C
:104C40006B5F746F5F70747228626C6F636B292086
:104C50003D3D20616C69676E5F70747228626C6F95
:104C6000636B5F746F5F70747228626C6F636B2923
:104C70002C20414C49474E5F53495A45292026264E
:104C80002022626C6F636B206E6F7420616C6967A9
:104C90006E65642070726F7065726C79220000001E
:104CA000707265762026262022707265765F6672A5
:104CB0006565206669656C642063616E206E6F7443
:104CC000206265206E756C6C220000006E65787441
:104CD00020262620226E6578745F667265652066E0
:104CE00069656C642063616E206E6F74206265205C
:104CF0006E756C6C22000000626C6F636B5F746F8A
:104D00005F7074722872656D61696E696E672920C3
:104D10003D3D20616C69676E5F70747228626C6FD4
:104D2000636B5F746F5F7074722872656D61696E1A
:104D3000696E67292C20414C49474E5F53495A45BB
:104D400029202626202272656D61696E696E6720B2
:104D5000626C6F636B206E6F7420616C69676E6547
:104D6000642070726F7065726C792200626C6F6380
:104D70006B5F73697A6528626C6F636B29203D3DB8
:104D80002072656D61696E5F73697A65202B20738F
:104D9000697A65202B20626C6F636B5F6865616464
:104DA00065725F6F7665726865616400626C6F63DF
:104DB0006B5F73697A652872656D61696E696E678C
:104DC00029203E3D20626C6F636B5F73697A655F7B
:104DD0006D696E2026262022626C6F636B207370D3
:104DE0006C6974207769746820696E76616C696497
:104DF0002073697A65220000626C6F636B5F697370
:104E00005F707265765F6672656528626C6F636B52
:104E100029202626202270726576696F75732062BC
:104E20006C6F636B206D75737420626520667265AC
:104E30006522000021626C6F636B5F69735F6C6158
:104E40007374287072657629202626202270726578
:104E500076696F757320626C6F636B2063616E2778
:104E600074206265206C617374220000626C6F6351
:104E70006B5F69735F6672656528626C6F636B292F
:104E80002026262022626C6F636B206D7573742060
:104E900062652066726565220000000073697A65AC
:104EA000202626202273697A65206D75737420622E
:104EB00065206E6F6E2D7A65726F22007072657656
:104EC00020262620227072657620706879736963C7
:104ED000616C20626C6F636B2063616E277420626B
:104EE00065206E756C6C2200626C6F636B5F69731A
:104EF0005F667265652870726576292026262022F5
:104F00007072657620626C6F636B206973206E6FC0
:104F10007420667265652074686F756768206D61BE
:104F2000726B6564206173207375636822000000F2
:104F30006E65787420262620226E6578742070684D
:104F400079736963616C20626C6F636B2063616E5F
:104F50002774206265206E756C6C220021626C6F74
:104F6000636B5F69735F6C61737428626C6F636BF2
:104F700029202626202270726576696F757320625B
:104F80006C6F636B2063616E2774206265206C61B7
:104F90007374220021626C6F636B5F69735F66726A
:104FA000656528626C6F636B292026262022626C5F
:104FB0006F636B206D757374206265207573656413
:104FC00022000000736C5F6D61702026262022692C
:104FD0006E7465726E616C206572726F72202D2026
:104FE0007365636F6E64206C6576656C20626974AE
:104FF0006D6170206973206E756C6C22000000007A
:10500000626C6F636B5F73697A6528626C6F636B48
:1050100029203E3D2073697A650000006C765F743C
:105020006C73665F6164645F706F6F6C3A204D658E
:105030006D6F7279206D75737420626520616C6983
:10504000676E6564206279202575206279746573C6
:105050002E0A00006C765F746C73665F6164645F37
:10506000706F6F6C3A204D656D6F72792073697A3D
:1050700065206D757374206265206265747765655F
:105080006E20257520616E64202575206279746517
:10509000732E0A006C765F746C73665F6372656171
:1050A00074653A204D656D6F7279206D757374204B
:1050B000626520616C69676E656420746F20257578
:1050C0002062797465732E0A0000000021626C6F03
:1050D000636B5F69735F6672656528626C6F636B93
:1050E000292026262022626C6F636B20616C72651A
:1050F000616479206D61726B6564206173206672F2
:1051000065652200202C2E3B3A2D5F00443A5C441A
:105110006576656C6F705C53544D333243756265D0
:105120004944455C776F726B73706163655F312EC4
:1051300031372E305C46345F436865727279444182
:10514000505C5061636B6167655C4C56474C5C73A7
:1051500072635C6D6973635C6C765F7478742E63E4
:10516000000000007465787420213D204E554C4CA1
:10517000000000006C765F7478745F6765745F731D
:10518000697A653A20696E7465676572206F766525
:1051900072666C6F77207768696C652063616C63F9
:1051A000756C6174696E67207465787420686569D0
:1051B00067687400443A5C446576656C6F705C5354
:1051C000544D3332437562654944455C776F726B69
:1051D00073706163655F312E31372E305C46345F0A
:1051E0004368657272794441505C5061636B6167DA
:1051F000655C4C56474C5C7372635C7769646765A9
:1052000074735C6C765F6172632E6300496E7661C5
:105210006C6964206D6F64653A20256400000000AD
:10522000443A5C446576656C6F705C53544D333220
:10523000437562654944455C776F726B7370616357
:10524000655F312E31372E305C46345F43686572BE
:1052500072794441505C5061636B6167655C4C5688
:10526000474C5C7372635C776964676574735C6CEC
:10527000765F62746E6D61747269782E63000000EF
:1052800062746E6D2D3E627574746F6E5F617265CF
:10529000617320213D204E554C4C000062746E6DB0
:1052A0002D3E6374726C5F6269747320213D204EE1
:1052B000554C4C0042746E310000000042746E3256
:1052C0000000000042746E330000000042746E342F
:1052D0000000000042746E3500000000443A5C4457
:1052E0006576656C6F705C53544D333243756265FF
:1052F0004944455C776F726B73706163655F312EF3
:1053000031372E305C46345F4368657272794441B0
:10531000505C5061636B6167655C4C56474C5C73D5
:1053200072635C776964676574735C6C765F696DE2
:10533000672E6300647261775F696D673A20696DFB
:1053400061676520736F757263652074797065207D
:10535000697320756E6B6E6F776E00006C765F6997
:105360006D675F7365745F7372633A20756E6B6E01
:105370006F776E2074797065000000006C765F694D
:105380006D675F7365745F7372633A20756E6B6EE1
:105390006F776E20696D61676520747970650000B4
:1053A0006E65775F73747220213D204E554C4C0022
:1053B000443A5C446576656C6F705C53544D33328F
:1053C000437562654944455C776F726B73706163C6
:1053D000655F312E31372E305C46345F436865722D
:1053E00072794441505C5061636B6167655C4C56F7
:1053F000474C5C7372635C776964676574735C6C5B
:10540000765F6C6162656C2E630000004661696CBA
:10541000656420746F20616C6C6F63617465206DCE
:10542000656D6F727920666F7220646F745F746D42
:10543000705F707472000000706F7320213D204E09
:10544000554C4C00706F735F696E20213D204E55A6
:105450004C4C00006C6162656C2D3E746578742064
:10546000213D204E554C4C00666D7420213D204E50
:10547000554C4C005465787400000000443A5C447C
:105480006576656C6F705C53544D3332437562655D
:105490004944455C776F726B73706163655F312E51
:1054A00031372E305C46345F43686572727944410F
:1054B000505C5061636B6167655C4C56474C5C7334
:1054C00072635C776964676574735C6C765F726F36
:1054D0006C6C65722E6300006F7074696F6E732060
:1054E000213D204E554C4C004F7074696F6E203139
:1054F0000A4F7074696F6E20320A4F7074696F6E54
:1055000020330A4F7074696F6E20340A4F707469CB
:105510006F6E203500000000443A5C446576656C8F
:105520006F705C53544D3332437562654944455C3A
:10553000776F726B73706163655F312E31372E3018
:105540005C46345F4368657272794441505C5061D7
:10555000636B6167655C4C56474C5C7372635C7748
:105560006964676574735C6C765F7461626C652EE8
:10557000630000007461626C652D3E726F775F6836
:1055800020213D204E554C4C000000007461626C9F
:10559000652D3E63656C6C5F6461746120213D2004
:1055A0004E554C4C000000006E65775F63656C6C77
:1055B0005F6461746120213D204E554C4C00000019
:1055C0007461626C652D3E636F6C5F7720213D20B6
:1055D0004E554C4C000000007461626C652D3E63BA
:1055E000656C6C5F646174615B63656C6C5D2021EC
:1055F0003D204E554C4C0000696E76616C6964200C
:10560000726F77206F7220636F6C756D6E00000093
:10561000443A5C446576656C6F705C53544D33322C
:10562000437562654944455C776F726B7370616363
:10563000655F312E31372E305C46345F43686572CA
:1056400072794441505C5061636B6167655C4C5694
:10565000474C5C7372635C776964676574735C6CF8
:10566000765F74657874617265612E630000000076
:1056700074612D3E706C616365686F6C6465725F08
:1056800074787420213D204E554C4C00E280A200DD
:1056900074612D3E7077645F746D7020213D204EE3
:1056A000554C4C00443A5C446576656C6F705C53B5
:1056B000544D3332437562654944455C776F726B74
:1056C00073706163655F312E31372E305C46345F15
:1056D0004368657272794441505C5061636B6167E5
:1056E000655C666C6D70617273655C666C6D706133
:1056F0007273652E630000007761697420666F72B3
:1057000020726561642066696C652073697A652022
:1057100069732025640000004572726F72206F70FB
:10572000656E696E672066696C6500004572726F10
:1057300072207365656B696E6720696E2066696C9F
:10574000650000004572726F722072656164696E57
:10575000672066696C652C20657870656374656484
:1057600020746F20726561642025752062797465EC
:10577000732C20627574206F6E6C79207265616481
:105780002025752062797465732E0A0072745F6D2E
:10579000616C6C6F63206661696C2100454C46004A
:1057A0007468652066696C652073697A653D3A2581
:1057B000640D0A00436865636B696E672066756EE9
:1057C0006374696F6E3A2025732C53747246756E3C
:1057D000496E6465785461626C65203A25305800E2
:1057E0004572726F723A204661696C656420746F0D
:1057F00020706172736520464C4D20666F726D613A
:10580000742066696C652C20706C6561736520631B
:105810006865636B20776865746865722074686575
:1058200020464C4D2066696C6520657869737473F9
:10583000206F722074686520666F726D61742069D4
:105840007320636F7272656374210D0A000000009B
:10585000496E697400000000556E496E697400005D
:105860004572617365436869700000004572617339
:1058700065536563746F720050726F6772616D502B
:1058800061676500EF81AE68747470733A2F2F6C96
:1058900076676C2E31303061736B2E6E657400004C
:1058A000443A5C446576656C6F705C53544D33329A
:1058B000437562654944455C776F726B73706163D1
:1058C000655F312E31372E305C46345F4368657238
:1058D00072794441505C5061636B6167655C6C76C2
:1058E0005F6C69625F31303061736B5C7372635CF3
:1058F0006C765F31303061736B5F66696C655F65D4
:1059000078706C6F7265725C6C765F313030617389
:105910006B5F66696C655F6578706C6F7265722E1F
:10592000630000004F70656E2064697220657272BA
:105930006F72202564210000EF81BB2020257300B9
:105940002E2E00004472697665722C2066696C65A3
:10595000206F72206469726563746F727920697355
:10596000206E6F742065786973747320256421003C
:105970004E6F74206D6F72652066696C657320745C
:105980006F2072656164213A202573002E706E6766
:10599000000000002E504E47000000002E6A706785
:1059A000000000002E4A5047000000002E626D707B
:1059B000000000002E424D50000000002E67696676
:1059C000000000002E47494600000000EF80BE2086
:1059D000202573002E6D7033000000002E4D5033D3
:1059E00000000000EF808120202573002E6D7034B0
:1059F000000000002E4D503400000000EF80882091
:105A000020257300EF859B2020257300EF81AE20B9
:105A1000257300002573257300000000443A5C44A0
:105A20006576656C6F705C53544D333243756265B7
:105A30004944455C776F726B73706163655F312EAB
:105A400031372E305C46345F436865727279444169
:105A5000505C5061636B6167655C6F66666C696E14
:105A6000655F646F776E6C6F61645C7377645F64AD
:105A70006F776E6C6F61645F66696C652E630000A2
:105A8000706172736520666C6D2066726F6D206642
:105A9000696C65206572726F720000002E62696E1B
:105AA0000000000066696C65207061746820746F86
:105AB0006F206C6F6E6700007061746820746F6F88
:105AC000206C6F6E670000002E42494E00000000FF
:105AD0006F6E6C7920737570706F7274202E6269AE
:105AE0006E2066696C652046696C654E616D653A2D
:105AF000257300006F6E6C79202E62696E206669D6
:105B00006C6500006F70656E2066696C652066616B
:105B1000696C6564000000006F70656E2066696CDA
:105B200065207375636365737300000025732066D9
:105B3000696C652073697A65203D2025640000004A
:105B400025732066696C65206E6F7420666F756EB4
:105B500064000000746865206368697020494443EC
:105B60004F44453A2025303858000000484333322E
:105B7000000000006C6F616420464C4D2066696C2B
:105B80006500000074617267657420666C617368FB
:105B900020696E6974206572726F7200657261733C
:105BA0006520666C6173680065726173652073655A
:105BB00063746F722069732025303858000000002C
:105BC000646F776E6C6F616420666C61736800004F
:105BD0004572726F722072656164696E67206669D2
:105BE0006C6520617420616464723A2030782530DD
:105BF00038580000726561642073697A65203D2021
:105C00002564000076657269667920666C61736848
:105C1000000000004572726F722072656164696EE7
:105C2000672066696C6520647572696E67207665A9
:105C300072696669636174696F6E20617420616462
:105C400064723A20307825303858000076657269E1
:105C50006679207061737300766572696679206673
:105C600061696C006572726F72206F636375726533
:105C7000642100007761697420666F72207374611B
:105C800072740000494E4600696E66004E414E0037
:105C90006E616E00303132333435363738396162F7
:105CA00063646566000000003031323334353637C6
:105CB000383941424344454600000000286E756C67
:105CC0006C2900004C435F434F4C4C41544500004D
:105CD0004C435F4354595045000000004C435F4D16
:105CE0004F4E4554415259004C435F4E554D45521D
:105CF000494300004C435F54494D45004C435F4DC0
:105D00004553534147455300496E66696E6974793E
:105D1000000000004E614E0042616C6C6F632073A6
:105D20007563636565646564000000002F646174D9
:105D3000612F6A656E6B696E732F776F726B73700C
:105D40006163652F474E552D746F6F6C6368616991
:105D50006E2F61726D2D31332F7372632F6E6577E5
:105D60006C69622D63796777696E2F6E65776C69F0
:105D7000622F6C6962632F7374646C69622F647440
:105D80006F612E63000000002F646174612F6A65EB
:105D90006E6B696E732F776F726B73706163652FB3
:105DA000474E552D746F6F6C636861696E2F617219
:105DB0006D2D31332F7372632F6E65776C69622D91
:105DC00063796777696E2F6E65776C69622F6C698E
:105DD00062632F7374646C69622F6D707265632ED9
:105DE000630000002C2066756E6374696F6E3A2044
:105DF00000000000617373657274696F6E20222564
:105E00007322206661696C65643A2066696C65205E
:105E1000222573222C206C696E652025642573254C
:105E2000730A0000000000000102030400000000EB
:105E3000000000000102030406070809000610160E
:105E400000061016F16800086569000895690008E9
:105E5000096A00087D6A00084355454141414143B4
:105E600045454549494941414592924F4F4F555506
:105E7000594F554F9C4F9E9F41494F55A5A5A6A7E9
:105E8000A8A9AAABACADAEAFB0B1B2B3B441414179
:105E9000B8B9BABBBCBDBEBFC0C1C2C3C4C5414115
:105EA000C8C9CACBCCCDCECFD1D14545454949494A
:105EB00049D9DADBDCDD49DF4FE14F4F4F4FE6E8F0
:105EC000E85555555959EEEFF0F1F2F3F4F5F6F7C0
:105ED000F8F9FAFBFCFDFEFF66696C655F6578709A
:105EE0006C6F7265725F6576656E745F68616E6413
:105EF0006C65720075695F6576656E745F53746179
:105F0000727442746E0000006C765F646973705F37
:105F100069735F696E76616C69646174696F6E5FE5
:105F2000656E61626C6564006C765F646973705F56
:105F30007365745F7468656D650000006C765F64FE
:105F40006973705F6765745F6C617965725F73799F
:105F5000730000006C765F646973705F6765745FDF
:105F60006C617965725F746F700000006C765F64BD
:105F70006973705F6765745F7363725F7072657673
:105F8000000000006C765F646973705F6765745F22
:105F90007363725F616374006C765F6576656E74BF
:105FA0005F7365745F6578745F647261775F73694E
:105FB0007A6500006C765F6576656E745F67657400
:105FC0005F647261775F6374780000006C765F6570
:105FD00076656E745F6765745F696E6465760000F0
:105FE0006C765F6F626A5F6164645F6576656E742C
:105FF0005F6362006C765F67726F75705F61646487
:106000005F6F626A00000000696E6465765F6275AA
:1060100074746F6E5F70726F63000000696E646508
:10602000765F706F696E7465725F70726F63000087
:106030006C765F6F626A5F616C6C6F636174655FE1
:10604000737065635F617474720000006C765F69E1
:106050006E69740000000000E93C010889450108F0
:1060600000000000AF410108820082004A020000E7
:106070006C765F6F626A5F636C6173735F63726596
:106080006174655F6F626A006C765F6C61796F75D1
:10609000745F726567697374657200005F6C765F28
:1060A0006F626A5F7374796C655F63726561746552
:1060B0005F7472616E736974696F6E006765745F97
:1060C0006C6F63616C5F7374796C65006C765F6F85
:1060D000626A5F6765745F64697370006C765F6F96
:1060E000626A5F7365745F706172656E7400000050
:1060F0006C765F6F626A5F64656C000064726177E2
:106100005F6275665F726F74617465007265667256
:106110005F617265615F7061727400006765745FD2
:106120006D61785F726F77005F6C765F6469737022
:106130005F726566725F74696D6572005F6C765F31
:10614000696E765F61726561000000006C6179655F
:10615000725F6765745F6172656100007265667287
:106160005F6F626A000000006465636F64655F6171
:106170006E645F64726177006C765F647261775FF2
:10618000696D67006C765F647261775F6C616265F0
:106190006C0000006C765F647261775F6C6179659A
:1061A000725F637265617465000000006369726309
:1061B0005F63616C635F6161340000006C765F64F3
:1061C0007261775F6D61736B5F7261646975735F34
:1061D000696E6974000000006C765F647261775FBD
:1061E0006D61736B5F616E676C655F696E6974008A
:1061F0006C765F647261775F6D61736B5F6164641D
:10620000000000006C765F647261775F7472616E8B
:1062100073666F726D0000005F6C765F696D675F1B
:1062200063616368655F6F70656E00006C765F69BF
:106230006D675F6465636F6465725F6275696C74D6
:106240005F696E5F6C696E655F747275655F636FC1
:106250006C6F72006C765F696D675F6465636F6415
:1062600065725F6275696C745F696E5F72656164A7
:106270005F6C696E650000006C765F696D675F64D6
:1062800065636F6465725F6275696C745F696E5F88
:106290006F70656E000000006C765F696D675F640B
:1062A00065636F6465725F6275696C745F696E5F68
:1062B000696E666F000000006C765F696D675F64F1
:1062C00065636F6465725F63726561746500000089
:1062D0006C765F696D675F6465636F6465725F6F3D
:1062E00070656E005F6C765F696D675F6465636F94
:1062F0006465725F696E6974000000006D61705FB3
:10630000626C656E6465640066696C6C5F626C6586
:106310006E646564000000006C765F67726164699A
:10632000656E745F63616C63756C61746500000019
:10633000616C6C6F636174655F6974656D0000000A
:106340006C765F6772616469656E745F676574001F
:106350006C765F6772616469656E745F7365745FA4
:1063600063616368655F73697A6500006C765F647A
:106370007261775F73775F6C617965725F63726575
:1063800061746500647261775F6C65747465725FD7
:106390006E6F726D616C00006C765F647261775F26
:1063A00073775F6C6574746572000000000102030E
:1063B0000405060708090A0B0C0D0E0F1011121325
:1063C0001415161718191A1B1C1D1E1F2021222315
:1063D0002425262728292A2B2C2D2E2F3031323305
:1063E0003435363738393A3B3C3D3E3F40414243F5
:1063F0004445464748494A4B4C4D4E4F50515253E5
:106400005455565758595A5B5C5D5E5F60616263D4
:106410006465666768696A6B6C6D6E6F70717273C4
:106420007475767778797A7B7C7D7E7F80818283B4
:106430008485868788898A8B8C8D8E8F90919293A4
:106440009495969798999A9B9C9D9E9FA0A1A2A394
:10645000A4A5A6A7A8A9AAABACADAEAFB0B1B2B384
:10646000B4B5B6B7B8B9BABBBCBDBEBFC0C1C2C374
:10647000C4C5C6C7C8C9CACBCCCDCECFD0D1D2D364
:10648000D4D5D6D7D8D9DADBDCDDDEDFE0E1E2E354
:10649000E4E5E6E7E8E9EAEBECEDEEEFF0F1F2F344
:1064A000F4F5F6F7F8F9FAFBFCFDFEFF00112233D4
:1064B000445566778899AABBCCDDEEFF0055AAFF4C
:1064C00000FF0000808080818182828384858687AE
:1064D000898A8C8D8F91939597999B9EA0A2A5A751
:1064E000AAADAFB2B5000000647261775F62675F0A
:1064F000696D67006368696C6472656E5F72657070
:106500006F73000066696E645F747261636B5F65D0
:106510006E6400002100200069006A006C006B00BE
:106520006D006E0063006200000000006C765F6327
:10653000686172745F6765745F706F696E745F70B5
:106540006F735F62795F6964000000006C765F635F
:10655000686172745F6765745F785F737461727489
:106560005F706F696E74000054600408617E0208F9
:10657000F97D020800000000599602086420040119
:10658000C008000001000100010022030100010019
:1065900001002203010001000100020001000100CE
:1065A0000100010001000000602B0408784004088D
:1065B0007C400408544004089C2A040880400408D5
:1065C0008440040888400408584004089C2A0408B1
:1065D0008C4004089040040894400408704004086B
:1065E0009C2A040874400408D0490408E4480408BC
:1065F000684004086C4004084C5804080104010475
:106600000104010401040104010401040104010462
:106610000201220301040104010401040104010434
:106620000104010401040104010401040104010442
:106630000104010401040104010401040104010432
:10664000010422030201060002012203602B040858
:10665000784004087C400408804004088440040812
:10666000884004088C4004089040040894400408C2
:10667000D0490408704004089C2A040844400408D7
:10668000984004089C400408282C0408A0400408F2
:10669000A4400408A8400408AC400408B040040822
:1066A000B4400408B8400408BC4004089C2A04080C
:1066B000C0400408C4400408C8400408CC40040892
:1066C000A8330408D0400408D4400408D840040883
:1066D000DC400408E0400408C04F0408E44004081B
:1066E0009C2A040854400408684004080C28040844
:1066F0006C400408584004084C580408250304045E
:106700000404040404040404040404040404040449
:10671000040407012603030403040304030403041D
:106720000304030403040304070101050105010434
:10673000010401040104010401040104010501052F
:106740000105220302010600020122034C40040855
:10675000E8400408EC400408F0400408F440040851
:10676000F8400408FC4004080041040804410408FF
:10677000084104080C410408704004089C2A0408DD
:106780004440040810410408144104081841040856
:106790001C4104082041040824410408284104083D
:1067A0002C410408BC550408644004089C2A0408D1
:1067B000304104083441040838410408685B040887
:1067C0003C4104084041040844410408484104088D
:1067D0004C410408E44804085041040854410408AA
:1067E0009C2A040854400408684004080C28040843
:1067F0006C400408584004084C580408250304045D
:106800000404040404040404040404040404040448
:10681000040407012603030403040304030403041C
:106820000304030403040304070101050105010433
:10683000010401040104010401040104010501052E
:106840000105220302010600020122034C40040854
:10685000584104085C41040890470408604004085B
:10686000AC3A0408082E0408604104086441040896
:106870006841040868580408704004089C2A040809
:10688000484004086C410408242C04083C400408D7
:1068900070410408C45A040874410408784104088B
:1068A000E83604087C410408644004089C2A040873
:1068B000304104083441040880410408844104083C
:1068C000E05D0408884104088C4104088034040811
:1068D00090410408E4480408504104085441040865
:1068E0009C2A040854400408684004080C28040842
:1068F0006C400408584004084C580408B4270508A4
:10690000F1980208000000000000000000000000F4
:106910006420322001040000AC28050800000000BB
:106920000000000000000000000000000000000067
:1069300000000000782705080000000000000000AB
:106940000000000000000000000000000000000047
:106950005460040800000000000000000000000077
:1069600000000000C3000401000000006C765F6DB1
:10697000656E755F7365745F706167650000000028
:106980005460040800000000000000000000000047
:106990000000000000000000000000005460040837
:1069A00000000000000000000000000000000000E7
:1069B0000000000000000000546004080000000017
:1069C00000000000000000000000000000000000C7
:1069D00000000000546004080000000000000000F7
:1069E00000000000000000000000000000000000A7
:1069F00054600408000000000000000000000000D7
:106A000000000000D127D1270000000054600408D6
:106A10005D9B020800000000000000000000000074
:106A20006420D1270000000054600408739B020812
:106A30000000000000000000000000006420D127DA
:106A40000000000054600408F99C0208E59C02085C
:106A500000000000000000006420D1278002000038
:106A600054600408959B0208519B02080000000036
:106A700000000000C3000401400600005460040848
:106A800037A9020821A902080000000029A802086D
:106A900000000000C0030000546004080000000073
:106AA00000000000000000000000000064206420DE
:106AB00040020000546004080000000000000000D4
:106AC00000000000000000000401D1278003000046
:106AD000642A050879AA02080000000000000000EE
:106AE000B5AB0208820000008107000040270508BE
:106AF00035AD0208000000000000000000000000AA
:106B000000000000000000005460040831AE0208DC
:106B1000CDAD02080000000071B0020864206420BE
:106B20000003000054600408B1B202080000000035
:106B300000000000000000000000000080020000D3
:106B400054600408B1B10208000000000000000019
:106B50000000000000000000800200006C765F660C
:106B60006F6E745F6765745F676C7970685F776973
:106B7000647468006C765F666F6E745F6765745FDF
:106B8000676C7970685F6473630000006C765F66A1
:106B90006F6E745F6765745F676C7970685F626958
:106BA000746D6170000000006C765F666F6E745FDC
:106BB0006765745F6269746D61705F666D745F7440
:106BC00078740000D1B602087DB6020810000300F8
:106BD00000FF0100E06B040800000000000000005E
:106BE0008C7E04089C790408F8780408F86B040883
:106BF0001000022860EF0020086C04085878040890
:106C0000B87704083D3100000001000000000000DA
:106C1000000100000200000000020000000000006F
:106C20000000000000000000000001000000000063
:106C3000000000000000000000010A0006FB000048
:106C40000000F4F3020B0504F7020B010902070030
:106C5000000000000000000000000D02FE00000027
:106C60000000000000000000000400F90000000027
:106C700000FC04040000FE00FE0200FE00FEFFFC1B
:106C800000000000FE0000FDFD0000FE00FC000012
:106C900000000000000000FEFE00FD00FA00E5001C
:106CA00000FC0004070000FC02020704FC040000D2
:106CB000F30000000000000000000000F8000000E9
:106CC0000000000000000000000000FAFDF500F7E1
:106CD000FE00000000000900F9FEFF0100FC0000BA
:106CE000FEEF0000000000000000000000EEFE09C2
:106CF000000000000000000000000000F70000009D
:106D0000000000000000000700020000FC0000007E
:106D10000000000000000000000000000000090268
:106D20000100000000000000000000000000000062
:106D30000000000000000000000000000000000053
:106D40000000000000000000F8000000000000004B
:106D50000000000000000000000000000000000231
:106D6000040207FE000004FEF9E102060400FD0033
:106D7000080007000700EB00FD070007FE04020003
:106D80000001FE0000FC12001200070009030407C6
:106D9000000000F80000000001FE0002FCFDFC0203
:106DA00000FE000000F700000000000000000000EE
:106DB00000F10000000000000000000000000000E2
:106DC0000001F400F200000000FE0016FDFD0202CA
:106DD000FE00FD020000F4000000000000000000C2
:106DE0000000EA00020000000000000000000000B7
:106DF00000F2000D0000F8000700F1EAF1FC0700C6
:106E000000F10003FB00FD00000000000000000096
:106E10000000000607E50000000000000000000080
:106E200000000B000200000000000202FDFC00FF59
:106E3000FFFE0000FE000000FC00FE00FBFC00FA6C
:106E4000F9F9FC00FC00FC00000000FE000002005C
:106E500002FE000100000002FE000000FE0202FF30
:106E6000000000FC00FF0000000000010003FE0025
:106E7000FD00FC0000FE00070000FE000000000016
:106E8000FF01FEFE0000FE00FE000000000000000A
:106E90000000FFFF00FEFD0000000000010000FEFA
:106EA00000FEFEFE000000000000000000FF0000E9
:106EB0000000FEFD00FD00F9FEF9040000FC0204E4
:106EC0000600FAFFFD00FFF502FE02F402000001D9
:106ED000F400F4FEEDFE00F50004060003000000DF
:106EE000000000FCFD00F9000000FE000000FE00B4
:106EF00000000000FFFF00FFFD0000000000000098
:106F0000FEFE00FEFDFE0000FE000000000000008E
:106F100000000000FEFE00FD00FE00FC020000FD7F
:106F2000010202000000000000FE0000000000025C
:106F30000000FE00FEFEFD00000000000000020058
:106F4000FE00000000FEFD00FC0007FE01F900004D
:106F500006F5F4F7FC0200FEF1FC00FC00FC03FC6B
:106F6000F200FA000001FF02FE000200F9F700F54E
:106F7000FBFBFBF9FDFA00FCFA01000100FE00003A
:106F8000000200020000000000000000000000FEFF
:106F900000FF00FFFE00FCFBFBFF00F9000000000B
:106FA0000000FE0000000001FF00000002000000E1
:106FB00000000000000B00000000000002000000C4
:106FC000FE0000000000000000000000FC000200C5
:106FD000000000000000000000000000FE000000B3
:106FE000FC00000000F5F9000000FDF50000FE02C5
:106FF00000FA00000000000000000000FC0000FC9F
:107000000000000000000000000000000200FC0082
:10701000000000030002FCFC00FEFEFD000000007A
:107020000000F900FE00FDFE00FBFAF9FE00FC0086
:10703000F900000000120000010000FD000200F64F
:107040000000000000EBFC0707FEF70002FD00F562
:10705000FFFD02F0FE030003F8FDF8F9F70000F36E
:10706000000D0000FF000000FFFFFEFAF900EB003A
:10707000000000000000000001000000000000000F
:10708000000000000000000000FE00FFFEFD000008
:10709000FC00FE00000000000000000000000000F6
:1070A0000000FF00FC000004FF0300FB02FEFFFAEB
:1070B000FE00FDFEFE00FDFC0000FEFFFEFCFD00EC
:1070C00000FE0002FE00FB000000FC00FC00FCFCD7
:1070D000020000000000000000FC0200FD00FEFDB8
:1070E000F9FEFEFEFFFEFDFF0000000000FEFEFEBA
:1070F0000000000003FE00FE000000FEFDFEFEFD9D
:10710000FE000209FF00FA00FE0400FEF7FD030086
:1071100000F5FC02FC0200FEFEF900FD010000FC8F
:107120000000000202FCFC00FCFEFDFEFE00FC0173
:10713000FCFC07000000000000000000020000004E
:10714000000000000000000000000000000000003F
:1071500000000000FC000000000000000000000033
:10716000000000000000000000000000000000001F
:10717000000000000000000000000000000000000F
:10718000FE00000000000000000000000000000001
:107190000000000000000000000000000000FEFEF3
:1071A000000000000000000000000000FD0000FDE5
:1071B0000000FEFE00000000FE00000000FF0000D6
:1071C000000000FE00000000FD00FC000000F900CF
:1071D00002FB0400FEF50000FBFE00F7FAFA0000D7
:1071E000F6FEF7F7F500FA00020FFD00FBFEFFFECA
:1071F000FCFAFCF8F7FBFE0000FE00010000F0FEC8
:107200000705FBF80001F900F5FEFE04EBFD0100A7
:1072100000F1FDF4FEF00000F0000D0100FE0000A2
:107220000000FFFEF7FE00F100000000F900FE0084
:10723000FFFAF50000FFFDF9FE00FE00000000F679
:10724000FEF9F9FEFCFAFEFC00FCFEF9FD00FDFC77
:10725000FEFC000100FEF9000400FC000000000339
:107260000002FC0900FEFEFD000000000000F90025
:10727000FE00FDFE00FBFAF9FE00FC020900000022
:1072800000120000010000FD0002000000000000EC
:107290000000000000000000FEFC0000000000FFF5
:1072A000000000FEFE0000FCFE0000FC0004FF00E9
:1072B00000000000000100000000030402FE00F9CD
:1072C000FC0007F9F9FCFC090402EDFE04FE00FED7
:1072D00002FEF800FE02FDFEF9FE0000070400FABF
:1072E00000F4FD06FDF701FDF9F9FE090200FD00BD
:1072F000FA000207FBF8F7FA070001F0FE02FCFEB5
:10730000FB00FBF8FDFDFE0000FBFBFE000705FE99
:10731000F400F4FD00F8F3FFF9FCF9FA060000FDB3
:1073200000FCFE00FEFC0004F9020000F400FEFB7D
:10733000FCFEF9FAF9FB00F9FEFBFCF9FE00000186
:107340000BFC00F9FE00FEFCFBFAFAF7FDFC040062
:10735000FD00F5FD0104F9F8FCF907FE01EBFC0462
:10736000FBFCF800F9F7FDFEFEFEFBF9FF0000074D
:1073700006FEF100F3FB05F7F1FCF8F7F5F9040060
:10738000000000FD000002FD0402FC040000F9FF03
:1073900000FF000101FE000000000000FE000000F0
:1073A0000002070000FD00000000FEFEFD000000DE
:1073B0000102000000000200FE000900040101FDBE
:1073C00000040000000200000000000000000000B7
:1073D00000070006000000000000000000000000A0
:1073E0000000F300FE04000700001603FCFC02028C
:1073F000FE01F500000BF30000000000000000009B
:107400000000F1091F000000000000000000000063
:1074100000F3000000000000000000000000000079
:10742000000000000000000000000000FC0000FC64
:10743000FE0000000000000000000000000000004E
:1074400000000000FE00FA0000010000021DFCFE2A
:107450000706FA0200000202FD0000000000000022
:1074600000000000E3060000000000000000000033
:1074700000000000000000FA000000FA0000000018
:10748000FBFF000000FB00FD00F500000000000015
:107490000000000000F100000000010000000000FA
:1074A00000FE0000FC00FD00FA000000FC02FD00F0
:1074B00000FAFEFB0000FA00FE00F500FE0000EE00
:1074C000FCF7FEF80000F100FAFF000000000000E9
:1074D0000000FDFCFEFC00000000FB00FB03FE04BE
:1074E00000FEFBFEFCFC00FDFFFE02FAFF000000B8
:1074F000ECFEFD00FB00FEF5FE0000FEFE000000BD
:10750000000200FEFCFE040000000000000000007D
:10751000000000000000000000000000000000006B
:10752000000000000000000000000000000000005B
:10753000000003000000000000FB00FE000000FC53
:1075400002000000FAFEFC0000FA00FE00F5000058
:107550000000EA00FCF8F50000F100FEFD0000006C
:107560000000000000FEFDFFFD01000004FD00071B
:107570000BFEFEF9030B0405FA03090306050600DA
:10758000000000000000000000000E0BFCFE00FEEA
:10759000120A12000000020000080000FC000000B7
:1075A000000000000000FE000000000000000003DA
:1075B00000000000EDFDFEF7F50000F10000000006
:1075C00000000000000000000000000000FC0000BF
:1075D00000000000000000FE0000000000000000AD
:1075E0000300000000EDFDFEF7F50000F7000000CD
:1075F000000000000000000000000000000000008B
:10760000FE000000FB0200FE020402F90000FE0280
:10761000000200000000FA00FEFEFC00FEF7000E73
:10762000FE00FBFE00FEFC00FEFAFCFD000000FC7C
:10763000000000000000000000FE0000000000004C
:1076400000000300000000EDFDFEF7F50000F10072
:1076500000000000000B000000000000000000001F
:10766000FC00F9FDFE07FEFEF701FF01FEFA000532
:1076700000020102FBF7FD00F7FCFAF7F700FCFC43
:10768000FDFDFEFEFDFE00FEFF030003FE00070001
:107690000000000000000000000000FEFEFE0000F0
:1076A000FA00FF00FC0000000000000000000000E5
:1076B000F30000000000000000000000FEFE00FDDE
:1076C00000000000FE0000FCFE0200FCFCFE00FAD0
:1076D000FEFBFEFD00FC00000000000000000000BA
:1076E00000F100070000FC00000000FD00FE0000AB
:1076F000FF0000FE00FB000009FDF9F90202020094
:10770000FA020302070207FEFA0000F70000F9FA86
:107710000000FC00FDFC00FD00FD00FE0300FEF982
:10772000FE080000FE00FC000003FB0002FE020059
:1077300000F900FEFF00FE02FE000000F7FDFB0066
:10774000F90000F50008FE00FC000100FE00FEF953
:1077500000FE0200000000FE000002FD010000FD2E
:10776000FE00FD000000000000000000000000001E
:1077700000000000F200050000FE00000000000014
:10778000FEFE0000000400050000000000F2F3010E
:107790000A0704F7020900080004000000000000C6
:1077A00000000000000C00000000000000000000CD
:1077B00000000000000000000000010200030405BA
:1077C00002060708090A090A0B0C0D0E0F10110C0E
:1077D0001213141515000000161718191719191986
:1077E0001719191A1919191917191719031B1C1D1B
:1077F0001D1E1F20212223002400252627272700C5
:107800002726282926262A2A272A272A2B2C2D2EE6
:107810002E2F2E3000002309310900000000000047
:107820000000000000000000000000000000000058
:107830000000000000000000000000000000000048
:107840000000000000000000000000000000000038
:107850000000000000000000000001020003040519
:1078600002060708090A090A0B0C000D0E0F101179
:1078700012130C14140000001516171819161A1BF1
:107880001C1D1D1E1F201D1D1621222303241E2525
:1078900025262728292A2B002C002D2E2F30313287
:1078A000332D343435302D2D2E2E36373839333AAA
:1078B0003A3B3A3C290000093D0900000000000065
:1078C00000000000000000000000000000000000B8
:1078D00000000000000000000000000000000000A8
:1078E0000000000000000000000000000000000098
:1078F0000000000000000000200000005F00010008
:10790000000000000000000000000200B0000000C5
:10791000F3F7600020790408000000003E00030037
:107920000000721F51EF58EF5BEF5CEF5DEF61EF0E
:1079300063EF65EF69EF6CEF71EF76EF77EF78EF5C
:107940008EEF93EF98EF9BEF9CEF9DEFA1EFA2EFEF
:10795000A3EFA4EFB7EFB8EFBEEFC0EFC1EFC4EFF6
:10796000C7EFC8EFC9EFCBEFE3EFE5EF14F015F089
:1079700017F019F030F037F03AF043F06CF074F093
:10798000ABF03BF190F191F192F193F194F1D7F1D9
:10799000E3F13DF254F2AAF412F7F2F7000000000E
:1079A000000000000000C003000000000000C00351
:1079B000030A00000F008005050500051C00D00922
:1079C0000A0A00004E00B008090F00FE9200D00B1A
:1079D0000C0A0000CE00A0090A0B00FF0501F0020E
:1079E000030500050D01B004040E01FD2901C004CA
:1079F000040E00FD4501A0050606000557012008FC
:107A00000807000273013003030500FE7B016005D7
:107A10000503000383013003030300008801F00421
:107A2000070EFFFFB9015009090A0000E601300501
:107A3000040A0000FA011008080A000022020008E7
:107A4000080A00004A0260090A0A00007C021008C5
:107A5000080A0000A402A008090A0000D102600878
:107A6000080A0000F9020009090A00002603A0081C
:107A7000080A00004E033003030800005A033003D5
:107A8000030B00FD6B032008080800018B0320088E
:107A900008060002A303200808080001C303000829
:107AA000080A0000EB03800E0E0D00FD4604400A9C
:107AB0000C0AFF008204A00A090A0100AF04200A90
:107AC0000A0A0000E104900B0A0A0100130560098C
:107AD000080A01003B05E008080A01006305D00A16
:107AE0000A0A00009505600B090A0100C20550044E
:107AF000020A0100CC053007070AFF00EF05100A53
:107B00000A0A010021065008080A01004906600D12
:107B10000B0A01008006600B090A0100AD06C00BCC
:107B20000C0A0000E906200A090A01001607C00B2A
:107B30000C0D00FD6407300A090A01009107B00826
:107B4000090A0000BE073008090A0000EB07100B05
:107B5000090A01001808F0090B0AFF004F08C00FBE
:107B6000100A00009F0870090A0A0000D1081009D5
:107B70000B0AFF0008093009090A00003509B004A2
:107B8000040E01FD5109F004070EFFFF8209B00445
:107B9000040E00FD9E09300807060102B309000724
:107BA000070100FFB709600805020109BC09600868
:107BB00008080000DC099009080B0100080A000809
:107BC00008080000280A9009090B00005A0A9008CA
:107BD000080800007A0AF004060B00009B0AB009AE
:107BE000090B00FDCD0A9009080B0100F90AE0031A
:107BF000020B0100040B0004050EFEFD270BA0087C
:107C0000080B0100530BE003020B01005E0BD00ECA
:107C10000D080100920B900908080100B20BE00862
:107C200009080000D60B9009080B01FD020C900911
:107C3000090B00FD340CC00505080100480C0007C5
:107C400007080000640CD005060A0000820C8009B9
:107C500008080100A20CD0070908FF00C60C900C10
:107C60000D080000FA0CC007080800001A0DD00724
:107C7000090BFFFD4C0D500707080000680DF004CC
:107C8000050E00FD8B0D3004020E01FD990DF00470
:107C9000050E00FDBC0D200808030003C80DE0051B
:107CA00006050006D70D600404030003DD0D000E79
:107CB0000F0FFFFE4E0E000E0E0B00009B0E000E6F
:107CC0000E0D00FFF60E000E0E0B0000430FA00974
:107CD0000A0B00007A0F000E0E0F00FEE30F000EDD
:107CE0000E0F00FE4C10C00F100D00FFB410000E60
:107CF0000E0F00FE1D11C00F100B00007511000EBD
:107D00000E0F00FEDE110007070C00FF0812800AAC
:107D10000B0C00FF4A12C00F100E00FEBA12000E2C
:107D20000E0B00000713A0090A0F00FE5213400CAF
:107D30000A0E01FE9813400C0D0F00FEFA13400CC2
:107D40000D0D00FF4F14400C0D0D00FFA414400C4E
:107D50000A0E01FEEA14400C0E0DFFFF4515C00887
:107D6000090D00FF8015C008090D00FFBB15400C70
:107D70000D0D00FF1016400C0D0400032A16C00F55
:107D8000100B000082168011120F00FE0917C00FA1
:107D9000110FFFFE8917000E0E0D00FFE417400CB7
:107DA0000D0800011818400C0D0800014C18801136
:107DB000120B0000AF18000E0E0B0000FC18000E96
:107DC0000E0F00FE6519000E0F0FFFFED619400CB6
:107DD0000D0D00FF2B1A400C0D0F00FE8D1A400CEC
:107DE0000D0D00FFE21A400C0D0C00FF301B000EC1
:107DF0000E0B00007D1BC0080A0FFFFEC81B400CC5
:107E00000D0F00FE2A1C400C0D0F00FE8C1CC00F35
:107E1000100B0000E41C000E100FFFFE5C1D800A1A
:107E20000B0F00FEAF1D8011120D00FF241E8011EC
:107E3000120A00007E1E8011120A0000D81E801156
:107E4000120A0000321F8011120A00008C1F8011DC
:107E5000120A0000E61F8011120C00FF5220400C95
:107E60000C0F00FEAC20400C0D0F00FE0E21000E8A
:107E70000F0FFFFE7F218011120B0000E221800A0C
:107E80000B0F00FE3522100E0F0A00000EA0D90DB8
:107E900090C80C80B70A60110B80D91F0991F08837
:107EA0001F0880F088000000000D203C00000F003B
:107EB00069002FFFFFFFF7015C11A610006900C3E6
:107EC00000008800D2009FFFFFFFF012C523E220D0
:107ED00000D203C00000F004B000000070000000F9
:107EE0000E00000000E0000019EFEA300CD6E6A713
:107EF00002F40E00001F80E000006FEF500000163B
:107F0000FFE500000E0AF00100E05F13F85E6EB0BE
:107F100005CFFE9100000E0000000070000008DD9B
:107F20003000A7004B02D004C0007700D01D200015
:107F30004B03D0A7000007DC34C4CC3000001D2D5B
:107F400022D00000A63B00B30005C03A00A3001DEC
:107F5000200D00D000A60004CC40004DFC300000F5
:107F6000F718C00001F205D00000BB6E4000005FB2
:107F7000F3000007E6DB03802F301DBAA05F00018D
:107F8000DF401FB448FEC003BFFC40B20000000049
:107F9000001F01F01F00F0000003F10B900F404F95
:107FA000007D009B00AA00AA009B007D004F000FEF
:107FB000400B9003F15E000E6008C004F001F30076
:107FC000F500E600E600F501F304F008C00E605E7F
:107FD0000000930088A6C209FE404DDDB1429350D7
:107FE000005200000450000008A0000008A0001F7C
:107FF000FFFFF30339B3300008A0000008A0000120
:1080000003F61E60E12C00000003FFF903331000AB
:1080100003F52E4000000E400004E000009A00002E
:108020000E400004F000009A00000E400003F00033
:10803000009A00000E500003F000009A00000E505D
:108040000003F00000004CFE70004FB68F900DB0A2
:10805000005F32F40000E74F20000CA4F20000CAD9
:108060002F40000E70DB0005F204FB68F90004CF1E
:10807000E700EFFB44CB00AB00AB00AB00AB00ABC9
:1080800000AB00AB00AB07DFEA108E857EC00100BD
:1080900006F1000006F000000D900000CC00001C6E
:1080A000C00001DB00001DE544427FFFFFF97FFFB8
:1080B000FFF024445F900000BC000009E100003F95
:1080C000D81000046DD0000002F4100002F4BD7559
:1080D0007DD019DFEA1000000DA0000000AC000008
:1080E0000007E10000004F40100002F600F5001DFF
:1080F000A000F5007FFFFFFFF3133333F7300000DC
:1081000000F500000000F50009FFFFF00AB444404C
:108110000C8000000E7000000FFFFC4003345CF286
:10812000000000F7100000F78E856CF108DFFB30CF
:10813000002AEFD5003FD657400CC0000002F400E3
:1081400000004F5BFFA104FE845DD03F80003F3004
:10815000E80003F206F845DC0005DFE9109FFFFFA9
:10816000FD9D4444E99C0004F200000BB000002F88
:10817000400000AD000001F6000008E000000E80A5
:1081800000006F1000019EFE9100BE636EC00F6084
:10819000006F00CC202BC002EFFFE200DC424CD08D
:1081A0005F20001F55F20002F50ED535DE001AEFF4
:1081B000EA1003BFEA202FA44BE18E0000E99D00E6
:1081C00000DD4F7129FF07FFFC9E000210AC00008C
:1081D00002F607658FB00AEFD7002E53F5000000B6
:1081E0000000003F52E42E53F50000000000002E76
:1081F00052F60D21D001000000003100006CF201A8
:108200008ED6000FC300000AFB40000017EE70007E
:108210000005C3000000001FFFFFF30333333000ED
:10822000000000000000001FFFFFF30333333004A1
:108230000000000ED71000005CF92000002AF200B8
:1082400003AFB106DE82001C6000000000000007E2
:10825000DFEA109E746EC0010006F0000009C00045
:10826000008E200006F200000870000000000000F0
:108270000B8000000C900000006CEFDA4000003D25
:10828000A41016D90001E509EE98CA900A80BD43F2
:10829000AFC0D30F13F2000CC0693C06D00007C07A
:1082A0003B4B06D00007C02C3C03F2000CC04A0F29
:1082B00010BD439EE3C50A8009EE91CF9001E50011
:1082C00000000000003DA41028000000007CEFD951
:1082D000100000000CF1000000003FD7000000007B
:1082E000B96E00000002F20E50000009A007D00095
:1082F000001F3000F400007FFFFFFB0000E7333376
:108300004F2005F000000C900C90000006F18FFF4C
:10831000FEC408E3334BF28E00001F58E00018F152
:108320008FFFFFF808E33337F68E000009C8E0003E
:10833000009D8E33347F78FFFFFD700007CFFB4038
:1083400000CF966AF50AE20000301F600000004F7F
:10835000200000004F200000001F600000000AE223
:1083600000003001CF966AF50007DFFB408FFFFE6B
:10837000A4008E4446CF708E000007F38E000000EC
:10838000DA8E0000009D8E0000009D8E000000DA55
:108390008E000007F38E4446BF708FFFFEA4008F4F
:1083A000FFFFF68E4444418E0000008E0000008FD7
:1083B000FFFFC08E3333208E0000008E0000008E41
:1083C0004444428FFFFFF98FFFFFF68E4444418EF5
:1083D0000000008E0000008E0000008FFFFFC08EA6
:1083E0003333208E0000008E0000008E000000005D
:1083F00007CFFC5000CF966AF60AE20000201F600B
:108400000000004F200000004F200000B91F600056
:1084100000B90AE30000B900CF966AF80007DFFC54
:10842000608E000008E8E000008E8E000008E8E0A2
:1084300000008E8FFFFFFFE8E333339E8E000008BD
:10844000E8E000008E8E000008E8E000008E8E8ECE
:108450008E8E8E8E8E8E8E8E02FFFFC00444BC00E8
:108460000009C000009C000009C000009C00000939
:10847000C02000BA0EB58F603CFE808E00004F50C9
:108480008E0004F6008E003F70008E03F800008E10
:108490002EC000008EECF600008FB07F30008E0002
:1084A0000AE1008E0000CC008E00001EA08E0000AD
:1084B000008E0000008E0000008E0000008E000084
:1084C000008E0000008E0000008E0000008E4444EC
:1084D000408FFFFFF28E00000008E8F7000002FE68
:1084E0008FF10000BFE8DCA0004F9E8D2F300D877C
:1084F000E8D09C06E07E8D01E7E507E8D006FC00A9
:108500007E8D000A2007E8D00000007E8E10000853
:10851000E8FC00008E8FF90008E8E6F6008E8E0970
:10852000F308E8E00CE18E8E001EB8E8E0003FEEB4
:108530008E00006FE8E00000AE0007CFEB500000B7
:10854000CF966BF9000AE200005F601F6000000A2E
:10855000D04F20000006F04F20000006F01F600002
:10856000000AD00AE200005F6000CF966BFA0000BC
:1085700007DFEB50008FFFFD7008E4458FB08E00E1
:10858000005F38E00001F58E00003F48E0014DD06B
:108590008FFFFFB208E33310008E00000008E000F8
:1085A00000000007CFEB500000CF966BF9000AE205
:1085B00000005F601F6000000AD04F20000006F03E
:1085C0004F20000005F01F6000000AD00AE2000002
:1085D0005F6001DF855AFA000008DFFC50000000F0
:1085E00001EC21940000001BFFC1000000001200FC
:1085F0008FFFFD7008E4458FB08E00005F38E0000B
:1086000001F58E00003F38E0014DD08FFFFFC2081A
:10861000E333DA008E0002F608E00005F3019EFD68
:10862000A200CE646B702F40000001F8000000062D
:10863000FD950000016AEE500000009F002000053B
:10864000F13FA547EB004BEFE910FFFFFFFF24448C
:10865000BD44400009C00000009C00000009C000AB
:1086600000009C00000009C00000009C0000000900
:10867000C00000009C00009C00000BA9C00000BAD4
:108680009C00000BA9C00000BA9C00000BA9C00010
:1086900000BA8E00000D94F40003F50CF868FD009C
:1086A00009EFE9100CB000000AC05F200001F500DE
:1086B000E900008E0008F0000E70001F6005F10058
:1086C00000AD00C9000003F43F3000000CBAC00048
:1086D00000005FF500000000EE00006F10000DB01C
:1086E0000002F21F60003FF10008D00BB0008BE6E3
:1086F000000D7006F000E69B002F2001F503F14FFE
:10870000108D0000CA09B00E60D800006F0E60091D
:10871000B2F300001F9F1004F9D000000CFB000012
:10872000EF80000007F600009F30003F50000DA0D2
:1087300008F2009D0000CC04F300002F9E700000A2
:1087400006FC00000009FE1000004F4DB00001E8DB
:1087500002F7000BD0007F207F20000BD00CB00070
:10876000009C002F50002F30009E000C900000E86D
:1087700005F1000005F3E60000000CFD000000001C
:108780003F4000000002F3000000002F3000000016
:1087900002F300004FFFFFFF9144444AF30000033F
:1087A000F6000001EA000000CC0000009E1000006E
:1087B0006F4000003F7000001ED4444436FFFFFFAE
:1087C000FC8FF68D318D008D008D008D008D008D1C
:1087D000008D008D008D008D008D318FF65D0000C5
:1087E00000F200000B8000006D000001F200000BA1
:1087F0008000006D000001F200000B7000006D00B1
:108800000001F200000B7000006D000001F2BFF3E8
:1088100025F302F302F302F302F302F302F302F38D
:1088200002F302F302F325F3BFF300AD00001EC410
:10883000000885A000E20E105B00970B5002E0EEEE
:10884000EEEEE00BC00009B004CFEA100B745DB08F
:10885000000004F004CEEEF21F8214F24F1004F276
:108860001F703DF204DFD7F2BA000000BA0000002A
:10887000BA000000BA8EFC30BFD54BF3BE1000CA60
:10888000BA00007EBA00007EBE1000CABFD55BF3FE
:10889000B98EFC30007DFD6009F748F42F500020B0
:1088A0005F0000005F0000002F50002009F748F42F
:1088B000007DFD600000001F40000001F40000008A
:1088C0001F4008EFC4F40AF748FF42F50007F45FC1
:1088D00000002F45F00001F42F50006F40AE637E82
:1088E000F4008EFC4F40008EFC400AD538F42F2057
:1088F000008C5FEEEEFF5F2111112F70001009F860
:1089000046E4007DFE80009EE305F44108C000CFF0
:10891000FFF029D32008D00008D00008D00008D0EC
:108920000008D00008D000007EFC4E60AF747FF6D7
:108930002F50005F65F00000F65F00000F62F60048
:1089400006F609F747FF5007EFC4F50000003F2087
:10895000CB646EB003AEFD8000BA000000BA000028
:1089600000BA000000BA8EFB20BFC56DD0BE000368
:10897000F2BA0000F4BA0000F5BA0000F5BA00003F
:10898000F5BA0000F5BAA800BABABABABABABABA11
:10899000000AB0009900000000AB000AB000AB0074
:1089A0000AB000AB000AB000AB000AB000AA064E45
:1089B00071DFA0BA000000BA000000BA000000BADF
:1089C000001CC0BA01CC00BA1CD100BBCF6000BFF4
:1089D000DBE100BD11DC00BA003F70BA0007F3BA5A
:1089E000BABABABABABABABABABAB99EFA15DFD42A
:1089F0000BFB45EDE64AF2BE0006F6000E7BA0003A
:108A00004F2000C9BA0003F1000C9BA0003F1000EA
:108A1000C9BA0003F1000C9BA0003F1000C9B99E29
:108A2000FB20BFB45DD0BE0003F2BA0000F4BA0070
:108A300000F5BA0000F5BA0000F5BA0000F5007DB7
:108A4000FD60009F748F702F50007F05F00001F3D0
:108A50005F00002F32F50007F009F748F70007DF45
:108A6000D600B98EFC30BFC43AF3BE1000CABA00BB
:108A7000007EBA00007EBE1000CABFD55BF3BA7E8E
:108A8000FC30BA000000BA000000BA000000008EFE
:108A9000FC3F40AF748EF42F50007F45F00001F48E
:108AA0005F00002F42F50007F40AF748FF4008EF87
:108AB000C4F40000001F40000001F40000001F404B
:108AC000B98E4BFD71BE100BB000BA000BA000BAFE
:108AD000000BA00005DFEA13F735A06F000001EEE0
:108AE0009610016AEF300000D96C646F62AEFD70C1
:108AF00008D00008D000CFFFF029D32008D000080C
:108B0000D00008D00008D00005F551009FE3C80050
:108B100002F3C80002F3C80002F3C80002F3C90060
:108B200003F3AB0007F35F837EF306DFC5F30D901D
:108B3000000AA06E0001F300F5007D0009C00E6080
:108B4000003F24F00000C8B9000006FF3000000F0D
:108B5000C000C80006F1000D56D000CF6003F01F22
:108B6000302F9C009A00B807B2F10E4005E0D60CF9
:108B700074E0000F6F007C990000AFA001FF40007F
:108B800005F4000BE0004F3007E109D02F4000D979
:108B9000D900003FD000004FE10001E7BB000BB05F
:108BA0001E707E1005F30D90000AA06F0001F30007
:108BB000F6007D0009C00D60002F34F00000C9A947
:108BC000000005FF2000000EC0000000E50000943A
:108BD000AD00001BFC2000005FFFFFA13337F40055
:108BE00001E70000CB00008E10004F40001EA333B1
:108BF00026FFFFFC006EA00F9201F4001F4001F45D
:108C0000003F303FC0006F3001F4001F4001F4000E
:108C10001F4000FA2005EA8B8B8B8B8B8B8B8B8B09
:108C20008B8B8B8B8BBE5002AE0005F0005F000576
:108C3000F0004F1000DF104F5005F0005F0005F00E
:108C4000005F002AE00BE40007EC40B41E25DFC003
:108C50000100000004CC302B01C05700932B01C051
:108C600005CC3006A10FF60BE2000000000000006A
:108C70000000000000027BFB000000049DFFFFD00D
:108C80000003AFFFFFFFFD0000AFFFFFFFDFD000DD
:108C90000AFFFFB610ED0000AF9400000ED0000AEE
:108CA000F1000000ED0000AF1000000ED0000AF14E
:108CB000000045FD0000AF1001EFFFD0179DF1004F
:108CC0005FFFFC0EFFFF1000AFFD31FFFFE0000073
:108CD000010003BDA30000000000501888888884AC
:108CE00005FABFDDDDDDFDAFE47F100000CA4EE018
:108CF0004F100000C80EFEEF100000CFEFE03FEE77
:108D0000EEEEF80EF68F766666EB6FF8AF100000A9
:108D1000CC8FE03F100000C80EFCDF655555EECF4C
:108D2000C25FFFFFFFF92C57750577777775FFFF57
:108D30001FFFFFFFFFFFFF2FFFFFFFFFEFFF0EFFF4
:108D4000FFFFFE01100011111110EFFE0EFFFFFFDB
:108D5000FEFFFF2FFFFFFFFFFFFF1FFFFFFFFF686B
:108D600087078888888668870788888886FFFF1F26
:108D7000FFFFFFFFFFFF2FFFFFFFFFDFFD0DFFFFE7
:108D8000FFFD0000000000015000000000001DF881
:108D90000000000001DFFD000000001DFFE22D606B
:108DA0000001DFFE20DFF7001DFFE2008FFF71DF13
:108DB000FE200008FFFEFFE20000008FFFFE200003
:108DC000000008FFE200000000007D20000000001D
:108DD000000000007F60000BE2EFF600BFF84FFFDD
:108DE0006BFFD104FFFFFD10005FFFE10000BFFF3C
:108DF000F6000BFFDFFF60BFFD14FFF5CFD1004F82
:108E0000F6171000036000000011000000000000D1
:108E1000FF000000006F21FF12F70006FF61FF1640
:108E2000FF601FF901FF109FF16FE001FF100EF6C8
:108E3000AF8001FF1008FACF6001FF1006FCAF8081
:108E400000AA0008FB7FD00000000DF71FF800000B
:108E5000008FF107FF91002AFF70009FFFEEFFF9DE
:108E6000000005CFFFFD500000000244200000007C
:108E700000000000000000000AFFA0000000000C3D
:108E8000FFC0000003D6DFFFFD6D300EFFFFFFFFC8
:108E9000FFE05FFFFFAAFFFFF51AFFF4004FFFA1FD
:108EA00003FFD0000DFF3004FFF0000FFF404FFF25
:108EB000FB22BFFFF42FFFFFFFFFFFF209FEFFFFC2
:108EC000FFEF9000505EFFE5050000000CFFC000C2
:108ED0000000000477400000000000031003410080
:108EE0000000009FF50DF50000001BFDFF8DF50053
:108EF0000002DFB12DFFF500004FF83EC2BFF500C4
:108F000007FF55FFFE39FE409FE38FFFFFF56FF629
:108F1000AC2AFFFFFFFF73E6005FFFFFFFFFF100DA
:108F2000006FFFD77FFFF200006FFF900DFFF20090
:108F3000006FFF900DFFF200004FFF700BFFE1008C
:108F40000000003300000000000BFFB00000000034
:108F50000CFFC0000000000CFFC0000000000CFF70
:108F6000C0000000000CFFC00000008FFFFFFFF8F2
:108F700000002EFFFFFFE2000002EFFFFE200000D6
:108F8000002DFFE20000799982DE289997FFFFFB10
:108F900022BFFFFFFFFFFFFFFFFFFFFFFFFFFFFA03
:108FA000B3CFACCCCCCCCCCCCA0006BBBBBBBA30AC
:108FB00000004FFFFFFFFFE10000EF30000006FB65
:108FC0000009F800000000CF504FD0000000002F33
:108FD000E1DF84420000344BF9FFFFFD0001FFFF99
:108FE000FBFFFFFF988BFFFFFCFFFFFFFFFFFFFF73
:108FF000FCFFFFFFFFFFFFFFFB9FFFFFFFFFFFFFE8
:10900000F60000000000003300018DFFC600EF00F5
:109010004EFFFFFFE4DF04FFB3004CFFFF0EF9003B
:1090200000008FFF6FC00001FFFFFF8E500001DEC8
:10903000EEED0000000000000022222200000021CE
:10904000FFFFFF100008F8FFFBBC10001EF4FFFC40
:10905000100001DFC0FEEFE8448EFE10FE1AFFFF95
:10906000FFC100FD0028BB94000000000270000258
:10907000EF0002EFFDFFFFFFFFFFFFFFFFFFFFFF1E
:10908000FFFFFFFFFFFF3447FFF00005FF00000573
:10909000C00000000000027000000002EF000000AD
:1090A00002EFF0000DFFFFFF0220FFFFFFF08E1F19
:1090B000FFFFFF00E7FFFFFFF03F5FFFFFFF0890AC
:1090C0003447FFF000000005FF0000000005C0006D
:1090D0000000000000000000000000077000000019
:1090E00002700005FA0000002EF000814F600002BF
:1090F000EFF001DD07F0DFFFFFF0321E80F6FFFF2B
:10910000FFF08E27E0B9FFFFFFF00E73F19BFFFF2A
:10911000FFF03F54F09AFFFFFFF0890AC0D83447B0
:10912000FFF0007F43F300005FF002F60CB0000098
:1091300005C00000BF10000000000009E3000000AF
:1091400000000002100037888888888873EFFFFFCE
:10915000FFFFFFFEFE32DFFFFFFFFFF9007FFFFD95
:10916000FFFFFD10CFFFA07FFFFFFFFFFA0007FF0B
:10917000FFF35FA00000CFFF3003000000CFFC0032
:1091800000000000CFFFCCCCCCCCCCFFAFFFFFFF6A
:10919000FFFFF900002000000001FA00000006FFB8
:1091A0001000000DFF7000006FFFF10001EFFFFAEB
:1091B000000BFFFFFF605FFFFFFFE0CFFFFFFFF649
:1091C000FEBFFFFFF9FD4FFFFFF9BF49FFFFF53F6E
:1091D000E52EFFD006FFFFFD200028BA6000043016
:1091E0000000311FE00006F91FE0007FFA1FE009D0
:1091F000FFFA1FE0AFFFFA1FEBFFFFFA1FFFFFFFB1
:10920000FA1FFFFFFFFA1FE6FFFFFA1FE05FFFFAFA
:109210001FE004FFFA1FE0003EFA0FD00002D70063
:10922000000000000200000000000CFB2000000015
:1092300000FFFF900000000FFFFFE6000000FFFFAF
:10924000FFFC30000FFFFFFFFF9100FFFFFFFFFF5C
:10925000E60FFFFFFFFFFFF2FFFFFFFFFFFD0FFF26
:10926000FFFFFFF800FFFFFFFFB2000FFFFFFD4011
:109270000000FFFFF70000000FFFA1000000006AE0
:109280004000000000001444200144420DFFFF1084
:10929000DFFFF1FFFFF30FFFFF3FFFFF40FFFFF492
:1092A000FFFFF40FFFFF4FFFFF40FFFFF4FFFFF44E
:1092B0000FFFFF4FFFFF40FFFFF4FFFFF40FFFFF23
:1092C0004FFFFF40FFFFF4FFFFF40FFFFF4FFFFFD3
:1092D00030FFFFF39FFFC009FFFC001444444444E7
:1092E000420DFFFFFFFFFFF1FFFFFFFFFFFF3FFF0B
:1092F000FFFFFFFFF4FFFFFFFFFFFF4FFFFFFFFF39
:10930000FFF4FFFFFFFFFFFF4FFFFFFFFFFFF4FF33
:10931000FFFFFFFFFF4FFFFFFFFFFFF4FFFFFFFF18
:10932000FFFF4FFFFFFFFFFFF39FFFFFFFFFFC006B
:1093300002100000420FE20003FB0FFE3004FB0F9F
:10934000FFF404FB0FFFFF54FB0FFFFFFAFB0FFFBF
:10935000FFFFFB0FFFFFFFFB0FFFFFD6FB0FFFFD24
:1093600014FB0FFFC104FB0FFB0004FB0CA0000368
:10937000FA000000000000000012000000000003DE
:10938000FF60000000002EFFF500000001EFFFFF6E
:109390004000001DFFFFFFF30000CFFFFFFFFE2096
:1093A0000AFFFFFFFFFFE00EFFFFFFFFFFF2039941
:1093B0009999999950058888888888700FFFFFFFD0
:1093C000FFFFF30FFFFFFFFFFFF40BFFFFFFFFFFA8
:1093D000D1000000000000003F9000003FFC0000B2
:1093E0003FFD10003FFD10003FFD10001FFD10006D
:1093F00000CFF4000000CFF4000000CFF400000024
:10940000CFF4000000CFE0000000A4000000000046
:1094100000CD1000001FFD1000003FFD1000003FB8
:10942000FD1000003FFD1000003FFD000008FF9010
:109430000008FF900008FF900008FF900002FF90D6
:10944000000007800000000000045000000000023F
:10945000FF60000000003FF70000000003FF700005
:109460000000003FF7000006999AFFC99980FFFFAE
:10947000FFFFFFFF3DFFFFFFFFFFF201113FF7116D
:1094800010000003FF70000000003FF70000000024
:1094900003FF70000000000CD30000006999999947
:1094A00099980FFFFFFFFFFFF3DFFFFFFFFFFF2094
:1094B00000000000000000000156640000000003EE
:1094C000BFFEEFF91000007FFA1003DFE40008FF91
:1094D000A009B41EFF504FFF200BFF26FFE1EFFF56
:1094E00009CFFF63FFFABFFF09FFFF54FFF61EFF1E
:1094F00051DFFB09FFB003EFE204305FFC10002CEA
:10950000FF956AFF9000000049DFFD920000000017
:1095100000000000000000CD20000000000000005E
:109520008FF50014664000000004EFACFFEFFF91E0
:109530000000001CFFA1004DFE300000009FF5ABB5
:1095400031EFF40007B105FFFFE17FFE100FFE30A1
:109550002DFFF54FFF900CFFE000AFF65FFF6002BC
:10956000FFF40006FFEFFB00004FFD10003EFFC0C0
:10957000000002DFE85401BFE300000005AEFF6019
:1095800007FF60000000000000004EF60000000031
:1095900000000001A1000000000000000000000029
:1095A000003ED00000000000000CFF800000000022
:1095B0000006FFFF200000000000EFFFFB0000009E
:1095C00000008FFCCFF4000000002FFB00FFD00054
:1095D00000000BFFC00FFF70000004FFFD01FFFF44
:1095E000100000DFFFE02FFFFA00007FFFFF9BFF6E
:1095F000FFF3001FFFFFB00EFFFFC00AFFFFFE24B6
:10960000FFFFFF60FFFFFFFFFFFFFFFA06CCCCCCA0
:10961000CCCCCCCB300000000000360000000000B5
:10962000007F80DDDB00008DEFF8FFFFB007FFFF5C
:10963000FD556FF46FF8AFE2000574FF907E2000D7
:10964000003FFA0000000002EFB2504A00012EFD78
:109650001DF48FB0FFFFD10BFFFFFBFFFE2000CFFB
:10966000FFFB12210000029FC000000000005B0011
:10967000000007A00000000008FFB000000008FF85
:10968000FFB0000008FF95FFB00008FF9005FFB095
:1096900007FF900005FFB09F90000005FD0040000F
:1096A000000003104C20000000B60BFE200000CF8D
:1096B000F02EFE2000CFF4002EFE20CFF400002E6E
:1096C000FECFF40000002EFFF4000000002EF40096
:1096D000000000001300000000083000000000003F
:1096E0000000BFF308BBBBBB90000BFFFF39FFFFBF
:1096F000FFF1008FCFCFF000000AF100382F9480E7
:1097000000000AF100002F900000000AF100002F75
:10971000900000030AF130002F9000001FCBF8F8F2
:10972000002FEBBBBB39FFFFE2001FFFFFFFB09F25
:10973000FD2000000000000008D1003788870000ED
:109740000000EFFFFFA0000000FFFFFFFDCCCCB644
:10975000FFFFFFFFFFFFFFFFFFFFFFFFFFFFFFFF19
:10976000FFFFFFFFFFFFFFFFFFFFFFFFFFFFFFFF09
:10977000FFFFFFFFFFFFFFFFFFFFFFFFFFFFFFFFF9
:10978000FFAFFFFFFFFFFFF9000000000000000037
:109790000001DD10000000001DFFD100000001DF0E
:1097A000FFFD1000001DFFFFFFD100009FFFFFFF26
:1097B000F90000011CFFC1100000000CFFC00000F8
:1097C00000000CFFC0000000000CFFC000007999F1
:1097D0003BFFB39997FFFFB2442BFFFFFFFFFEDD76
:1097E000EFFFFFFFFFFFFFFAB3CFACCCCCCCCCCC6C
:1097F000CA00000000000200000000000004FFC7D3
:109800000000000000AFFFF0000000001FFFFD009F
:1098100000000006FFFFC00000000008FFF7000086
:109820000000000CFF300000000004FFC00000003A
:109830000001EFF300004A3002DFF80005DFFE15FB
:10984000EFFB0000EFFFFFFFFA00000BFFFFFFF749
:109850000000007FFFFFA200000002BA85000000A8
:10986000000004860000001006FFFA0002DFD1EFBE
:109870003CF101DFFA0EE0AF21DFFA009FEFF6DFE7
:10988000FA00008DFFFFFB00000006FFFD00000056
:1098900048EFFFF600006FFFFBFFF6000EF3CF234B
:1098A000FFF600EE0AF204FFF609FEFC0004FFF1E9
:1098B00008DA100002620000000000000000006FE3
:1098C000FFF987000008FFFF98F708A68FFFF959F6
:1098D00090FFA8FFFFFCCC0FFA8FFFFFFFF1FFA85E
:1098E000FFFFFFFF1FFA8FFFFFFFF1FFA8FFFFFF42
:1098F000FF1FFA8FFFFFFFF1FFA8FFFFFFFF1FFA17
:109900007FFFFFFFF0FFE3122222210FFFFFFFF98D
:109910000000ACCCCCCB5000004999999995000E31
:10992000FFFFFFFFF600FD2222224FF60FC00000CE
:1099300001FFF3FC0000001FFF6FC0000002FFF6F4
:10994000FFFFFFFFFFFF6FFFFFDCFFFFF6FFFFB032
:1099500005FFFF6FFFF6000FFFF6FFFFC006FFFFDA
:109960006FFFFFEDFFFFF69FFFFFFFFFFD10CDDD57
:10997000DDDDDDDD2FFFFFFFFFFFF31222222222BC
:1099800022000000000000000000000000000FFFA7
:10999000FFFFFFFFF3DEEEEEEEEEEE200000000034
:1099A00000000000000000000DEEEEEEEEEEE2FF23
:1099B000FFFFFFFFFF3000000000000037888888AD
:1099C000888873EFFFFFFFFFFFFEEFFFFFFFFFFF42
:1099D000FE1CFFFFFFFFFFC1D28FFFFFFFF82DFF2F
:1099E00064EFFFFE45FFFFFA2BFFB2AFFFFFFFD38F
:1099F000553DFFFFFFFFFFBBFFFFFFFFFFFFFFFF27
:109A0000FFFFAFFFFFFFFFFFF9000000000001FFB5
:109A1000FFF00004FFFFD00006FFFF800008FFFFFB
:109A200030000AFFFFAAA60CFFFFFFF80EFFFFFFA2
:109A3000E10BDDDFFF6000004FFD0000007FF30061
:109A40000000BFA0000000FF10000003F8000000AD
:109A500003C000000000200000000455EFB55200D4
:109A600000FFFD1FFFB0000FFFFFFFFC0000FFFF26
:109A7000533320000FFF97FFFB5700FFF8AFFFC6DF
:109A8000F80FFF8AFFFC4AA1FFF8AFFFE3220FFFA8
:109A90008AFFFFFFF4FFF8AFFFFFFF4FFF8AFFFFD2
:109AA000FFF43552AFFFFFFF40000AFFFFFFF40055
:109AB000007FFFFFFE20000001100000000000AF4B
:109AC00000000000018FFA30000002EFFFFF50009D
:109AD00000BFFFFFFF10001FFFFFFFF50003FFFFA8
:109AE000FFFF70005FFFFFFFF90008FFFFFFFFC0EF
:109AF00000DFFFFFFFFF209FFFFFFFFFFD0EFFFFC7
:109B0000FFFFFFF2022222222221000008FFC000F4
:109B100000000009A20000005BBBBBBBBBBBBBA33A
:109B2000FFFFFFFFFFFFFFFBFC0C30E11D0D11FCF1
:109B3000FC0B30E01D0D10FCFFFEFFEFFEFEEFFC06
:109B4000FFF15A0870A05FFCFFF37B2992C27FFCF3
:109B5000FFBFCBBBBBBFCBFCFC0B2000000D00FC50
:109B6000FFCFCCCCCCCFCCFB9FFFFFFFFFFFFFF69E
:109B70000000000000000200000000000005DFB04F
:109B80000000000007EFFFD000000018FFFFFF708B
:109B9000000029FFFFFFFF00003BFFFFFFFFF80071
:109BA0000AFFFFFFFFFFF1000FFFFFFFFFFFA00015
:109BB000049AAAAFFFFF20000000000EFFFB000088
:109BC0000000000EFFF400000000000EFFC00000C7
:109BD0000000000EFF5000000000000DFD0000001E
:109BE00000000004B300000035555502000FFFFFD0
:109BF000F2F400FFFFFF2FF40FFFFFF2FFF3FFFF70
:109C0000FF32221FFFFFFFFFF7FFFFFFFFFF8FFF66
:109C1000FFFFFFF8FFFFFFFFFF8FFFFFFFFFF8FFD2
:109C2000FFFFFFFF8FFFFFFFFFF8FFFFFFFFFF8F2B
:109C3000FFFFFFFFF88AAAAAAAAA30000000245555
:109C4000310000000003AFFFFFFFC7000002BFFFAD
:109C5000FEDEFFFFF6005FFFB51000038EFFB0DFF2
:109C6000D300000000008FF5180005AEFEC81004F8
:109C7000600002DFFFFFFFF80000000CFF95347D5D
:109C8000FF40000002A20000007700000000000278
:109C900096000000000000000DFF500000000000D2
:109CA000000EFF6000000000000005DA0000000068
:109CB0005BBBBBBBBBBBBBBA20FFFFFFFFFFFFFF14
:109CC000FF90FC1222222222220FF7FC5FFFFFFFEF
:109CD000FFFF2CFAFC5FFFFFFFFFFF21FAFC5FFF95
:109CE000FFFFFFFF27FAFC2666666666661FFAFE20
:109CF000BBBBBBBBBBBBBFB1AFFFFFFFFFFFFFFFEA
:109D0000500000000000000000005BBBBBBBBBBB01
:109D1000BBBA20FFFFFFFFFFFFFFFF90FC122222D4
:109D20002221000FF7FC5FFFFFFFF8000CFAFC5F39
:109D3000FFFFFFF80001FAFC5FFFFFFFF80007FAE2
:109D4000FC2666666663000FFAFEBBBBBBBBBBBBF3
:109D5000BFB1AFFFFFFFFFFFFFFF5000000000009B
:109D6000000000005BBBBBBBBBBBBBBA20FFFFFF5F
:109D7000FFFFFFFFFF90FC1222221000000FF7FCF4
:109D80005FFFFFD000000CFAFC5FFFFFD000000176
:109D9000FAFC5FFFFFD0000007FAFC266666500061
:109DA000000FFAFEBBBBBBBBBBBBBFB1AFFFFFFF2E
:109DB000FFFFFFFF500000000000000000005BBB41
:109DC000BBBBBBBBBBBA20FFFFFFFFFFFFFFFF908A
:109DD000FC1222000000000FF7FC5FFF30000000C3
:109DE0000CFAFC5FFF3000000001FAFC5FFF30005E
:109DF000000007FAFC2666100000000FFAFEBBBB4D
:109E0000BBBBBBBBBFB1AFFFFFFFFFFFFFFF5000FE
:109E100000000000000000005BBBBBBBBBBBBBBACB
:109E200020FFFFFFFFFFFFFFFF90FC00000000008E
:109E3000000FF7FC0000000000000CFAFC0000001E
:109E400000000001FAFC00000000000007FAFC001E
:109E500000000000000FFAFEBBBBBBBBBBBBBFB129
:109E6000AFFFFFFFFFFFFFFF5000000000000000FA
:109E700000000000000007B20000000000000ADF40
:109E8000FA000000000000A93DF5000000044002B7
:109E9000E00010000000AFF80B600000006C30FF25
:109EA000FFFFFFFFFFFFFFF4AFF9000C5000006D54
:109EB0004005500004C00000100000000000C43E37
:109EC000E80000000000002EEFFA00000000000093
:109ED000004FFA0000000000000000000000000039
:109EE000011000000007EFFFB30000AFFD8FFF205F
:109EF00004FFFD09FFB00AFEFD12AFF00EF55D2C68
:109F00000EF30FFF33129FF50FFFF307FFF60FFF5E
:109F1000E206FFF60FFE24137FF50DF57D2C0DF301
:109F20000AFFFD11BFF003FFFE0BFFA0007FFEBF85
:109F3000FE100003ACDC8100000034430000056625
:109F40007FFFF96650FFFFFFFFFFFF35666666661D
:109F500066501CCCCCCCCCC402FFFFFFFFFF602FAF
:109F6000F3FB7F6DF602FF2FB7F5DF602FF2FB7F6B
:109F70005DF602FF2FB7F5DF602FF2FB7F5DF60283
:109F8000FF2FB7F5DF602FF3FB7F6DF601FFFFFFBB
:109F9000FFFF5007BCCCCCCC9000000000000001BB
:109FA00020000000000004FF500000000002FFFF3E
:109FB000500000000439FFFE00000004FF39FFA03C
:109FC000000004FFFF39B0000004FFFFFF20000085
:109FD00004FFFFFFB0000004FFFFFFB0000004FF1C
:109FE000FFFFB0000004FFFFFFB0000000BFFFFF55
:109FF000B00000000DFFFFB000000000FFFFB00048
:10A0000000000009A8600000000000000017888818
:10A01000888887400002EFFFFFFFFFFFF4003EFF4C
:10A02000FFCFFFCFFFF703EFFFF908F809FFF83E76
:10A03000FFFFFE20402EFFF8DFFFFFFFE101EFFFF3
:10A04000F89FFFFFFF80008FFFF809FFFFF902C2B2
:10A0500009FFF8009FFFFE4EFE4EFFF80009FFFFCC
:10A06000FFFFFFFFF700008FFFFFFFFFFFC10000B2
:10A070000000000003EFFFFFE203FBFBCEBFA4FFE5
:10A080001D03A1FAFFF1D03A1FAFFFFFFFFFFAFF58
:10A09000FFFFFFFFAFFFFFFFFFFAFFFFFFFFFFAF75
:10A0A000FFFFFFFFFAFFFFFFFFFFAFFFFFFFFFFA1A
:10A0B000FFFFFFFFFFADFFFFFFFFF829AAAAAAA835
:10A0C000000000000000000300000000000004F198
:10A0D000000820000001FF100BF70000002FF10C1A
:10A0E000FF94444445FF1BFFFFFFFFFFFFF18FFF7D
:10A0F000FFFFFFFFFD007FF70000000000006F6022
:10A10000000000000000300000000000D1B602088E
:10A110007DB602081D00050000FE010028A104080C
:10A120000000000000000000D4B30408E4AE0408FE
:10A1300040AE040840A104081000022868EF002087
:10A1400050A10408A0AD040800AD04083D31000092
:10A1500000010000000000000001000004000000F9
:10A1600000030000000000000000000000000000EC
:10A1700000000100000000000000000000000000DE
:10A18000000113000BF700000000E9E703140907C2
:10A19000EF03140111040D00000000000000000096
:10A1A00000001903FD000000000000000000000096
:10A1B000000800F40000000000F807080000FC00A0
:10A1C000FD0400FC00FCFEF800000000FC0000FBA9
:10A1D000FA0000FC00F8000000000000000000FC95
:10A1E000FC00FA00F500CE0000F800080C0000F8B2
:10A1F00004040E08F9080000E80000000000000058
:10A2000000000000F100000000000000000000005D
:10A21000000000F5FBEC00EFFD0000000001100065
:10A22000F4FDFF0100F90000FDE100000000000066
:10A230000000000000DFFD10000000000000000032
:10A2400000000000EF000000000000000000000E11
:10A2500000040000F8000000000000000000000002
:10A2600000000000000010030100000000000000DA
:10A2700000000000000000000000000000000000DE
:10A2800000000000000000000000000000000000CE
:10A29000F1000000000000000000000000000000CD
:10A2A000000000000000000308040CFC000008FC93
:10A2B000F2C7030B0801FB000F000D000D00D900D1
:10A2C000FB0C000EFC0804000001FC0000F921005A
:10A2D00021000C001105070C000000F10000000037
:10A2E00001FD0003F9FBF80300FC000000EF000093
:10A2F000000000000000000000E500000000000079
:10A3000000000000000000000001E900E60000007D
:10A3100000FD0029FBFB0404FC00FB040000EA0034
:10A3200000000000000000000000D8000400000051
:10A33000000000000000000000E600190000F1002D
:10A340000E00E4D8E4F80C0000E40005F600FA0082
:10A3500000000000000000000000000B0CCD000019
:10A3600000000000000000000000140003000000D6
:10A3700000000303FBF800FFFFFC0000FD000000ED
:10A38000F800FD00F6F800F6F2F2F800F800F80028
:10A39000000000FD0000040003FC000100000004B8
:10A3A000FD000000FD0404FF000000F800FF0000B5
:10A3B000000000010005FD00FB00F90000FD000C9D
:10A3C0000000FC0000000000FF01FDFD0000FC009B
:10A3D000FC000000000000000000FEFE00FCFB008E
:10A3E00000000000010000FD00FCFCFC000000007B
:10A3F0000000000000FE00000000FDFB00FA00F479
:10A40000FDF4080000F804080B00F6FFFB00FFEC69
:10A4100004FD03EA04000001EA00EAFDDCFD00EBB4
:10A4200000080C0005000000000100F9FB00F4002A
:10A430000000FC000000FC0000000000FEFE00FE2A
:10A44000FB00000000000000FCFC00FDFBFD000024
:10A45000FC0000000000000000000000FDFD00FB0B
:10A4600000FD00F8040000FB0204040000000000EE
:10A4700000FD0000000000030000FC00FCFDFB00EC
:10A480000000000000000300FD00000000FBFA00D7
:10A49000F8000CFD01F300000BEBEAEFF80400FDFF
:10A4A000E5F900F900F806F9E500F5000002FF0300
:10A4B000FD000400F4F000EBF6F7F6F4FBF5FFF80E
:10A4C000F502000100FC0000000300040000000091
:10A4D00000000000000000FC00FE00FFFC00F9F797
:10A4E000F7FF00F4000000000000FD000000000283
:10A4F000FE00000004000000000000000014000046
:10A500000000000003000000FC000000000000004C
:10A5100000000000F900040000000000000000003E
:10A5200000000000FD000000F800000000EBF40057
:10A530000000FAEB0000FC0400F500000000000041
:10A5400000000000F90000F800000000000000001A
:10A55000000000000400F900000000050003F8F806
:10A5600000FCFCFB000000000000F400FC00FAFC12
:10A5700000F7F6F4FD00F800F400000000210000F0
:10A58000020000FB000400EE0000000000D9F90EFC
:10A590000CFDEF0004FA00EBFEFB04E3FC050006F3
:10A5A000F1FAF1F2EF0000E700180000FE000000F1
:10A5B000FEFEFCF5F2FFD9000000000000000000E4
:10A5C000010000000000000000000000000000008A
:10A5D00000FC00FEFCFA0000F800FC000000000097
:10A5E00000000000000000000000FF00F80000086C
:10A5F000FF0500F704FDFFF5FC00FBFCFD00FAF988
:10A600000000FDFFFDF9FB0000FC0004FD00F70069
:10A610000000F800F900F9F9040000000000000053
:10A6200000F80400FA00FDFBF3FDFDFDFFFDFBFF5C
:10A630000000000000FCFDFD0000000005FD00FD25
:10A64000000000FDFBFDFCFBFC000311FF00F5001A
:10A65000FD0800FCEFFB060000ECF904F90300FD27
:10A66000FDF300FA020000F90000000404F8F8000D
:10A67000F9FCFAFCFC00F902F8F90C0000000000FB
:10A6800000000000040000000000000000000000C6
:10A69000000000000000000000000000F9000000C1
:10A6A00000000000000000000000000000000000AA
:10A6B000000000000000000000000000000000009A
:10A6C0000000000000000000FD000000000000008D
:10A6D000000000000000000000000000000000007A
:10A6E000000000000000FDFC000000000000000071
:10A6F00000000000FA0000FB0000FCFC000000006D
:10A70000FC00000000FE0000000000FD0000000052
:10A71000FA00F8000000F20003F70801FDEC000069
:10A72000F7FC00EFF6F40000EEFCEFF0EC00F500B3
:10A73000031CFB00F6FCFFFCF9F5F9F1EFF6FC0059
:10A7400000FD00010000E3FC0C09F7F10001F3003B
:10A75000EBFDFC08DAFB010000E5FBEAFCE200008F
:10A76000E300190100FD00000000FEFDF0FD00E522
:10A7700000000000F300FC00FFF4EC0000FEFAF41F
:10A78000FC00FD00000000EDFCF2F3FDF9F6FCF921
:10A7900000F8FCF2FA00FBF8FCF8000200FDF20001
:10A7A0000800F900000000050003F81100FCFCFBA4
:10A7B000000000000000F400FC00FAFC00F7F6F4D2
:10A7C000FD00F8031100000000210000020000FB62
:10A7D00000040000000000000000FF000000000076
:10A7E000FDF80000000000FE000000FCFC0000F886
:10A7F000FC0000F80007FE0000000000000200005E
:10A800000000060803FC00F3F9000CF2F3F8F8115D
:10A810000704DCFD08FC00FC05FCF100FC04FBFD6A
:10A82000F4FD00000C0800F400E9FB0CFBF001FB58
:10A83000F2F2FC110400FA00F500030EF6F1EFF657
:10A840000C0001E2FD04F9FDF600F7F1FAFAFD0053
:10A8500000F6F7FC000C0AFCE900E9FA00F1E8FF59
:10A86000F3F9F2F40B0000FB00F8FC00FCF9000720
:10A87000F2040000EA00FCF7F9FDF4F6F2F600F449
:10A88000FCF6F8F4FC00000114F900F4FC00FCF8FC
:10A89000F6F5F4F0FBF80800FA00EBFB0208F3F120
:10A8A000F8F20EFC02D9F908F7F9F100F4EFFBFC1D
:10A8B000FDFCF7F4FF00000C0CFDE500E7F60AF0E4
:10A8C000E4F8F1EFEBF20800000000FB000004FBED
:10A8D0000803F8080000F3FF00FF000101FD00007D
:10A8E00000000000FC00000000030C0100FB000061
:10A8F0000000FDFDFB00000001030000000003005C
:10A90000FD001000070101FB00080000000300002B
:10A910000000000000000000000C000C000000001F
:10A9200000000000000000000000E700FC07000C31
:10A9300000002905F8F80404FD01EB000014E7000D
:10A9400000000000000000000000E4103A000000D9
:10A95000000000000000000000E700000000000010
:10A9600000000000000000000000000000000000E7
:10A9700000000000F90000F8FC00000000000000EA
:10A98000000000000000000000000000FD00F500D5
:10A99000000100000436F8FD0D0BF504000004046E
:10A9A000FB0000000000000000000000CA0C0000D6
:10A9B000000000000000000000000000000000F4A3
:10A9C000000000F500000000F7FE000000F700FBAB
:10A9D00000EC0000000000000000000000E40000A7
:10A9E000000001000000000000FC0000F800FA0078
:10A9F000F5000000F904FB0000F5FCF60000F5008E
:10AA0000FC00EC00FB0000DEF8EFFBF10000E400CE
:10AA1000F5FE0000000000000000FAF9FDF900005A
:10AA20000000F700F705FB0800FDF6FDF9F800FB54
:10AA3000FEFD03F5FF000000DBFDFA00F700FDEC72
:10AA4000FC0000FDFD000000000300FDF9FD070013
:10AA500000000000000000000000000000000000F6
:10AA600000000000000000000000000000000000E6
:10AA700000000000000000000000050000000000D1
:10AA800000F700FD000000F804000000F5FCF800ED
:10AA900000F400FC00EC00000000D800F8F1EB002E
:10AAA00000E400FDFA0000000000000000FCFAFED7
:10AAB000FA01000007FB000D14FCFCF40514070963
:10AAC000F50511050C090B00000000000000000056
:10AAD00000001A14F9FC00FD2112210000000400FE
:10AAE000000F0000F9000000000000000000FD0061
:10AAF000000000000000000600000000DDFBFDEF8C
:10AB0000EC0000E400000000000000000000000075
:10AB10000000000000F9000000000000000000FD3F
:10AB200000000000000000000600000000DDFBFD4A
:10AB3000EFEC0000EF00000000000000000000004B
:10AB40000000000000000000FD000000F60400FC12
:10AB5000030704F400FFFD04000300000000F600FA
:10AB6000FCFDF800FCEF001AFC00F7FD00FDF90009
:10AB7000FCF4F8FB000000F90000000000000000F9
:10AB800000FD00000000000000000600000000DDE5
:10AB9000FBFDEFEC0000E4000000000000150000E9
:10ABA0000000000000000000F900F3FBFC0CFCFCBE
:10ABB000EF01FE01FDF5010901030103F6EFFB00C2
:10ABC000F0F8F5EFF000F9F8FBFBFDFDFBFD00FDF3
:10ABD000FF060006FD000D00000000000000000060
:10ABE000000000FDFCFC0000F500FE00F900000084
:10ABF0000000000000000000E7000000000000006E
:10AC000000000000FCFC00FB00000000FD0000F95B
:10AC1000FC0400F9F8FD00F4FDF7FDFB00F900006D
:10AC2000000000000000000000E4000D0000F9003A
:10AC3000000000FB00FC0000FE0000FD00F600002C
:10AC400011FBF2F3030505FFF40306030C030EFDED
:10AC5000F50000EF0000F4F50000F800FBF900FA41
:10AC600000FA00FD0600FDF4FC0F0000FC00F800F7
:10AC70000005F60004FC030000F200FDFF00FC05E7
:10AC8000FD000000EFFBF700F40000EC000FFC00FB
:10AC9000F9000200FC00FCF400FC0400000000FDD0
:10ACA000000004FB010000FBFD00FB0000000000B1
:10ACB000000000000000000000000000E6000900A5
:10ACC00000FD000000000100FCFC00000008000A7C
:10ACD0000000000000E6E801120C07EF0311000F6E
:10ACE0000008000000000000000000000016000046
:10ACF0000000000000000000000000000000000054
:10AD0000000001020003040502060708090A090AF7
:10AD10000B0C0D0E0F10110C121314151500000062
:10AD200016171819171919191719191A191919199C
:10AD300017191719031B1C1D1D1E1F20212223007C
:10AD400024002526272727002726282926262A2AE1
:10AD5000272A272A2B2C2D2E2E2F2E3000002309B8
:10AD600031090000000000000000000000000000A9
:10AD700000000000000000000000000000000000D3
:10AD800000000000000000000000000000000000C3
:10AD900000000000000000000000000000000000B3
:10ADA000000001020003040502060708090A090A57
:10ADB0000B0C000D0E0F101112130C1414000000D8
:10ADC0001516171819161A1B1C1D1D1E1F201D1DD8
:10ADD0001621222303241E2525262728292A2B0075
:10ADE0002C002D2E2F303132332D343435302D2D93
:10ADF0002E2E36373839333A3A3B3A3C290000098F
:10AE00003D090000000000000000000000000000FC
:10AE10000000000000000000000000000000000032
:10AE20000000000000000000000000000000000022
:10AE30000000000000000000000000000000000012
:10AE4000200000005F000100000000000000000082
:10AE500000000200B0000000F3F7600068AE0408D4
:10AE6000000000003E0003000000721F51EF58EF89
:10AE70005BEF5CEF5DEF61EF63EF65EF69EF6CEF48
:10AE800071EF76EF77EF78EF8EEF93EF98EF9BEF20
:10AE90009CEF9DEFA1EFA2EFA3EFA4EFB7EFB8EF08
:10AEA000BEEFC0EFC1EFC4EFC7EFC8EFC9EFCBEF04
:10AEB000E3EFE5EF14F015F017F019F030F037F08C
:10AEC0003AF043F06CF074F0ABF03BF190F191F19B
:10AED00092F193F194F1D7F1E3F13DF254F2AAF437
:10AEE00012F7F2F700000000000000000000000769
:10AEF000000000000000F006051201002D00300ADD
:10AF00000808010A4D00401212120000EF00201044
:10AF10000F1901FDAB01F015151200006802D011E8
:10AF2000111301FF0A0370050308010A1603C00884
:10AF3000061802FB5E03D008071800FBB203600A84
:10AF40000A0A0009E403200F0D0C01033204E00596
:10AF5000040801FC4204F009080301064E04E00560
:10AF600004040100560420090C19FFFDEC045011E3
:10AF7000101201007C05A00907120000BB05F00EAD
:10AF80000F1200004206E00E0E120000C006601113
:10AF9000121200006207F00E0F120000E9071010F5
:10AFA0000F1201007008900F0F120000F708C01078
:10AFB0000F1201007E0910100F120000050AE005B3
:10AFC000040E0100210AE005041201FC450A200FCD
:10AFD0000D0C0103930A200F0D090105CE0A200F65
:10AFE0000D0C01031C0BE00E0E1200009A0BE01A70
:10AFF000191701FBBA0C10131512FF00770DB013CF
:10B0000011120200100ED01211120100A90E8015AB
:10B0100013120200540F70110E120200D20F801092
:10B020000E1202005010101411120100E910201528
:10B03000111202008211100804120200A611500D14
:10B040000C12FF001212B01211120200AB12700F9C
:10B050000E1202002913D01815120200E613201553
:10B06000111202007F14D015141201003315C01202
:10B0700010120200C315D015151601FCAA16E01215
:10B08000101202003A1720100F120100C117400FD2
:10B09000101200005118901410120200E1188012D2
:10B0A0001412FF009519401D1D1200009A1A8011FC
:10B0B000121200003C1BD0101212FF00DE1B1011F8
:10B0C000101201006E1CB008071802FBC21C2009F8
:10B0D0000B19FFFD4C1DB008061800FB941D300F26
:10B0E0000D0B0104DC1D000D0D0200FEE91DA00F7B
:10B0F00007040310F71D900F0D0E0100521EC01122
:10B100000F130200E11EE00E0D0E01003C1FC011E6
:10B110000F130100CB1FF00F0E0E01002D20300980
:10B120000B1300009620F0110F1301FB2521B01125
:10B130000E130200AA21400705130100DA2160075F
:10B140000918FDFB462200100E130200CB22400717
:10B1500003130200E822801B180E02009023B01196
:10B160000E0E0200F22380100F0E01005B24C011AE
:10B170000F1302FBEA24C0110F1301FB7925B00A5B
:10B18000080E0200B125000D0D0E00000C26C00AAD
:10B190000B1100006A26A0110E0E0200CC26900EA4
:10B1A000100EFF003C276017180E0000E427600E09
:10B1B0000E0E00004628900E1013FFFBDE28900DA7
:10B1C0000C0E010032292009081801FB9229C00742
:10B1D000041802FBC2292009081800FB222A200FAC
:10B1E0000D0401073C2AE00A090A0109692A30080E
:10B1F00006050105782A001A1B1C00FCF22B001A18
:10B200001A140000F62C001A1A1800FE2E2E001A2E
:10B210001A140000322FE01112130000DD2F001A63
:10B220001A1A00FD2F31001A1A1B00FC8E32401D25
:10B230001E1800FEF633001A1A1B00FC5535401D7F
:10B240001E1400008136001A1A1B00FCE037000DA6
:10B250000D1500FF69388013141500FF3B39401DA0
:10B260001E1A00FDC13A001A1A140000C53BE01175
:10B27000121B00FCB83CC016111903FD8D3DC01611
:10B28000171C00FCCF3EC016171800FEE33FC01687
:10B29000171800FEF740C016111903FDCC41C01667
:10B2A0001918FFFEF84240100E1701FE9943401096
:10B2B0000E1701FE3A44C016171800FE4E45C01680
:10B2C000170600079345401D1E140000BF4680204E
:10B2D000211B00FC7D48401D1F1BFFFC204A001A5B
:10B2E0001A1800FE584BC016170E0003F94BC01673
:10B2F000170E00039A4C8020211500FFF54D001A0F
:10B300001A140000F94E001A1A1B00FC5850001ABB
:10B310001B1BFFFCC551C016181800FEE552C016D5
:10B32000171B00FC1C54C016171800FE3055C01621
:10B33000171500FF2256001A1A1400002657401055
:10B34000121BFFFC1958C016171B00FC5059C016E1
:10B35000171B00FC875A401D1E140000B35B001A27
:10B360001C1CFFFC3B5D8013141B00FC495E80200D
:10B37000211800FED55F802021110001EE608020A1
:10B38000211100010762802021110001206380202B
:10B3900021110001396480202111000152658020B3
:10B3A000211500FFAD66C016151B01FCC967C0164C
:10B3B000171B00FC0069001A1B1BFFFC6D6A802034
:10B3C00021140000B76B8013141B00FCC56C201AFD
:10B3D0001B1200010FFF00EFE00EFD00DFD00CFCA0
:10B3E00000CFB00BFB00BFA00AFA009F9009F80045
:10B3F0008F800484000000014100EFE02FFF109FC8
:10B40000905FD00AF85FC00AF74FC009F74FB00944
:10B41000F64FB008F63FA008F63FA008F50100007F
:10B4200010000001FC00005F7000000003F9000044
:10B430007F5000000006F70000AF3000000008F564
:10B440000000CF000007FFFFFFFFFFFFFFF906EE40
:10B45000EFFEEEEEFFEEE800000EF00002FA000054
:10B4600000000FD00004F8000000002FB00006F626
:10B47000000000004F900008F5000000006F700011
:10B480000AF300004EEEFFFEEEEFFEEEA04FFFFFD0
:10B49000FFFFFFFFFFC00000CF10000FD000000033
:10B4A00000EF00001FB000000000FD00003F900012
:10B4B000000001FB00005F7000000003F900007F46
:10B4C0006000000000004800000000000009F000DB
:10B4D00000000000009F00000000000009F00000D4
:10B4E000000005AEFFFDA500001BFFFFFFFFFD20D4
:10B4F0000BFFC6BF57BFE003FFA009F00014006FA9
:10B50000F2009F00000006FF2009F00000003FFC51
:10B51000109F00000000AFFFACF0000000009FFF94
:10B52000FFD83000000027CFFFFFC3000000009FBE
:10B530009EFFF300000009F007FFC00000009F001D
:10B540000AFF00000009F0008FF04C30009F001E41
:10B55000FD0CFFB74BF47EFF502CFFFFFFFFFF6099
:10B5600000039DEFFFD820000000009F00000000B6
:10B57000000009F00000000000009F000000000033
:10B580001AEFC500000003FC00001EFA9DF6000043
:10B5900000DF200009F5000DF000008F700000EDC5
:10B5A00000006F40004FB000000FB00004F6000E26
:10B5B000F1000000FC00005F500AF60000000BF1F3
:10B5C000000AF105FA000000004FD438FA01EE102D
:10B5D000010000005FFFFA00BF407EFFB1000004E1
:10B5E00042006F908FB68FD0000000002FD01FC098
:10B5F000005F700000000CF305F50000EC00000097
:10B6000007F8007F30000CE0000002FD0007F300A7
:10B6100000CE000000CF30005F50000EC000008F51
:10B62000700000FC0005F600003FC0000006FB684B
:10B63000FC00000DF200000005CFE90000005CFFF7
:10B64000D91000000000AFFFEFFE200000004FF611
:10B65000001CFA00000008FC00005FC00000008F22
:10B66000D00007FB00000004FF4004FF4000000082
:10B670000BFF49FF80000000000CFFFE500000009F
:10B680000005EFFF40000000000AFF9CFF4000445F
:10B69000000BFE300CFF400BF706FF20000BFF51A4
:10B6A000FF20BFB000000AFFBFC00CFA0000000A74
:10B6B000FFF400AFF20000004FFF7002FFE83125F9
:10B6C000AFFDFF8004FFFFFFFFF808FF30017CEFB4
:10B6D000EC820008800000000000000000005FD540
:10B6E000FC4FC4FB4FB3FA3FA010000BFB003FF32D
:10B6F00000BFB001FF5006FF000BFB000FF7002F4B
:10B70000F4004FF2006FF0007FF0008FE0008FE058
:10B71000007FF0006FF0004FF2002FF4000EF700F2
:10B720000BFB0006FF0001FF5000BFB0003FF3001D
:10B730000BFB0EF700006FE10000EF800009FD0039
:10B74000003FF30000EF80000BFB00008FE00005DE
:10B75000FF10004FF20003FF30002FF40002FF4003
:10B76000003FF30004FF20005FF10008FE0000BF6F
:10B77000B0000EF80003FF30009FD0000EF7000667
:10B78000FE0000EF700000009F000001009F00001D
:10B790002F918F06E82BFFDFCFE5004DFFF700006C
:10B7A0008FFFFB203EFCBF8FF81D508F02B60000BC
:10B7B0009F000000007C00000000037400000000F7
:10B7C000008FA00000000008FA00000000008FA019
:10B7D0000000000008FA000004FFFFFFFFFFF64F23
:10B7E000FFFFFFFFFF6011119FA11110000008FA79
:10B7F00000000000008FA00000000008FA00000018
:10B8000000008FA0000003206FF5BFFA6FF80CF264
:10B810000FD04F808F20122222218FFFFFF78FFF42
:10B82000FFF707709FF8BFF94ED2000000001870B4
:10B83000000000007FC000000000DF600000000387
:10B84000FF1000000008FB000000000EF5000000E3
:10B85000003FF0000000009FA000000000EF40004B
:10B86000000004FE000000000AF9000000000FF4D0
:10B87000000000005FE000000000BF800000000149
:10B88000FF3000000006FD000000000CF800000082
:10B89000001FF2000000007FC000000000CF700019
:10B8A000000002FF1000000008FC000000000DF680
:10B8B000000000003FF1000000008FB00000000019
:10B8C00000004AEFFC600000000AFFFFFFFD2000BF
:10B8D00000BFFD856BFFE10005FFA000005FFB00DE
:10B8E0000EFD00000008FF303FF600000001FF8061
:10B8F0008FF100000000CFD09FF0000000009FF00B
:10B90000BFD0000000008FF0BFD0000000008FF01B
:10B910009FE0000000009FF08FF100000000CFD0FA
:10B920003FF600000001FF800EFD00000008FF3020
:10B9300006FFA000005FFB0000BFFD756BFFE1008C
:10B94000000AFFFFFFFD200000004AEFFC6000003E
:10B95000CFFFFFECFFFFFE3444CFE0000BFE000002
:10B96000BFE0000BFE0000BFE0000BFE0000BFE0E8
:10B97000000BFE0000BFE0000BFE0000BFE0000B6C
:10B98000FE0000BFE0000BFE0000BFE0000BFE0069
:10B9900005ADFFEA4000004DFFFFFFFFA0005FFF85
:10B9A000B7569FFF9000BD2000001EFF0000000062
:10B9B00000007FF3000000000006FF3000000000E0
:10B9C000009FF000000000002FFA00000000001CA3
:10B9D000FF20000000001CFF40000000001DFF4091
:10B9E000000000002DFF40000000002EFE3000008F
:10B9F00000003EFE20000000003FFD20000000008F
:10BA00004FFF64444444400FFFFFFFFFFFFF00FF70
:10BA1000FFFFFFFFFFF00FFFFFFFFFFFF00FFFFF34
:10BA2000FFFFFFF0044444444BFF50000000005F60
:10BA3000F80000000003FFB0000000001EFD000041
:10BA4000000000CFE2000000000AFFA40000000098
:10BA50000DFFFFF70000000678BFFF900000000018
:10BA600001CFF400000000001FF900000000000EEC
:10BA7000FA00000000001FF92E60000000AFF4AFD4
:10BA8000FEA6568EFFB01BFFFFFFFFFB000028CE77
:10BA9000FFDA40000000000002FFB00000000000DC
:10BAA000001DFD00000000000000BFE200000000DB
:10BAB000000008FF400000000000005FF7000000E9
:10BAC00000000003FFA00000000000001EFC0000BA
:10BAD0000000000000CFE1000AC70000000AFF30AC
:10BAE000000DFA0000007FF600000DFA000004FFD0
:10BAF0009000000DFA00000EFFFFFFFFFFFFFFF1B7
:10BB00000FFFFFFFFFFFFFFFF104444444444EFBDF
:10BB1000444000000000000EFA0000000000000099
:10BB20000EFA000000000000000EFA000000000005
:10BB300000000EFA0000005FFFFFFFFFF00006FFAD
:10BB4000FFFFFFFF00008FE444444440000AFC0074
:10BB50000000000000CFA000000000000DF8000071
:10BB600000000000FF9443100000001FFFFFFFFAD9
:10BB7000300002FFFFFFFFFF7000000000138FFF87
:10BB80004000000000003FFB000000000000BFF08C
:10BB9000000000000009FF001000000000CFD00DE1
:10BBA000A20000007FF805FFFB7667DFFE1008FFAC
:10BBB000FFFFFFFD3000016ADFFEB6000000000657
:10BBC000BEFFDA5000005EFFFFFFFF20007FFFA6F0
:10BBD000446BA0003FFD20000000000CFE100000A0
:10BBE000000003FF6000000000007FF10001100072
:10BBF000000AFE03AFFFFB5000BFD6FFFFFFFFA010
:10BC00000BFFFF72015DFF80AFFF3000000CFF09EA
:10BC1000FFA00000005FF35FF800000003FF41FF9A
:10BC2000A00000005FF309FF4000001DFD000DFFB4
:10BC300094236EFF50001CFFFFFFFF60000005AE65
:10BC4000FFD820003FFFFFFFFFFFFF83FFFFFFFF45
:10BC5000FFFFF83FF74444444BFF33FF4000000030
:10BC6000EFB03FF40000006FF401772000000DFDFD
:10BC7000000000000005FF500000000000CFE000C1
:10BC8000000000004FF700000000000BFF10000054
:10BC9000000002FF800000000000AFF10000000083
:10BCA000001FFA000000000008FF30000000000044
:10BCB000FFB000000000007FF400000000000EFD57
:10BCC000000000000006FF6000000000049DFFEC83
:10BCD0008200000BFFFFFFFFF7000AFFC63237EFBD
:10BCE000F500FFB0000001EFC02FF60000000AFED3
:10BCF00000FFA0000000DFB008FFA31015CFF30085
:10BD000007FFFFFFFFD400019FFFFFFFFE7000CF82
:10BD1000FA31025CFF806FF60000000AFF2BFE0084
:10BD20000000002FF7DFC000000000FF8BFE0000C6
:10BD300000003FF76FF80000000CFF20DFFC5323EA
:10BD40007EFF9001CFFFFFFFFF90000049DEFEC89D
:10BD5000200000018CEFEA50000005FFFFFFFFC14B
:10BD60000004FFE73249FFD000CFD1000003FF906D
:10BD70001FF600000009FF13FF400000007FF62FB0
:10BD8000F600000009FF90EFD1000003FFFB06FF63
:10BD9000E73239FFFFC008FFFFFFFF6DFC00039D86
:10BDA000FFD920EFA000000000001FF800000000F5
:10BDB0000006FF300000000001EFD000000000018D
:10BDC000CFF40009B6545AFFF80002FFFFFFFFF658
:10BDD000000005ADFFEB7100003ED3BFFA9FF707EF
:10BDE0007000000000000000000000000007709FCD
:10BDF000F8BFF94ED23ED3BFFA9FF707700000009C
:10BE000000000000000000000003206FF5BFFA6F83
:10BE1000F80CF20FD04F808F200000000000295056
:10BE200000000005CFF60000029EFFF920006CFF25
:10BE3000FC600019FFFE82000004FFC50000000046
:10BE40004FFFA3000000004AFFFD71000000017DCC
:10BE5000FFFB4000000004AFFFE40000000017DF1C
:10BE60006000000000003301111111111104FFFFE7
:10BE7000FFFFFFF64FFFFFFFFFFF60000000000025
:10BE800000000000000000000000000000000111A0
:10BE90001111111104FFFFFFFFFFF64FFFFFFFFF1E
:10BEA000FF6039300000000004FFD60000000018D9
:10BEB000EFFFA3000000005BFFFD61000000017DBB
:10BEC000FFFA2000000004AFF6000000039EFF60B0
:10BED00000016CFFFB50004AFFFE810002DFFFB44F
:10BEE0000000004FE71000000002400000000000CA
:10BEF0000006BDFFEA500005EFFFFFFFFB005FFFFC
:10BF000095347EFF902CC1000001EFF0000000008E
:10BF1000009FF100000000009FF00000000002FF01
:10BF200090000000002EFE1000000003EFD2000081
:10BF300000002FFD1000000000BFF1000000000015
:10BF4000FFA000000000003310000000000000000F
:10BF5000000000000024000000000002FFA000001C
:10BF6000000006FFD00000000001CF6000000000CC
:10BF700000027BDFFFDB720000000000002BFFFEF1
:10BF8000CBCEFFFB20000000007FFC510000015BD6
:10BF9000FF700000009FE5000000000004DFA0002B
:10BFA000007FD10017CFFC704FF1CF70002FF2004F
:10BFB0002EFFFFFFD6FF01EF200AF6001EFE6103F1
:10BFC0009FFFF004FA01FE000AFE2000007FFF0040
:10BFD0000CF16F8000FF60000000CFF0007F59F58A
:10BFE000004FF100000007FF0004F8BF3005FE001D
:10BFF0000000004FF0002F9BF2005FE00000000403
:10C00000FF0002F9BF3004FF100000006FF0003F96
:10C0100089F5000FF60000000CFF0005F66F900098
:10C020009FE2000006FFF000AF21FE0001EFE610E6
:10C0300029FDFF706FC00AF60002DFFFFFFD2BFF36
:10C04000FFF2002FF200007CFFC7001AEFB20000E1
:10C050007FD200000000000000000000009FE5000B
:10C06000000000000000000000007FFC61000002F2
:10C07000770000000000002BFFFECCCEFFD00000B8
:10C0800000000000027BDFFFDA500000000000002B
:10C0900000001FFF100000000000000007FFF70075
:10C0A00000000000000000EFEFE0000000000000D2
:10C0B000006FF2FF600000000000000DF909FD00B4
:10C0C000000000000004FF102FF500000000000039
:10C0D000CFA000AFC000000000003FF20003FF301F
:10C0E000000000000AFB00000BFB0000000002FF44
:10C0F0004000004FF2000000009FC0000000CF9001
:10C100000000001FFFFFFFFFFFFF10000008FFFF00
:10C11000FFFFFFFFF8000000EF81111111118FF0F8
:10C1200000006FF10000000001FF70000DFA000038
:10C130000000000BFE0005FF4000000000004FF56E
:10C1400000CFD0000000000000DFD04FFFFFFFFF56
:10C15000EB600004FFFFFFFFFFFFD2004FF622223B
:10C16000235CFFD004FF500000000AFF304FF500B1
:10C170000000004FF604FF5000000004FF504FF590
:10C1800000000000AFF104FF62222235CFF7004F1C
:10C19000FFFFFFFFFFF70004FFFFFFFFFFFFF800B7
:10C1A0004FF500000014BFF804FF5000000000AF7E
:10C1B000F14FF50000000004FF44FF5000000000B4
:10C1C0005FF54FF5000000000BFF24FF62222223E1
:10C1D0006CFFB04FFFFFFFFFFFFFC104FFFFFFFF3A
:10C1E000FFDA50000000017BEFFDA500000008FF12
:10C1F000FFFFFFFE50001CFFFC7657CFFF600CFFD7
:10C20000C20000003DE208FFA0000000000101FFA5
:10C21000D00000000000006FF600000000000009E0
:10C22000FF00000000000000BFE000000000000070
:10C230000BFE000000000000009FF0000000000066
:10C240000006FF500000000000001FFD000000007D
:10C250000000008FFA00000000002000CFFC20004A
:10C260000003DE3001CFFFC7657CFFF600008FFFC3
:10C27000FFFFFFD400000017BEFFDA50004FFFFFA2
:10C28000FFFFC940000004FFFFFFFFFFFFD40000D5
:10C290004FF84444469EFFF70004FF50000000069C
:10C2A000FFF6004FF50000000002FFF104FF500010
:10C2B00000000005FF904FF500000000000DFE0497
:10C2C000FF5000000000008FF14FF500000000005B
:10C2D00007FF34FF5000000000006FF34FF500002F
:10C2E00000000008FF14FF500000000000DFE04FD6
:10C2F000F500000000005FF904FF50000000002E70
:10C30000FF104FF5000000005EFF6004FF8444440E
:10C3100068EFFF70004FFFFFFFFFFFFD400004FFCD
:10C32000FFFFFFFD940000004FFFFFFFFFFFF94FED
:10C33000FFFFFFFFFFF94FF844444444424FF5002C
:10C34000000000004FF500000000004FF500000065
:10C3500000004FF500000000004FF7333333331077
:10C360004FFFFFFFFFFF704FFFFFFFFFFF704FF515
:10C3700000000000004FF500000000004FF5000035
:10C380000000004FF500000000004FF50000000025
:10C39000004FF844444444444FFFFFFFFFFFFF4F6A
:10C3A000FFFFFFFFFFFF4FFFFFFFFFFFF94FFFFF03
:10C3B000FFFFFFF94FF844444444424FF5000000AA
:10C3C00000004FF500000000004FF50000000000E5
:10C3D0004FF500000000004FF500000000004FFF87
:10C3E000FFFFFFFF704FFFFFFFFFFF704FF7444459
:10C3F0004444104FF500000000004FF5000000001D
:10C40000004FF500000000004FF500000000004F55
:10C41000F500000000004FF500000000004FF5009F
:10C42000000000000000017BEFFDB610000008FFD7
:10C43000FFFFFFFE70001CFFFC8657BFFF900CFF44
:10C44000C20000001AF408FFA0000000000201FF73
:10C45000D00000000000006FF6000000000000099E
:10C46000FF00000000000000BFE00000000000012D
:10C470001BFE00000000000AFD9FF000000000000D
:10C48000AFD6FF60000000000AFD1FFD00000000A5
:10C4900000AFD08FFA000000000AFD00CFFC2000A2
:10C4A0000001CFD001CFFFC8657AFFFC00008FFFED
:10C4B000FFFFFFF900000017BEFFEB71004FF50012
:10C4C00000000003FF64FF50000000003FF64FF53E
:10C4D0000000000003FF64FF50000000003FF64F23
:10C4E000F50000000003FF64FF50000000003FF66D
:10C4F0004FF50000000003FF64FF84444444446F90
:10C50000F64FFFFFFFFFFFFFFF64FFFFFFFFFFFF8F
:10C51000FFF64FF50000000003FF64FF500000002D
:10C52000003FF64FF50000000003FF64FF500000DD
:10C5300000003FF64FF50000000003FF64FF5000CD
:10C540000000003FF64FF50000000003FF64FF50BD
:10C55000000000003FF64FF54FF54FF54FF54FF552
:10C560004FF54FF54FF54FF54FF54FF54FF54FF5AB
:10C570004FF54FF54FF54FF54FF5006FFFFFFFFCFF
:10C58000006FFFFFFFFC001444444DFC000000005E
:10C590000DFC000000000DFC000000000DFC000080
:10C5A00000000DFC000000000DFC000000000DFC70
:10C5B000000000000DFC000000000DFC0000000069
:10C5C0000DFC000000000DFB001000000FFA07E258
:10C5D00000006FF60EFF9559FFF103EFFFFFFF40DC
:10C5E0000017CFFD92004FF5000000004FFA04FF46
:10C5F000500000004FFB004FF50000004FFB00040F
:10C60000FF5000004FFC00004FF500004FFC000001
:10C6100004FF50003FFD1000004FF5003FFD1000EB
:10C620000004FF503FFD100000004FF53FFFB00039
:10C63000000004FF8EFFFF900000004FFFFE3CFF54
:10C6400060000004FFFE301EFF4000004FFF30007E
:10C650002FFE200004FF6000004FFD10004FF5008A
:10C6600000006FFB0004FF500000008FF9004FF541
:10C6700000000000AFF604FF5000000000CFF44FB0
:10C68000F500000000004FF500000000004FF5002D
:10C69000000000004FF500000000004FF500000012
:10C6A00000004FF500000000004FF5000000000002
:10C6B0004FF500000000004FF500000000004FF5AE
:10C6C00000000000004FF500000000004FF50000E2
:10C6D0000000004FF500000000004FF500000000D2
:10C6E000004FF500000000004FF844444444404F20
:10C6F000FFFFFFFFFFF34FFFFFFFFFFFF34FF200CE
:10C70000000000000005FF14FFC000000000000052
:10C71000EFF14FFF5000000000008FFF14FFFE00FC
:10C72000000000002FFFF14FFFF8000000000BFF9A
:10C73000FF14FFAFF200000005FFAFF14FF3DFC0C1
:10C74000000000DF96FF14FF34FF5000008FE16F00
:10C75000F14FF30AFE00002FF606FF14FF301FF81A
:10C76000000AFC006FF14FF3006FF204FF3006FF88
:10C7700014FF3000DFC0DF90006FF14FF30003FFC4
:10C78000BFE10006FF14FF300009FFF600006FF163
:10C790004FF300001EFC000006FF14FF3000006D88
:10C7A0003000006FF14FF300000000000006FF149E
:10C7B000FF300000000000006FF14FF400000000A7
:10C7C00003FF64FFE2000000003FF64FFFD00000CF
:10C7D0000003FF64FFFFB00000003FF64FFEFF8044
:10C7E000000003FF64FF6DFF5000003FF64FF52F80
:10C7F000FF200003FF64FF504FFE10003FF64FF58F
:10C80000007FFC0003FF64FF5000AFF9003FF64FCC
:10C81000F50000DFF603FF64FF500001EFF33FF681
:10C820004FF5000003FFE5FF64FF50000006FFEF37
:10C83000F64FF500000009FFFF64FF500000000CF8
:10C84000FFF64FF5000000001EFF64FF50000000DF
:10C85000003FF60000017BEFFEB600000000007F05
:10C86000FFFFFFFFF60000001CFFFC7668CFFFA073
:10C870000000BFFC20000003DFF90008FFA000005B
:10C8800000000CFF601FFD000000000001EFE06FE2
:10C89000F60000000000008FF39FF0000000000091
:10C8A000003FF7BFE00000000000001FF8BFE000FD
:10C8B00000000000001FF99FF00000000000003F92
:10C8C000F76FF50000000000008FF31FFD0000006F
:10C8D000000001EFE008FFA0000000000CFF600076
:10C8E000CFFC20000003DFFA00001CFFFB7668CFBE
:10C8F000FFB00000008FFFFFFFFFF6000000000107
:10C900007BEFFEB60000004FFFFFFFFEB600004FBA
:10C91000FFFFFFFFFFE4004FF8444457BFFF304FD5
:10C92000F500000005FFD04FF5000000008FF34F29
:10C93000F5000000004FF54FF5000000003FF64FF6
:10C94000F5000000006FF44FF500000001EFE04F2C
:10C95000F50000027EFF604FFFFFFFFFFFF8004F72
:10C96000FFFFFFFFFA30004FF84444320000004F51
:10C97000F50000000000004FF50000000000004F2F
:10C98000F50000000000004FF50000000000004F1F
:10C99000F50000000000000000017BEFFEB6000083
:10C9A00000000007FFFFFFFFFF600000001CFFFC0E
:10C9B0007668CFFFA000000BFFC20000003DFF9093
:10C9C0000008FFA0000000000CFF5001FFD0000095
:10C9D0000000001FFD006FF60000000000008FF354
:10C9E00009FF00000000000003FF70BFE00000002E
:10C9F0000000001FF80BFE00000000000001FF8097
:10CA0000AFF00000000000003FF606FF50000000FD
:10CA1000000008FF301FFC000000000001EFD00004
:10CA20009FF90000000000BFF60000DFFB100000CF
:10CA300002CFFB000002DFFFA6456BFFFB000000FA
:10CA400001AFFFFFFFFFF7000000000039DFFFFD2F
:10CA5000710000000000000004FFE2000038000048
:10CA600000000005FFF7227FF3000000000003EF45
:10CA7000FFFFFA000000000000007CFEB5004FFF41
:10CA8000FFFFFEB600004FFFFFFFFFFFE4004FF87F
:10CA9000444457BFFF304FF500000005FFD04FF56D
:10CAA000000000008FF34FF5000000004FF54FF538
:10CAB000000000003FF64FF5000000006FF44FF556
:10CAC00000000001EFE04FF50000027EFF604FFF25
:10CAD000FFFFFFFFF6004FFFFFFFFFFC20004FF7B7
:10CAE00033333CFE10004FF5000002FFA0004FF56D
:10CAF0000000007FF5004FF50000000CFE104FF520
:10CB000000000002FFB04FF5000000007FF60003B8
:10CB10009DEFEC9400000AFFFFFFFFFD100AFFC726
:10CB20004347BFE003FFA000000025006FF20000B4
:10CB300000000006FF2000000000003FFB00000096
:10CB4000000000AFFE9410000000008FFFFFC8300F
:10CB500000000016BFFFFFC300000000037CFFF3CE
:10CB6000000000000005FFC0000000000009FF00F9
:10CB700000000000008FF05D400000001EFC0CFF74
:10CB8000D954358EFF401AFFFFFFFFFF5000027B94
:10CB9000EFFEB71000EFFFFFFFFFFFFFF2EFFFFF19
:10CBA000FFFFFFFFF2444444CFF444444000000040
:10CBB000AFE0000000000000AFE000000000000057
:10CBC000AFE0000000000000AFE000000000000047
:10CBD000AFE0000000000000AFE000000000000037
:10CBE000AFE0000000000000AFE000000000000027
:10CBF000AFE0000000000000AFE000000000000017
:10CC0000AFE0000000000000AFE000000000000006
:10CC1000AFE0000000000000AFE0000000000000F6
:10CC2000AFE00000006FF20000000009FF6FF200AB
:10CC300000000009FF6FF20000000009FF6FF20022
:10CC400000000009FF6FF20000000009FF6FF20012
:10CC500000000009FF6FF20000000009FF6FF20002
:10CC600000000009FF6FF20000000009FF6FF200F2
:10CC700000000009FF6FF30000000009FF5FF400EF
:10CC80000000000BFD2FF8000000000EFB0EFE0060
:10CC90000000005FF607FFB0000003FFE000CFFEDA
:10CCA0009657BFFF50000AFFFFFFFFF50000003955
:10CCB000DFFEC710000CFF0000000000004FF4056D
:10CCC000FF700000000000BFD000EFD000000000A7
:10CCD00002FF60007FF5000000000AFE00001FFC5C
:10CCE000000000001FF8000009FF300000008FF175
:10CCF000000002FFA0000000EFA0000000BFF10054
:10CD00000006FF300000003FF800000DFC000000AE
:10CD1000000CFF00005FF50000000005FF6000CF81
:10CD2000D00000000000EFD003FF70000000000002
:10CD30007FF50AFF0000000000001FFC1FF8000044
:10CD40000000000009FFBFF200000000000002FF29
:10CD5000FFA000000000000000AFFF300000000056
:10CD60000000003FFC000000000FFA000000000A75
:10CD7000FF1000000003FF40AFF000000000FFF7CD
:10CD8000000000008FE005FF500000005FFFC000C2
:10CD900000000EF9000FFB0000000AFFFF2000005A
:10CDA00003FF4000AFF0000000FF6FF70000009F9E
:10CDB000E00004FF5000006FF0BFC000000EF9005B
:10CDC000000FFB00000BFA05FF200004FF300000FD
:10CDD000AFF00001FF500FF700009FE0000004FFDC
:10CDE00050006FF000AFD0000EF90000000EFB0005
:10CDF0000CFA0005FF2004FF300000009FF002FF46
:10CE000040000FF8009FE000000004FF507FE000AA
:10CE1000009FD00EF8000000000EFB0DF90000048A
:10CE2000FF34FF30000000009FF4FF4000000EF8C8
:10CE3000AFD00000000004FFDFE00000009FEFF82B
:10CE400000000000000EFFF900000003FFFF3000AB
:10CE5000000000009FFF300000000EFFD000000027
:10CE6000000003FFD0000000008FF80000000DFF5D
:10CE70002000000008FF5002FFC00000003FF90042
:10CE8000006FF8000001EFC000000AFF40000BFF38
:10CE900020000001EFE1006FF5000000003FFC0200
:10CEA000FF900000000007FF8DFD00000000000063
:10CEB000BFFFF20000000000001FFF700000000034
:10CEC00000005FFFD0000000000002FFDFF900005B
:10CED0000000000DFE19FF50000000009FF400DF6D
:10CEE000F200000005FF90002FFC0000002FFD0065
:10CEF0000006FF900000CFF2000000AFF40008FF32
:10CF0000600000000DFE104FFB0000000003FFC09A
:10CF10000CFE10000000000EF903FF90000000005E
:10CF20009FE1009FF300000003FF60000EFC000083
:10CF3000000CFC000005FF6000006FF2000000BF65
:10CF4000F10001FF800000002FFA000AFE0000003F
:10CF50000007FF404FF50000000000DFD1DFB00008
:10CF6000000000004FFDFF2000000000000AFFF756
:10CF700000000000000001FFD000000000000000E1
:10CF8000EFB000000000000000EFB0000000000063
:10CF90000000EFB000000000000000EFB000000053
:10CFA00000000000EFB000000000000000EFB00043
:10CFB0000000BFFFFFFFFFFFFFF0BFFFFFFFFFFF0E
:10CFC000FFF034444444444CFF6000000000007F04
:10CFD000F9000000000004FFB000000000002EFD7A
:10CFE000100000000000DFF200000000000BFF5006
:10CFF00000000000008FF7000000000005FFA00007
:10D00000000000003FFD000000000001EFE2000012
:10D010000000000CFF400000000000AFF600000020
:10D02000000007FF9000000000004FFE444444440D
:10D030004441DFFFFFFFFFFFFFF5EFFFFFFFFFFFB3
:10D04000FFF54FFFFF24FFFFF24FF41104FF300004
:10D050004FF30004FF30004FF30004FF30004FF3A4
:10D060000004FF30004FF30004FF30004FF30004D2
:10D07000FF30004FF30004FF30004FF30004FF3097
:10D08000004FF30004FF30004FF30004FF41104F46
:10D09000FFFF24FFFFF278200000000AFA000000E2
:10D0A000004FF000000000EF5000000009FA0000FF
:10D0B00000003FF000000000EF6000000008FB00EF
:10D0C0000000002FF100000000DF6000000007FCFE
:10D0D000000000002FF200000000CF7000000006EA
:10D0E000FD000000001FF200000000BF80000000F3
:10D0F00006FE000000001FF300000000AF900000DB
:10D100000005FE000000000FF400000000AFA000CA
:10D11000000004FF000000000EF5000000009FA0CA
:10D120008FFFFE8FFFFE0119FE0009FE0009FE00C1
:10D1300009FE0009FE0009FE0009FE0009FE0009C3
:10D14000FE0009FE0009FE0009FE0009FE0009FEBE
:10D150000009FE0009FE0009FE0009FE0009FE01AB
:10D1600019FE8FFFFE8FFFFE00000AFD0000000089
:10D1700001FFF3000000007FAFA00000000EF0DF11
:10D1800010000005F906F7000000CF301FE0000096
:10D190002FC0009F500009F60003FB0000FE0000B6
:10D1A0000CF2006F9000006F900DF2000000FF0085
:10D1B000AAAAAAAAAAAAAFFFFFFFFFFFFF588300EF
:10D1C00000AFF400007FF400004EF40039DFFEB63B
:10D1D0000001BFFFFFFFFB000EFA6336DFF80042DD
:10D1E000000000CFF00000000005FF30000000004C
:10D1F0003FF4006BEFFFFFFF40BFFFDDDDDFF46FAB
:10D20000F7000003FF4AFD0000003FF4AFE000001C
:10D210000AFF45FF80001AFFF40AFFFDDFFAFF4016
:10D2200006CFFEB51FF4AFD000000000000AFD00DD
:10D230000000000000AFD000000000000AFD000068
:10D2400000000000AFD000000000000AFD029EFEBA
:10D25000C60000AFD6FFFFFFFD300AFFFFA535AFC8
:10D26000FF20AFFF4000005FFC0AFF700000008F4E
:10D27000F3AFF100000001FF7AFE000000000EF99C
:10D28000AFE000000000FF9AFF100000001FF7AFA2
:10D29000F700000008FF3AFFF4000005FFC0AFFFF1
:10D2A000FA535AFFF20AFC6FFFFFFFD300AFC039F9
:10D2B000EFEC60000000017CEFEA500004EFFFFF9C
:10D2C000FFB004FFF9435BFFA1EFE2000007D37F4B
:10D2D000F4000000000BFD0000000000DFA00000D3
:10D2E00000000DFA0000000000BFD00000000006A2
:10D2F000FF30000000000EFE2000007D404FFF9434
:10D3000035BFFA004EFFFFFFFA000017CEFEA40063
:10D31000000000000002FF5000000000002FF50098
:10D320000000000002FF5000000000002FF5000088
:10D3300000000002FF500018DEFD812FF5006FFF96
:10D34000FFFFE5FF505FFF8436CFFFF51FFE200093
:10D35000008FFF57FF40000000CFF5BFD000000056
:10D3600005FF5DFA000000002FF5DFA000000002BD
:10D37000FF5BFD000000004FF57FF30000000AFF97
:10D3800051FFD1000006FFF505FFE6213AFFFF50EF
:10D3900006FFFFFFFF5FF500028DFFD810FF500072
:10D3A000028DFFD81000006FFFFFFFF50005FFD5CD
:10D3B000225DFF401FFB000000BFE07FF100000086
:10D3C0001FF5BFB00000000AFADFFFFFFFFFFFFB01
:10D3D000DFEDDDDDDDDDDABFC000000000007FF243
:10D3E00000000000001EFD200000190004FFF943AA
:10D3F00048EFA0004EFFFFFFFE3000016CEFEB6036
:10D400000000005CFFD700007FFFFFC0000FFC3171
:10D41000430003FF400000004FF2000009FFFFFF40
:10D42000FF209FFFFFFFF20014FF411100004FF3A8
:10D4300000000004FF300000004FF300000004FF74
:10D44000300000004FF300000004FF300000004FE8
:10D45000F300000004FF300000004FF30000000460
:10D46000FF300000004FF300000000028DEFD920D4
:10D47000DF8007FFFFFFFF6DF807FFE84349FFFF6D
:10D4800082FFC1000003FFF88FF200000006FF8C4E
:10D49000FB000000000FF8EFA000000000EF8CFB85
:10D4A000000000000FF89FF100000005FF83FFB0AF
:10D4B000000002EFF809FFD51027EFFF800AFFFFF9
:10D4C000FFFF9FF80005BFFFFC40FF800000022027
:10D4D000001FF6000000000006FF304A10000001A7
:10D4E000EFE00EFFA64348EFF5006EFFFFFFFFF7EA
:10D4F000000005ADFFEC820000AFD000000000008E
:10D50000AFD00000000000AFD00000000000AFD09E
:10D510000000000000AFD00000000000AFD03AEFE4
:10D52000FC6000AFD8FFFFFFFC00AFFFF8546DFFB9
:10D5300090AFFE200000DFF1AFF50000005FF4AF18
:10D54000F00000002FF6AFE00000000FF6AFD000B3
:10D5500000000FF7AFD00000000FF7AFD0000000C1
:10D560000FF7AFD00000000FF7AFD00000000FF7AB
:10D57000AFD00000000FF7AFD00000000FF708FB9E
:10D5800000FFF30CFE100300000000AFD00AFD0006
:10D59000AFD00AFD00AFD00AFD00AFD00AFD00AF4A
:10D5A000D00AFD00AFD00AFD00AFD00AFD00000098
:10D5B00006FC100000EFF600000AFF200000031038
:10D5C000000000000000008FF0000008FF000000D5
:10D5D0008FF0000008FF0000008FF0000008FF003F
:10D5E00000008FF0000008FF0000008FF00000082E
:10D5F000FF0000008FF0000008FF0000008FF00027
:10D600000008FF0000008FF000000AFE007426FFF3
:10D61000902FFFFFE101ADFEA200AFD0000000009F
:10D6200000AFD00000000000AFD00000000000AF4D
:10D63000D00000000000AFD00000000000AFD0001C
:10D640000003EFD1AFD000004FFC10AFD00005FFBA
:10D65000C100AFD0006FFC1000AFD007FFC10000C9
:10D66000AFD08FFD100000AFD9FFFF200000AFFF4B
:10D67000FCFFD10000AFFFA07FFB0000AFF9000A64
:10D68000FF7000AFD00000DFF400AFD000002FFE2D
:10D6900010AFD0000004FFC0AFD00000008FF9AF82
:10D6A000DAFDAFDAFDAFDAFDAFDAFDAFDAFDAFDA02
:10D6B000FDAFDAFDAFDAFDAFDAFDAFD0AFC05BEFA3
:10D6C000EA40005AEFEB5000AFCAFFFFFFF80BFF34
:10D6D000FFFFFA00AFFFD6226EFFDFE7325DFF608B
:10D6E000AFFD000002FFFE200000EFD0AFF400000D
:10D6F00000AFF70000007FF1AFF00000007FF20004
:10D7000000004FF3AFE00000007FF10000004FF396
:10D71000AFD00000007FF00000004FF4AFD0000059
:10D72000007FF00000004FF4AFD00000007FF00059
:10D7300000004FF4AFD00000007FF00000004FF475
:10D74000AFD00000007FF00000004FF4AFD0000029
:10D75000007FF00000004FF4AFD00000007FF00029
:10D7600000004FF4AFC04AEFFC6000AFC9FFFFFFFD
:10D77000FC00AFFFE6324CFF90AFFD100000CFF190
:10D78000AFF40000004FF4AFF00000001FF6AFE070
:10D790000000000FF6AFD00000000FF7AFD0000080
:10D7A000000FF7AFD00000000FF7AFD00000000F60
:10D7B000F7AFD00000000FF7AFD00000000FF7AFB9
:10D7C000D00000000FF700017CEFDA40000005EF09
:10D7D000FFFFFFB10004FFF8435CFFC001FFE20060
:10D7E0000008FF807FF40000000BFE0BFD0000002E
:10D7F000005FF3DFA000000002FF5DFA0000000000
:10D800002FF5BFD000000005FF37FF40000000BF2C
:10D81000E01EFE2000008FF8004FFF8436CFFC0092
:10D82000004EFFFFFFFA10000017CEFDA40000AF6E
:10D83000C03AEFEC60000AFC8FFFFFFFD300AFFFA0
:10D84000F83138FFF20AFFF3000003FFC0AFF60023
:10D85000000007FF3AFF000000001FF7AFE00000E4
:10D860000000EF9AFE000000000FF9AFF100000089
:10D8700002FF7AFF700000008FF3AFFF4000005FEF
:10D88000FC0AFFFFA535AFFF20AFD6FFFFFFFD303D
:10D890000AFD029DFEC60000AFD000000000000A95
:10D8A000FD000000000000AFD000000000000AFDF5
:10D8B000000000000000AFD00000000000000001E8
:10D8C0008DEFD810FF5006FFFFFFFE4FF505FFF864
:10D8D000436CFFFF51FFE2000008FFF57FF40000FA
:10D8E000000CFF5BFD000000005FF5DFA000000002
:10D8F00002FF5DFA000000002FF5BFD00000000518
:10D90000FF57FF40000000BFF51FFE2000008FFF03
:10D91000505FFF8436CFFFF5006FFFFFFFE5FF503C
:10D920000028DFFD812FF5000000000002FF5000FD
:10D93000000000002FF5000000000002FF50000072
:10D940000000002FF5000000000002FF50AFC03AB9
:10D95000ECAFC7FFFCAFEFFB75AFFF3000AFF600D9
:10D9600000AFF10000AFE00000AFD00000AFD0008A
:10D9700000AFD00000AFD00000AFD00000AFD000AB
:10D9800000AFD000000005BEFFDA50000BFFFFFF24
:10D99000FF9008FFA42359F200DFB0000000000E42
:10D9A000FA0000000000AFFA4000000001DFFFFDB8
:10D9B000A60000006BEFFFFE30000000149FFE0089
:10D9C000000000005FF30420000005FF30EFB633D5
:10D9D00047FFD02DFFFFFFFFE30005ADFFEC710017
:10D9E000004FF300000004FF300000004FF3000080
:10D9F00009FFFFFFFF209FFFFFFFF20014FF41110F
:10DA000000004FF300000004FF300000004FF3005F
:10DA1000000004FF300000004FF300000004FF305E
:10DA20000000004FF300000003FF600000000EFE46
:10DA3000525500006FFFFFD000005CFFC600CFB062
:10DA40000000004FF3CFB00000004FF3CFB0000054
:10DA5000004FF3CFB00000004FF3CFB00000004FF5
:10DA6000F3CFB00000004FF3CFB00000004FF3CF72
:10DA7000B00000004FF3BFD00000006FF39FF00034
:10DA80000000BFF35FF7000005FFF30EFF83138F65
:10DA9000FFF303EFFFFFFF7FF30018DFFD912FF38C
:10DAA0000DFC000000001FF506FF200000008FE0C5
:10DAB00000EF90000000EF70008FF1000006FF10F3
:10DAC000001FF700000DF900000AFD00004FF300F1
:10DAD0000003FF4000BFC0000000DFB002FF5000A5
:10DAE00000006FF208FE000000000EF80EF70000C4
:10DAF000000008FE7FF10000000001FFFF90000021
:10DB0000000000AFFF2000000000003FFB0000000D
:10DB1000AFB00000008FF00000003FF14FF10000B7
:10DB200000DFF50000009FA00EF6000003FFFB00E1
:10DB30000000EF4009FC000009FDFF100004FE009A
:10DB400003FF20000FF4DF60000AF80000DF700020
:10DB50005FE08FC0001FF300007FD000BF802FF276
:10DB6000006FD000001FF301FF200CF800CF700001
:10DB7000000BF907FC0006FE02FF10000005FE0D79
:10DB8000F60000FF48FB00000000FF8FF00000AF30
:10DB90009DF500000000AFFF9000004FFFF0000077
:10DBA00000004FFF3000000EFF90000000000EFD4F
:10DBB00000000008FF3000001EFC0000006FF504AC
:10DBC000FF800002FF80007FF4000DFC00000BFED0
:10DBD00010AFE1000001EFC6FF400000003FFFF87A
:10DBE0000000000007FFC0000000000BFFE1000084
:10DBF00000007FFEFC00000003FF83FF8000001E8A
:10DC0000FC007FF40000BFE1000BFE2008FF400095
:10DC100001EFC04FF80000003FF90DFC00000000CC
:10DC20001FF506FF300000008FE000EFA0000000AD
:10DC3000EF70008FF1000006FF10001FF800000DCC
:10DC4000F9000009FE00004FF2000002FF6000BF73
:10DC5000B0000000BFD002FF400000004FF408FDFC
:10DC6000000000000DFB0FF50000000006FF8FE034
:10DC70000000000000EFFF7000000000008FFF10A8
:10DC800000000000001FF90000000000004FF2003B
:10DC90000000000000CFB00000000D733AFF30001C
:10DCA00000006FFFFFF70000000007CFEB4000000F
:10DCB0000000CFFFFFFFFFF6CFFFFFFFFFF50111D1
:10DCC0001114FFB00000001EFD00000000BFF200B4
:10DCD000000008FF500000005FF800000002FFB0E5
:10DCE0000000000DFD10000000AFF300000007FF72
:10DCF000500000004FFA11111110EFFFFFFFFFF964
:10DD0000FFFFFFFFFFF900019DFA000CFFFA003F43
:10DD1000FA20006FF200007FF100007FF100007F29
:10DD2000F100007FF100007FF100007FF00001BFF3
:10DD3000F0008FFF60008FFF700000AFF000007FE9
:10DD4000F000007FF100007FF100007FF100007F14
:10DD5000F100007FF100006FF200003FFA20000C9C
:10DD6000FFFA00019DFA4FF04FF04FF04FF04FF0E7
:10DD70004FF04FF04FF04FF04FF04FF04FF04FF0AB
:10DD80004FF04FF04FF04FF04FF04FF04FF04FF09B
:10DD90004FF04FF04FF08FEA10008FFFE000019F2F
:10DDA000F600000FF800000EF900000EF900000E5A
:10DDB000F900000EF900000EF900000EF900000C49
:10DDC000FD200004EFFA0005FFFA000DFC00000E34
:10DDD000F900000EF900000EF900000EF900000E27
:10DDE000F900000EF900000FF800019FF6008FFF08
:10DDF000E0008FEA100001AFFA20001F80CFFFFF84
:10DE00006008F63FB117FFEDFE06F30002AEFB20FF
:10DE1000000000000019FFE8000DE758FB07F200C2
:10DE200004F5CB00000EACB00000DA8F10003F719B
:10DE3000ED525ED002DFFFC2000024200002AB40A2
:10DE40000EFFF23FFFF51FFFF305EE70000000002C
:10DE500000000000000000000000000000000000C2
:10DE600000000000049C70000000000000000000A2
:10DE700026BFFFFF100000000000000048DFFFFF8A
:10DE8000FFF20000000000015AFFFFFFFFFFFF202C
:10DE9000000000037CFFFFFFFFFFFFFFF200000018
:10DEA0001DFFFFFFFFFFFFFFFFFF20000004FFFF3C
:10DEB000FFFFFFFFFFFFFFF20000005FFFFFFFFF1C
:10DEC000FFFFE96FFF20000005FFFFFFFFFFC730E6
:10DED00001FFF20000005FFFFFFEA51000001FFF22
:10DEE00020000005FFFD830000000001FFF200009C
:10DEF000005FFE0000000000001FFF20000005FF83
:10DF0000E0000000000001FFF20000005FFE0000E2
:10DF1000000000001FFF20000005FFE000000000DF
:10DF20000001FFF20000005FFE0000000000001F83
:10DF3000FF20000005FFE0000000005898FFF200FD
:10DF400000005FFE00000006EFFFFFFF200000055D
:10DF5000FFE0000004FFFFFFFFF20002447FFE002D
:10DF600000008FFFFFFFFF205DFFFFFFE0000006C6
:10DF7000FFFFFFFFF05FFFFFFFFE0000000AFFFF53
:10DF8000FFF40CFFFFFFFFE000000004ACDB8100AA
:10DF9000BFFFFFFFFC000000000000000003FFFFC8
:10DFA000FFFF400000000000000000029FFFFA2079
:10DFB0000000000000000000000001100000000050
:10DFC000000000000000340018888888888888884D
:10DFD000810043EA002FFFFFFFFFFFFFFFF200AECB
:10DFE000FFEEFFFFFFFFFFFFFFFFFFEEFFFFCCDFB6
:10DFF000F500000000005FFDCCFFFA002FF50000E7
:10E000000000005FF200AFFA002FF50000000000F2
:10E010005FF200AFFB003FF500000000005FF3007F
:10E02000BFFFFFFFF500000000005FFFFFFFFEAA3B
:10E03000CFF600000000006FFCAAEFFA002FFFFFF0
:10E04000FFFFFFFFFFF200AFFA002FFFFFFFFFFF10
:10E05000FFFFF200AFFC225FFB7777777777BFF5A2
:10E0600022CFFFFFFFF500000000005FFFFFFFFE73
:10E0700088AFF500000000005FFA88EFFA002FF586
:10E0800000000000005FF200AFFA002FF500000072
:10E0900000005FF200AFFC446FF500000000005F7D
:10E0A000F644CFFFFFFFFB7777777777BFFFFFFF60
:10E0B000FD668FFFFFFFFFFFFFFFF866DFA9002F60
:10E0C000FFFFFFFFFFFFFFF2009A000000000000CB
:10E0D00000000000000000BFFFFFF408FFFFFFFF8B
:10E0E000FFFFFFFBFFFFFFF80CFFFFFFFFFFFFFF3E
:10E0F000FFFFFFFFF90DFFFFFFFFFFFFFFFFFFFF28
:10E10000FFF90DFFFFFFFFFFFFFFFFFFFFFFF90D0F
:10E11000FFFFFFFFFFFFFFFFEFFFFFF70BFFFFFF1B
:10E12000FFFFFFFFFE3777776001677777777777B5
:10E13000777300000000000000000000000000AF46
:10E14000FFFFF407FFFFFFFFFFFFFFFAFFFFFFF8EE
:10E150000CFFFFFFFFFFFFFFFFFFFFFFF90DFFFFBA
:10E16000FFFFFFFFFFFFFFFFFFF90DFFFFFFFFFFB7
:10E17000FFFFFFFFFFFFF90DFFFFFFFFFFFFFFFFA7
:10E18000EFFFFFF70BFFFFFFFFFFFFFFFE37888862
:10E1900070027888888888888873000000000000F2
:10E1A000000000000000009FFFFFE307EFFFFFFFFC
:10E1B000FFFFFFF9FFFFFFF80CFFFFFFFFFFFFFF6F
:10E1C000FFFFFFFFF90DFFFFFFFFFFFFFFFFFFFF57
:10E1D000FFF90DFFFFFFFFFFFFFFFFFFFFFFF90D3F
:10E1E000FFFFFFFFFFFFFFFFFFFFFFF80CFFFFFF39
:10E1F000FFFFFFFFFF488888710288888888888829
:10E2000088840000000000000000000000530000AF
:10E2100000000000000000000009FF5000000000A6
:10E220000000000000009FFFF5000000000000005B
:10E23000000009FFFFFF0000000000000000009F39
:10E24000FFFFFA000000000000000009FFFFFFB020
:10E2500000000000000000009FFFFFFB0000BD2049
:10E260000000000009FFFFFFB0000CFFE20000000B
:10E27000009FFFFFFB0000BFFFFE20000009FFFF23
:10E28000FFB00000EFFFFFE200009FFFFFFB000078
:10E29000004FFFFFFE2009FFFFFFB000000004FF5A
:10E2A000FFFFE39FFFFFFB00000000004FFFFFFFA9
:10E2B000FFFFFFB0000000000004FFFFFFFFFFFBB7
:10E2C000000000000000004FFFFFFFFFB000000053
:10E2D0000000000004FFFFFFFB0000000000000042
:10E2E00000004FFFFFB0000000000000000000042D
:10E2F000FFFB00000000000000000000003DA00047
:10E3000000000000000003A700000000008A203F7A
:10E31000FFA00000000BFFE2EFFFFA000000BFFFCC
:10E32000FBDFFFFFA0000BFFFFFB3FFFFFFA00BF7B
:10E33000FFFFE203FFFFFFABFFFFFE20003FFFFFF9
:10E34000FFFFFFE2000003FFFFFFFFFE20000000D1
:10E350003FFFFFFFE2000000000CFFFFFFA00000F6
:10E360000000BFFFFFFFFA0000000BFFFFFFFFFFF1
:10E37000A00000BFFFFFEFFFFFFA000BFFFFFE232F
:10E38000FFFFFFA0AFFFFFE2003FFFFFF8FFFFFE30
:10E39000200003FFFFFD8FFFE20000003FFFF609B2
:10E3A000FD2000000003EF700010000000000001DD
:10E3B00000000000000008BB60000000000000003A
:10E3C0000000001FFFE0000000000000000010003F
:10E3D0002FFFE0000200000000003EF5002FFFE0EC
:10E3E000008FC100000003FFFE002FFFE002FFFDD1
:10E3F0001000002EFFFF302FFFE006FFFFC00000DF
:10E40000BFFFFA002FFFE000CFFFF80005FFFF90ED
:10E41000002FFFE0000CFFFF200CFFFC00002FFF8F
:10E42000E00001FFFF902FFFF300002FFFE000004E
:10E430007FFFE06FFFC000002FFFE000001FFFF331
:10E440009FFF8000002FFFE000000BFFF6BFFF6082
:10E4500000002FFFE0000009FFF7BFFF5000002F72
:10E46000FFE0000008FFF8BFFF6000000ADD700059
:10E47000000AFFF68FFF90000000000000000DFF73
:10E48000F55FFFE0000000000000002FFFF10FFF2C
:10E49000F700000000000000AFFFC009FFFF3000E0
:10E4A0000000000005FFFF6002FFFFE20000000027
:10E4B000005FFFFD00007FFFFF6000000018FFFF0E
:10E4C000F400000AFFFFFE853459EFFFFF600000F3
:10E4D00000AFFFFFFFFFFFFFFFF70000000007FF97
:10E4E000FFFFFFFFFFFE4000000000002AFFFFFFCC
:10E4F000FFFF8100000000000000169CDCB9500006
:10E500000000000000000000135531000000000072
:10E510000000000003FFFFFF3000000000000000CB
:10E520000004FFFFFF40000000000000000004FFA7
:10E53000FFFF4000000000000150005DFFFFFFD51D
:10E5400000061000000DFD5CFFFFFFFFFFC5DFD0E0
:10E5500000009FFFFFFFFFFFFFFFFFFFF90003FF2A
:10E56000FFFFFFFFFFFFFFFFFFFF300AFFFFFFFF7F
:10E57000FFFFFFFFFFFFFFA00FFFFFFFFFF7337F4E
:10E58000FFFFFFFFF005EFFFFFFE200002EFFFFFA0
:10E59000FE50000BFFFFF50000005FFFFFB0000022
:10E5A0000AFFFFF00000000FFFFFA000000BFFFFBD
:10E5B000F00000000FFFFFB000000AFFFFF20000B4
:10E5C000002FFFFFA000006FFFFFFA000000AFFF69
:10E5D000FFF6000CFFFFFFFF900009FFFFFFFFD0D9
:10E5E0000DFFFFFFFFFFBBFFFFFFFFFFD006FFFF99
:10E5F000FFFFFFFFFFFFFFFFFF6000EFFFFFFFFFD9
:10E60000FFFFFFFFFFFE00004FFFDFFFFFFFFFFFE9
:10E61000FDFFF4000007E504DFFFFFFFFD405D7034
:10E62000000000000007FFFFFF7000000000000076
:10E63000000004FFFFFF4000000000000000000396
:10E64000FFFFFF300000000000000000019BDDC95B
:10E6500010000000000000000000000000000000AA
:10E6600000000000000000000000000000000000AA
:10E67000000000000000001BFD30003FFFB0000064
:10E68000000000000003EFFFF6004FFFC000000095
:10E69000000000006FFFFFFF804FFFC00000000080
:10E6A000000009FFFFBFFFFB5FFFC000000000008C
:10E6B00001BFFFF503EFFFFFFFC000000000002DCA
:10E6C000FFFE30201CFFFFFFC00000000004FFFF22
:10E6D000C109FB10AFFFFFC0000000007FFFFA017F
:10E6E000BFFFD207FFFFD00000000AFFFF702DFF21
:10E6F000FFFF404FFFFC100001CFFFF404EFFFFFCE
:10E70000FFF702DFFFE3003EFFFD206FFFFFFFFF8B
:10E71000FFA01BFFFF50EFFFC109FFFFFFFFFFFF3F
:10E72000FC109FFFF26FF901CFFFFFFFFFFFFFFF1C
:10E73000E306FFA007600DFFFFFFFFFFFFFFFFFFE6
:10E7400030390000002FFFFFFFFFFFFFFFFFFF60DA
:10E75000000000002FFFFFFFFFFFFFFFFFFF600033
:10E760000000002FFFFFFF83335FFFFFFF6000000B
:10E7700000002FFFFFFF30000FFFFFFF60000000D1
:10E78000002FFFFFFF30000FFFFFFF6000000000C1
:10E790002FFFFFFF30000FFFFFFF60000000002F82
:10E7A000FFFFFF30000FFFFFFF60000000001FFFB2
:10E7B000FFFF20000EFFFFFF500000000009BBBB61
:10E7C000B9000007BBBBBA1000000000000000AD9C
:10E7D000DDDA00000000000000000003FFFFFF3052
:10E7E000000000000000000004FFFFFF40000000E8
:10E7F000000000000004FFFFFF40000000000000D8
:10E80000000004FFFFFF40000000000000000004C3
:10E81000FFFFFF40000000000000000004FFFFFFBA
:10E8200040000000000000000004FFFFFF40000067
:10E8300000000000000004FFFFFF40000000000097
:10E8400000011114FFFFFF411110000000008FFFB5
:10E85000FFFFFFFFFFFFF8000000007FFFFFFFFF4B
:10E86000FFFFFFF70000000009FFFFFFFFFFFFFFB2
:10E870009000000000009FFFFFFFFFFFF900000075
:10E8800000000009FFFFFFFFFF90000000000000F4
:10E89000009FFFFFFFF9000000000000000009FFDB
:10E8A000FFFF900000000000000000009FFFF90043
:10E8B000000000009FFFFFFFE309FF903EFFFFFF06
:10E8C000F9FFFFFFFFFE207702EFFFFFFFFFFFFFD3
:10E8D000FFFFFFE3003EFFFFFFFFFFFFFFFFFFFF24
:10E8E000FFBBFFFFFFFFFFFFFFFFFFFFFFFFFFFF7C
:10E8F000FFCFFDEFFFFFFFFFFFFFFFFFFFFC06F075
:10E900002FFFFFFFFFFFFFFFFFFFFE4AF57FFFDF47
:10E91000FFFFFFFFFFFFFFFFFFFFFFFD0333333369
:10E920003333333333333333300000000344444450
:10E930004444444400000000000001CFFFFFFFFFFB
:10E94000FFFFFFE300000000000BFFFFFFFFFFFFE2
:10E95000FFFFFE10000000006FFFFFFFFFFFFFFF43
:10E96000FFFFA000000001FFFD0000000000000903
:10E97000FFF50000000BFFF300000000000000DFC7
:10E98000FE1000006FFF70000000000000003FFF5D
:10E99000A00002FFFC000000000000000008FFF5DE
:10E9A000000BFFF2000000000000000000DFFE107E
:10E9B0006FFF600000000000000000003FFFA0EFBC
:10E9C000FFCCCCCC400000001BCCCCCEFFF2FFFF34
:10E9D000FFFFFFC00000008FFFFFFFFFF3FFFFFFFF
:10E9E000FFFFF4000001FFFFFFFFFFF4FFFFFFFF49
:10E9F000FFFD88888BFFFFFFFFFFF4FFFFFFFFFF96
:10EA0000FFFFFFFFFFFFFFFFFFF4FFFFFFFFFFFF21
:10EA1000FFFFFFFFFFFFFFFFF4FFFFFFFFFFFFFF11
:10EA2000FFFFFFFFFFFFFFF4FFFFFFFFFFFFFFFF01
:10EA3000FFFFFFFFFFFFF3CFFFFFFFFFFFFFFFFF22
:10EA4000FFFFFFFFFFF12CFFFFFFFFFFFFFFFFFFB7
:10EA5000FFFFFFFD4000000000004677520000006D
:10EA60006EEC00000003AFFFFFFFE810009FFF0007
:10EA70000001AFFFFFFFFFFFF8008FFF00003EFF28
:10EA8000FFFFFFFFFFFFD27FFF0003EFFFFE8422A7
:10EA900059FFFFFFAFFF001EFFFF8000000018FFBF
:10EAA000FFFFFF00BFFFE300000000003EFFFFFF8D
:10EAB00003FFFF30000000010002FFFFFF0BFFF625
:10EAC000000000005FFFFEFFFFFF0FFFD00000000F
:10EAD000006FFFFFFFFFFF4FFF70000000005FFFB0
:10EAE000FFFFFFFF17871000000000178888888845
:10EAF0008600000000000000000000000000000090
:10EB00000000000000000000000000000000000005
:10EB10000000000000000000EFFFFFFFFFF4000016
:10EB2000000005FFF4FFFFFFFFFFF6000000000BF1
:10EB3000FFF1FFFFFFFFFFF5000000003FFFD0FFE8
:10EB4000FFFE56778100000000DFFF60FFFFFF90AF
:10EB500000000000000BFFFE00FFFFFFFC20000094
:10EB60000002DFFFF400FFFDFFFFFA3000039FFF0C
:10EB7000FF8000FFF78FFFFFFFDDFFFFFFF80000C2
:10EB8000FFF804EFFFFFFFFFFFFE500000FFF8005B
:10EB900007DFFFFFFFFF91000000FFF90000038B7C
:10EBA000DDB95100000000355100000000000000F8
:10EBB0000000000000000000000740000000000C02
:10EBC000FF000000000CFFF00000000CFFFF000041
:10EBD000000CFFFFF6BBBBBDFFFFFFFFFFFFFFFF0A
:10EBE000FFFFFFFFFFFFFFFFFFFFFFFFFFFFFFFF35
:10EBF000FFFFFFFFFFFFFFFFFFFFFFFFFFFFFFFF25
:10EC0000FFFFFFFFFFFFFFFFFFFFFFFFFFFFFFBF54
:10EC1000FFFFFFFFFFF0000003EFFFFF0000000316
:10EC2000EFFFF000000003EFFF0000000003EFF033
:10EC30000000000003D900000000000000000000F8
:10EC4000000007400000000000000000CFF00000BE
:10EC500000000000000CFFF000000000000000CFEA
:10EC6000FFF00000000000000CFFFFF00000006B50
:10EC7000BBBBDFFFFFF0000000FFFFFFFFFFFFF067
:10EC800003B500FFFFFFFFFFFFF009FF60FFFFFF7D
:10EC9000FFFFFFF002DFF1FFFFFFFFFFFFF0002F9C
:10ECA000F6FFFFFFFFFFFFF0000FF7FFFFFFFFFF83
:10ECB000FFF0006FF4FFFFFFFFFFFFF006FFD0FF44
:10ECC000FFFFFFFFFFF008FE20BFFFFFFFFFFFF089
:10ECD0000041000000003EFFFFF0000000000000C7
:10ECE00003EFFFF0000000000000003EFFF0000016
:10ECF000000000000003EFF0000000000000000032
:10ED00003D90000000000000000000000000000036
:10ED100000000000000000000000000000000000F3
:10ED200000000000000000000BD300000000000005
:10ED3000000000000000001FFF5000000000000065
:10ED400000074000000005FFF60000000000000082
:10ED5000CFF0000000002EFF3000000000000CFF8C
:10ED6000F000006D4002FFE00000000000CFFFF067
:10ED70000000CFF7005FF8000000000CFFFFF0007C
:10ED8000003EFF500BFF006BBBBBDFFFFFF000003E
:10ED900001DFF203FF60FFFFFFFFFFFFF003C6008C
:10EDA0003FF900DFB0FFFFFFFFFFFFF009FF700A30
:10EDB000FF008FF0FFFFFFFFFFFFF001DFF105FF16
:10EDC000305FF2FFFFFFFFFFFFF0001FF602FF5072
:10EDD0003FF3FFFFFFFFFFFFF0000FF701FF503F82
:10EDE000F3FFFFFFFFFFFFF0006FF403FF404FF260
:10EDF000FFFFFFFFFFFFF006FFD007FF106FF0FFE0
:10EE0000FFFFFFFFFFF008FD200DFC00BFD0BFFF9C
:10EE1000FFFFFFFFF00040008FF501FF90000000B2
:10EE20003EFFFFF0000007FFB007FF3000000003C7
:10EE3000EFFFF000009FFE101EFC00000000003EEF
:10EE4000FFF00000CFC100BFF3000000000003EF9F
:10EE5000F00000150009FF900000000000003D9048
:10EE600000000000AFFC00000000000000000000F7
:10EE700000000CFFC10000000000000000000000C6
:10EE8000001FFA0000000000000000000000000069
:10EE9000035000000007BBBBBBBBBBBBBBBBBBBBCA
:10EEA000BB709FFFFFFFFFFFFFFFFFFFFFFFF9FFAB
:10EEB000FFFFFFFFFFFFFFFFFFFFFFFFFFFF724DA1
:10EEC000FFFFFFFFFFFFFFFFFFFFF50001EFFFFF69
:10EED000FFFFFFFFFFFFFFF000009FFFFFFFFFFFAF
:10EEE000FFFFFFFFE000008FFFFFFFFACFFFFFFFF4
:10EEF000FFF30000DFFFFFFF800CFFFFFFFFFE407E
:10EF00002BFFFFFFF80000CFFFFFFFFFFFFFFFFF1A
:10EF1000FF8000000CFFFFFFFFFFE9FFFFF800008C
:10EF20000000CFFFFFFFFE207FFF80000000004FAA
:10EF3000FFFFFFE20007F800000000004FFFFFFEA8
:10EF40002000003000000000004FFFFFF400000030
:10EF50000000000000004FFFFFF400000000000070
:10EF60000000004FFFFFF7444444444444444444F9
:10EF70007FFFFFFFFFFFFFFFFFFFFFFFFFFFFFCF51
:10EF8000FFFFFFFFFFFFFFFFFFFFFFFC2CFFFFFF67
:10EF9000FFFFFFFFFFFFFFFFC200000002CB1000DA
:10EFA000000000000009FF700000000000000FFFDB
:10EFB000D00000000000005FFFF300000000000030
:10EFC000CFFFFA000000000004FFFFFF2000000058
:10EFD000000CFFFFFFB0000000006FFFFFFFF40018
:10EFE000000001EFFFFFFFFD0000000BFFFFFFFF30
:10EFF000FF9000007FFFFFFFFFFFF50002FFFFFF14
:10F00000FFFFFFFE100BFFFFFFFFFFFFFF903FFF23
:10F01000FFFFFFFFFFFFF18FFFFFFFFFFFFFFFF687
:10F02000CFFFFFFFFFFFFFFFFAEFFBAFFFFFFFFF89
:10F03000FFFCFFF41FFFFFFFFFFFFDEFF60EFFFFDA
:10F04000FFFFFFFCBFFB06FFFFFFFFFFF86FFF4066
:10F050006FFFFFFFFFF40EFFF3003AFFFFFFC00456
:10F06000FFFF9307FFFFFF30007FFFFFFFFFFFF56C
:10F07000000005FFFFFFFFFE4000000018EFFFFD4E
:10F0800080000000000001331000000000000000BC
:10F09000000000000AFFD0000000005FD2BFFE00A9
:10F0A0000000006FFF7BFFE00000007FFFF8BFFE65
:10F0B0000000009FFFFF8BFFE00000AFFFFFF8BFE5
:10F0C000FE0000BFFFFFFF8BFFE001CFFFFFFFF857
:10F0D000BFFE01DFFFFFFFFF8BFFE2DFFFFFFFFF50
:10F0E000F8BFFFEFFFFFFFFFFF8BFFFFFFFFFFFFFB
:10F0F000FFF8BFFFFFFFFFFFFFFF8BFFFFFFFFFFDB
:10F10000FFFFF8BFFFBFFFFFFFFFFF8BFFE0AFFF79
:10F11000FFFFFFF8BFFE009FFFFFFFFF8BFFE00038
:10F120007FFFFFFFF8BFFE00006FFFFFFF8BFFE0D8
:10F1300000005FFFFFF8BFFE0000004FFFFF8BFFE6
:10F14000E00000003EFFF8BFFE000000002EFF665A
:10F15000BB80000000001A800000000000000000DA
:10F16000000000000000000000000000008B7000A4
:10F170000000000000000000BFFFD40000000000FD
:10F180000000000FFFFFFB2000000000000000FF58
:10F19000FFFFFF800000000000000FFFFFFFFFE502
:10F1A000000000000000FFFFFFFFFFFC2000000048
:10F1B000000FFFFFFFFFFFFF9100000000FFFFFFB8
:10F1C000FFFFFFFFE60000000FFFFFFFFFFFFFFF55
:10F1D000FC300000FFFFFFFFFFFFFFFFFF91000F6C
:10F1E000FFFFFFFFFFFFFFFFFFF600FFFFFFFFFF37
:10F1F000FFFFFFFFFFFC1FFFFFFFFFFFFFFFFFFF02
:10F20000FFF9FFFFFFFFFFFFFFFFFFFFFFBFFFFF54
:10F21000FFFFFFFFFFFFFFFFF5FFFFFFFFFFFFFF08
:10F22000FFFFFFE50FFFFFFFFFFFFFFFFFFF800076
:10F23000FFFFFFFFFFFFFFFFFB20000FFFFFFFFFB0
:10F24000FFFFFFD4000000FFFFFFFFFFFFFF700084
:10F2500000000FFFFFFFFFFFFA1000000000FFFF9C
:10F26000FFFFFFD400000000000FFFFFFFFF700052
:10F270000000000000FFFFFFF91000000000000088
:10F280000EFFFFC300000000000000004FFE600002
:10F29000000000000000000013000000000000005B
:10F2A000000000000000000000000000000002CF8D
:10F2B000FFFFFA00002CFFFFFFA0CFFFFFFFF800C9
:10F2C0000CFFFFFFFF8FFFFFFFFFB000FFFFFFFFFF
:10F2D000FBFFFFFFFFFC000FFFFFFFFFCFFFFFFF64
:10F2E000FFC000FFFFFFFFFCFFFFFFFFFC000FFF61
:10F2F000FFFFFFCFFFFFFFFFC000FFFFFFFFFCFF8F
:10F30000FFFFFFFC000FFFFFFFFFCFFFFFFFFFC06E
:10F3100000FFFFFFFFFCFFFFFFFFFC000FFFFFFFF1
:10F32000FFCFFFFFFFFFC000FFFFFFFFFCFFFFFF5E
:10F33000FFFC000FFFFFFFFFCFFFFFFFFFC000FF3D
:10F34000FFFFFFFCFFFFFFFFFC000FFFFFFFFFCFF2
:10F35000FFFFFFFFC000FFFFFFFFFCFFFFFFFFFC01
:10F36000000FFFFFFFFFCFFFFFFFFFC000FFFFFF0A
:10F37000FFFCFFFFFFFFFC000FFFFFFFFFCFFFFFC2
:10F38000FFFFC000FFFFFFFFFCFFFFFFFFFC000FC0
:10F39000FFFFFFFFCFFFFFFFFFB000FFFFFFFFFBFF
:10F3A0009FFFFFFFF50009FFFFFFFF507ABBBBA5E2
:10F3B000000007ABBBBA50000000000000000000D6
:10F3C000000002CFFFFFFFFFFFFFFFFFFFA0CFFF07
:10F3D000FFFFFFFFFFFFFFFFFF8FFFFFFFFFFFFFAD
:10F3E000FFFFFFFFFBFFFFFFFFFFFFFFFFFFFFFF31
:10F3F000CFFFFFFFFFFFFFFFFFFFFFFCFFFFFFFF50
:10F40000FFFFFFFFFFFFFFCFFFFFFFFFFFFFFFFF3C
:10F41000FFFFFCFFFFFFFFFFFFFFFFFFFFFFCFFF2F
:10F42000FFFFFFFFFFFFFFFFFFFCFFFFFFFFFFFFEF
:10F43000FFFFFFFFFFCFFFFFFFFFFFFFFFFFFFFF0C
:10F44000FCFFFFFFFFFFFFFFFFFFFFFFCFFFFFFFFF
:10F45000FFFFFFFFFFFFFFFCFFFFFFFFFFFFFFFFBF
:10F46000FFFFFFCFFFFFFFFFFFFFFFFFFFFFFCFFDF
:10F47000FFFFFFFFFFFFFFFFFFFFCFFFFFFFFFFFCC
:10F48000FFFFFFFFFFFCFFFFFFFFFFFFFFFFFFFF8F
:10F49000FFCFFFFFFFFFFFFFFFFFFFFFFCFFFFFFAF
:10F4A000FFFFFFFFFFFFFFFFCFFFFFFFFFFFFFFF9C
:10F4B000FFFFFFFB9FFFFFFFFFFFFFFFFFFFFF506F
:10F4C0007ABBBBBBBBBBBBBBBBBA500000000000E0
:10F4D00000000003EE3000000000FFF8AFFF400026
:10F4E00000001FFF9AFFFF50000001FFF9AFFFFF70
:10F4F0007000001FFF9AFFFFFF800001FFF9AFFFC0
:10F50000FFFF90001FFF9AFFFFFFFFA001FFF9AF71
:10F51000FFFFFFFFB01FFF9AFFFFFFFFFFC2FFF9D2
:10F52000AFFFFFFFFFFFEFFF9AFFFFFFFFFFFFFFB0
:10F53000F9AFFFFFFFFFFFFFFF9AFFFFFFFFFFFF96
:10F54000FFF9AFFFFFFFFFFF9FFF9AFFFFFFFFFFE6
:10F5500071FFF9AFFFFFFFFF601FFF9AFFFFFFFF83
:10F560005001FFF9AFFFFFFF40001FFF9AFFFFFEB2
:10F57000300001FFF9AFFFFE2000001FFF9AFFFDE2
:10F5800010000001FFF98FFC100000001FFF91998F
:10F590000000000000ABB50000000000000000000B
:10F5A000000000000000000000000000000000005B
:10F5B0000002DFB100000000000000000002EFFFC9
:10F5C000C0000000000000000001EFFFFFB00000DD
:10F5D000000000000001DFFFFFFFA00000000000AE
:10F5E0000000CFFFFFFFFF90000000000000BFFF02
:10F5F000FFFFFFFF700000000000AFFFFFFFFFFFF5
:10F60000FF60000000009FFFFFFFFFFFFFFF5000B3
:10F6100000007FFFFFFFFFFFFFFFFF4000006FFFC5
:10F62000FFFFFFFFFFFFFFFF30005FFFFFFFFFFF58
:10F63000FFFFFFFFFE200EFFFFFFFFFFFFFFFFFFAB
:10F64000FFFA00FFFFFFFFFFFFFFFFFFFFFFA00824
:10F65000FFFFFFFFFFFFFFFFFFFFF40006999999EF
:10F660009999999999998400000000000000000080
:10F6700000000000006EFFFFFFFFFFFFFFFFFFFD28
:10F68000300FFFFFFFFFFFFFFFFFFFFFFB00FFFF4C
:10F69000FFFFFFFFFFFFFFFFFFC00FFFFFFFFFFFA9
:10F6A000FFFFFFFFFFFC00FFFFFFFFFFFFFFFFFF6C
:10F6B000FFFFB00DFFFFFFFFFFFFFFFFFFFFF900A0
:10F6C00028888888888888888888870000000000C3
:10F6D000005C500000000006FFF5000000006FFF16
:10F6E000FC00000006FFFFF50000006FFFFF600058
:10F6F0000006FFFFF60000006FFFFF60000005FF3F
:10F70000FFF60000005FFFFF60000005FFFFF6004E
:10F7100000004FFFFF600000008FFFFE10000000A0
:10F720000CFFFFD100000000CFFFFD100000000C17
:10F73000FFFFD100000000CFFFFD100000000CFF14
:10F74000FFD100000000CFFFFD100000000CFFFF04
:10F75000D100000000CFFFFB000000000CFFFA000A
:10F7600000000000CFB00000000000030002C8004D
:10F77000000000002EFF90000000008FFFF9000045
:10F7800000002EFFFF9000000003EFFFF9000000D3
:10F79000003EFFFF9000000003EFFFF900000000B3
:10F7A0003EFFFF9000000003EFFFF9000000003E65
:10F7B000FFFF9000000003EFFFF800000000BFFF14
:10F7C000FC0000000AFFFFE2000000AFFFFE200087
:10F7D000000AFFFFE2000000AFFFFE2000000AFF6A
:10F7E000FFE2000000AFFFFE2000000AFFFFE20082
:10F7F00000007FFFFE200000006FFFE2000000001D
:10F8000008FE2000000000003100000000000000A1
:10F8100000000012100000000000000000009FFF28
:10F820006000000000000000000FFFFC000000006E
:10F830000000000001FFFFD00000000000000000F9
:10F840001FFFFD000000000000000001FFFFD000CE
:10F85000000000000000001FFFFD0000000000008D
:10F86000000001FFFFD000000000000000001FFFAB
:10F87000FD000000000023333333FFFFD333333365
:10F88000109FFFFFFFFFFFFFFFFFFFFF5FFFFFFF77
:10F89000FFFFFFFFFFFFFFFBFFFFFFFFFFFFFFFF7C
:10F8A000FFFFFFCEFFFFFFFFFFFFFFFFFFFFFA3A63
:10F8B000BBBBBBBFFFFFBBBBBBB91000000001FF60
:10F8C000FFD000000000000000001FFFFD0000004E
:10F8D000000000000001FFFFD00000000000000059
:10F8E000001FFFFD000000000000000001FFFFD02E
:10F8F00000000000000000001FFFFD0000000000ED
:10F9000000000001FFFFD000000000000000000E1A
:10F91000FFFA00000000000000000039A8100000FD
:10F920000000000000000000000000000007FFFFD2
:10F93000FFFFFFFFFFFFFFFFF4FFFFFFFFFFFFFFE2
:10F94000FFFFFFFFBFFFFFFFFFFFFFFFFFFFFFFC0A
:10F95000EFFFFFFFFFFFFFFFFFFFFFA4CDDDDDDDBA
:10F96000DDDDDDDDDDDDB200000000000256775395
:10F970000000000000000000000049FFFFFFFFFB47
:10F9800050000000000000003CFFFFFFFFFFFFFEF3
:10F9900050000000000009FFFFFA400038FFFFFBA5
:10F9A0001000000001CFFFFE300000001CFFFFE34D
:10F9B0000000001DFFFFE20003983000CFFFFF3082
:10F9C0000000CFFFFF500004FFFA002FFFFFE2000E
:10F9D00009FFFFFD000004FFFFA009FFFFFD003F3E
:10F9E000FFFFF800000BFFFFF204FFFFFF70CFFFE7
:10F9F000FFF601C9DFFFFFF702FFFFFFF1EFFFFF97
:10FA0000F503FFFFFFFFF701FFFFFFF28FFFFFF698
:10FA100001FFFFFFFFF502FFFFFFC00DFFFFFA0030
:10FA2000AFFFFFFFE006FFFFFF3003FFFFFF101DEA
:10FA3000FFFFFF400DFFFFF700005FFFFFA0019FEA
:10FA4000FFB3007FFFFFA0000007FFFFF8000010DA
:10FA50000005FFFFFA000000004EFFFFB2000001AA
:10FA60008FFFFF800000000001BFFFFFC878BFFFCD
:10FA7000FFD400000000000003BFFFFFFFFFFFD620
:10FA80000000000000000000027ADFFFDB830000BE
:10FA900000000009600000000000000000000000FD
:10FAA00000000009FFA000000000000000000000AE
:10FAB00000000000EFFFD200000000000000000086
:10FAC0000000000002DFFFF5000000257765200040
:10FAD000000000000000AFFFF9005AEFFFFFFFE950
:10FAE000300000000000007FFFFCEFFFFFFFFFFF82
:10FAF000FFB20000000000003EFFFFFFF830014BA6
:10FB0000FFFFF70000000000001CFFFFE100000005
:10FB100005FFFFFB00000000000008FFFFB1079792
:10FB20001004FFFFFC00000000100005FFFFD3AF32
:10FB3000FF5007FFFFFB0000001EA00002DFFFFDDB
:10FB4000FFFF400EFFFFF7000009FFD20000AFFFEC
:10FB5000FFFFFC00AFFFFFF20002FFFFF500006FA8
:10FB6000FFFFFFF008FFFFFFA0004FFFFFF80000BE
:10FB70003EFFFFFF107FFFFFFC0000EFFFFFF100E3
:10FB8000001BFFFFF009FFFFFF600005FFFFFF50B4
:10FB9000000007FFFFB1DFFFFFC0000009FFFFFC0F
:10FBA00000000004EFFFEFFFFFE10000000CFFFF8B
:10FBB000F500000001CFFFFFFFF3000000000CFF85
:10FBC000FFF4000000009FFFFFF400000000000AA7
:10FBD000FFFFF8100000005FFFFD200000000000A4
:10FBE00005EFFFFFA87800002DFFFF500000000088
:10FBF00000007EFFFFFFFD20000AFFFF80000000E5
:10FC0000000000048BEFFEC8000007FFFFC10000EA
:10FC1000000000000000000000000003EFFFE30010
:10FC200000000000000000000000000001CFFF50B5
:10FC300000000000000000000000000000008FA095
:10FC40000000000000000000000000000000002094
:10FC500000000000000000009DB200000000000055
:10FC6000000000000000009FFFD000000000000026
:10FC70000000000000002FFFFF60000000000000F7
:10FC800000000000000BFFFFFE100000000000005D
:10FC90000000000005FFFFFFF90000000000000069
:10FCA00000000000DFFFFFFFF20000000000000086
:10FCB0000000007FFFFFFFFFB00000000000000019
:10FCC00000001FFFFFFFFFFF4000000000000000DA
:10FCD0000009FFFFFFFFFFFD000000000000000023
:10FCE00003FFFF80004FFFF700000000000000004E
:10FCF000CFFFF60003FFFFF1000000000000005FEF
:10FD0000FFFF70003FFFFF900000000000000EFFAB
:10FD1000FFF80004FFFFFF20000000000007FFFFC6
:10FD2000FF90005FFFFFFB000000000001FFFFFFEE
:10FD3000FA0006FFFFFFF50000000000AFFFFFFF25
:10FD4000B0007FFFFFFFD0000000003FFFFFFFFD7E
:10FD50000009FFFFFFFF700000000CFFFFFFFFFE28
:10FD6000EEFFFFFFFFFF10000005FFFFFFFFFF504A
:10FD70003DFFFFFFFFF9000000EFFFFFFFFF8000E6
:10FD80004FFFFFFFFFF300008FFFFFFFFFF50001B4
:10FD9000FFFFFFFFFFC0001FFFFFFFFFFF90005F9F
:10FDA000FFFFFFFFFF500AFFFFFFFFFFFF725EFF35
:10FDB000FFFFFFFFFE00FFFFFFFFFFFFFFFFFFFF53
:10FDC000FFFFFFFFF30DFFFFFFFFFFFFFFFFFFFF41
:10FDD000FFFFFFFF104FFFFFFFFFFFFFFFFFFFFFD2
:10FDE000FFFFFF8000133333333333333333333385
:10FDF000333310000000000000000000000010007D
:10FE00000000000000000000000004FD10000000E1
:10FE10000000000000000007FFD10000000000000B
:10FE20000000000008FFFD10DFFFFFC1000000031D
:10FE3000EFFFFFFFD1FFFFFFFC0000003FFFFFFFD0
:10FE4000FFFCFFFFFFFFC00002EFFFFFFFFFFDFF12
:10FE5000FFFFFFFB002EFFFFFFFFFFE201111BFF73
:10FE6000FC01DFFFF818FFFE20000000CFD11DFFCE
:10FE7000FF8008FFE2000000000A10CFFFF9000633
:10FE8000FE2000000000000CFFFFA0000041000069
:10FE900000000000BFFFFB00000010000000000099
:10FEA0000AFFFFC0260004FC10000000009FFFFCBA
:10FEB00001DF5007FFC100000009FFFFD11DFFF562
:10FEC00008FFFC10DEEEEFFFFD103FFFFFEFFFFF2E
:10FED000C1FFFFFFFFE20004FFFFFFFFFFFCFFFF8A
:10FEE000FFFE2000005FFFFFFFFFFEFFFFFFE300BC
:10FEF000000006FFFFFFFFE31222221000000000B7
:10FF00001229FFFE3000000000000000000008FF82
:10FF1000E30000000000000000000006FE300000CA
:10FF2000000000000000000000520000000000007F
:10FF30000026000000000000000000003FFB000061
:10FF4000000000000000003FFFFB00000000000078
:10FF500000003FFFFFFB000000000000003FFFFF2C
:10FF6000FFFB0000000000003FFFFFFFFFFB000061
:10FF70000000003FFFFF91DFFFFB000000003FFF9C
:10FF8000FF9001DFFFFB0000003FFFFF900001DF5B
:10FF9000FFFB00003FFFFF90000001DFFFFB003F81
:10FFA000FFFF9000000001DFFFFB0BFFFF90000050
:10FFB000000001DFFFF55FFF80000000000001DFAF
:10FFC000FD106E8000000000000001CC10016200F6
:10FFD000000000000000044001DFE200000000001B
:10FFE0000007FF70AFFFE2000000000007FFFF48BE
:10FFF000FFFFE20000000007FFFFF20AFFFFE20040
:020000040805ED
:10000000000007FFFFF4000AFFFFE2000007FFFF08
:10001000F400000AFFFFE20007FFFFF40000000AFF
:10002000FFFFE207FFFFF4000000000AFFFFE9FF07
:10003000FFF400000000000AFFFFFFFFF4000000D3
:100040000000000AFFFFFFF4000000000000000AAB
:10005000FFFFF400000000000000000AFFF40000B1
:100060000000000000000009E400000000000000A3
:1000700003A40000000000000000000000000000D9
:1000800004FFF40000000000000000000000000079
:1000900004FFFFF4002DFFFFFFFFFFFFD200000071
:1000A00004FFFFFFF405FFFFFFFFFFFFFF600000FD
:1000B00004FFFFFFFFF40AFFFFFFFFFFFFF6000052
:1000C00004FFFFFFFFFFF404444444444EFF60007C
:1000D00000CFFF6FFF6FFFC00000000000DFF600E1
:1000E0000006FF42FFF24FF600000000000DFF6027
:1000F000000003202FFF2023000000000000DFF697
:100100000000000002FFF2000000000000000DFFF0
:1001100060000000002FFF2000000000000000DF52
:10012000F60000000002FFF2000000000000000DD9
:10013000FF60000000002FFF200000000000BE4014
:10014000DFF60AF5000002FFF200000000007FFF6A
:100150003DFF69FFF100002FFF200000000004FFB9
:10016000FEEFFDFFFD000002FFFFFFFFFFFFF905AF
:10017000FFFFFFFFFD1000002FFFFFFFFFFFFFF756
:1001800005FFFFFFFD10000000FFFFFFFFFFFFFF67
:100190008005FFFFFC100000000144444444444437
:1001A000400005FFFC1000000000000000000000FF
:1001B00000000005FC10000000000000000000002E
:1001C00000000000000000000004788888886000BB
:1001D0000000000000007FFFFFFFFFF800000000AC
:1001E000000000EFFFFFFFFFFF80000000000000A5
:1001F000FFFFFFFFFFFFF9444444444300FFFFFFBC
:10020000FFFFFFFFFFFFFFFFFFF4FFFFFFFFFFFF09
:10021000FFFFFFFFFFFFFDFFFFFFFFFFFFFFFFFFF0
:10022000FFFFFFFFFFFFFFFFFFFFFFFFFFFFFFFFDE
:10023000FFFFFFFFFFFFFFFFFFFFFFFFFFFFFFFFCE
:10024000FFFFFFFFFFFFFFFFFFFFFFFFFFFFFFFFBE
:10025000FFFFFFFFFFFFFFFFFFFFFFFFFFFFFFFFAE
:10026000FFFFFFFFFFFFFFFFFFFFFFFFFFFFFFFF9E
:10027000FFFFFFFFFFFFFFFFFFFFFFFFFFFFFFFF8E
:10028000FFFFFFFFFFFFFFFFFFFFFFFFFFFFFFFF7E
:10029000FFFFFFFFFFFFFFFFFFFFFFFFFFFFFFFF6E
:1002A000FFFFFFFFFFFFFFFFFFFFFFFFFFFFFFFF5E
:1002B000FFFFFFCFFFFFFFFFFFFFFFFFFFFFFFFC81
:1002C0002CFFFFFFFFFFFFFFFFFFFFFFC20000004B
:1002D0000000008B1000000000000000000000087B
:1002E000FFD1000000000000000000008FFFFD10A3
:1002F000000000000000000008FFFFFFD100000028
:1003000000000000008FFFFFFFFD10000000000054
:100310000008FFFFFFFFFFD10000000000008FFF7B
:10032000FFFFFFFFFD100000000008FFFFFFFFFFC1
:10033000FFFFD1000000006FFFFFFFFFFFFFFFFB8B
:10034000000000004EEEEEFFFFFFFEEEE8000000B2
:1003500000000001FFFFFF6000000000000000003F
:1003600001FFFFFF60000000000000000001FFFF30
:10037000FF60000000000000000001FFFFFF6000C0
:100380000000000000000001FFFFFF60000000000F
:100390000000000001FFFFFF6000000000000000FF
:1003A0000001FFFFFF60000000000000000001FFEF
:1003B000FFFF60000000009FFFFFFF20FFFFFF62C4
:1003C000FFFFFFF9FFFFFFFF507BBBB915FFFFFFEA
:1003D000FFFFFFFFFFE20000002EFFFFFFFFFFFF18
:1003E000FFFFFFBAAAABFFFFFFFFFFFFFFFFFFFF0B
:1003F000FFFFFFFFCFFDEFFFFFFFFFFFFFFFFFFF4F
:10040000FC06F02FFFFFFFFFFFFFFFFFFFFE4AF597
:100410007FFFDFFFFFFFFFFFFFFFFFFFFFFFFD038A
:10042000333333333333333333333330000000006B
:10043000000000000004B8410000000000000000BF
:10044000000000DFFFFD930000000000000000003E
:100450004FFFFFFFE000000000000000000BFFFF67
:10046000FFFF000000000000000002FFFFFFFFE0B0
:1004700000000000000000008FFFFFFFFD000000F3
:1004800000000000000FFFFFFFFFB00000000000B1
:10049000000001FFFFFFFFF8000000000000000067
:1004A00004EFFFFFFF40000000000000000002DF3B
:1004B000FFFFF000000000000000000001DFFFFB74
:1004C000000000000000000000002FFFFF500000AF
:1004D000000000000000000BFFFFE0000000000033
:1004E0000000000005FFFFF6000000000000000013
:1004F0000003FFFFFD00000000000000000001EF0E
:10050000FFFF30000000006CB0000002EFFFFF8032
:1005100000000028EFFFA00004FFFFFFB000000371
:10052000BFFFFFFF701AFFFFFFC0000000FFFFFFCB
:10053000FFFF9FFFFFFFD10000000DFFFFFFFFFF48
:10054000FFFFFFC1000000009FFFFFFFFFFFFFFF55
:10055000900000000006FFFFFFFFFFFFFE500000BD
:100560000000002FFFFFFFFFFFF800000000000069
:1005700000EFFFFFFFFD710000000000000009FF19
:10058000FFEB7300000000000000000003320000D9
:10059000000000000000000000000010000000004B
:1005A0000000000000007EFFD500000000002420B5
:1005B000000BFFFFFF700000001BFFFD206FFFFF1F
:1005C000FFF2000001DFFFFFA0CFFD35FFF80000C4
:1005D0001DFFFFFD10FFF5009FFB0001CFFFFFD1C6
:1005E00000FFF600AFFB000CFFFFFD1000BFFF890E
:1005F000FFF800CFFFFFD100004FFFFFFFFF4CFFD0
:10060000FFFD10000006FFFFFFFFFFFFFFD100000E
:1006100000003ACEFFFFFFFFFD10000000000000C9
:10062000AFFFFFFFD1000000000000001FFFFFFF31
:100630006000000000000012DFFFFFFFF400000078
:1006400000007EFFFFFFFFFFFF400000000BFFFFE9
:10065000FFFFEFFFFFF40000006FFFFFFFFC18FF3C
:10066000FFFF400000CFFD35FFF8008FFFFFF400D3
:1006700000FFF5009FFB0009FFFFFF4000FFF600B1
:10068000AFFB00009FFFFFF300BFFF89FFF70000F3
:1006900009FFFFFF304FFFFFFFE1000000AFFFFF4A
:1006A0009006FFFFFE3000000007EFE800003ACCA4
:1006B0008100000000000000000000004CDDDDDDD6
:1006C000DD11B2000000000AFFFFFFFFF11FE20092
:1006D000000000AFFFFFFFFF11FFE20000000AFF74
:1006E000FFFFFFF11FFFE2000000AFFFFFFFFF1160
:1006F000FFFFB9FFFD0AFFFFFFFFF1000000FFFF52
:10070000E0AFFFFFFFFF7000000FFFFE0AFFFFFFDB
:10071000FFFFFFFFFCFFFFE0AFFFFFFFFFFFFFFF5B
:10072000CFFFFE0AFFFFFFFFFFFFFFFCFFFFE0AF71
:10073000FFFFFFFFFFFFFFCFFFFE0AFFFFFFFFFFEF
:10074000FFFFFCFFFFE0AFFFFFFFFFFFFFFFCFFF5B
:10075000FE0AFFFFFFFFFFFFFFFCFFFFE0AFFFFF11
:10076000FFFFFFFFFFCFFFFE0AFFFFFFFFFFFFFFBF
:10077000FCFFFFE0AFFFFFFFFFFFFFFFCFFFFE0A21
:10078000FFFFFFFFFFFFFFFCFFFFE0AFFFFFFFFFEB
:10079000FFFFFFCFFFFE0AFFFFFFFFFFFFFFFCFF92
:1007A000FFF09FFFFFFFFFFFFFFFBFFFFF418999A2
:1007B000999999999982FFFFFE500000000000006E
:1007C000000FFFFFFFFFFFFFFFF1000000FFFFFF33
:1007D000FFFFFFFFFF1000000DFFFFFFFFFFFFFF08
:1007E000E00000001344444444444431000000004D
:1007F000001222222222222100000003EFFFFFFF2D
:10080000FFFFFFFF700000CFFFFFFFFFFFFFFFFFB5
:1008100080000FFFFFFFFFFFFFFFFFFF8000FFF6DD
:10082000222222222224FFFF800FFF40000000002E
:10083000000EFFFF70FFF4000000000000EFFFFF5C
:100840004FFF4000000000000EFFFFF8FFF4000023
:1008500000000000EFFFFF9FFF4000000000000EBF
:10086000FFFFF9FFF9444444444445FFFFFF9FFF65
:10087000FFFFFFFFFFFFFFFFFFF9FFFFFFFFFFFF8E
:10088000FFFFFFFFFF9FFFFFFFFFFFFFFFFFFFFFD8
:10089000F9FFFFFFFFF9104DFFFFFFFF9FFFFFFF75
:1008A000FA00002FFFFFFFF9FFFFFFFF400000BF2E
:1008B000FFFFFF9FFFFFFFF2000009FFFFFFF9FFAF
:1008C000FFFFFF600000CFFFFFFF9FFFFFFFFE1055
:1008D000006FFFFFFFF9FFFFFFFFFE87BFFFFFFF76
:1008E000FF9FFFFFFFFFFFFFFFFFFFFFF8AFFFFFCF
:1008F000FFFFFFFFFFFFFFFF419DDDDDDDDDDDDDF4
:10090000DDDDDC608BBBBBBBBBBBBBBBBBBBBB5FB9
:10091000FFFFFFFFFFFFFFFFFFFFFBFFFFFFFFFFEB
:10092000FFFFFFFFFFFFCCFFFFFFFFFFFFFFFFFF0A
:10093000FFF80000000000000000000000000000C0
:1009400000000000000000000000000000000000A7
:100950000000000000000000000000000000000097
:1009600069999999999999999999994FFFFFFFFFD9
:10097000FFFFFFFFFFFFFBFFFFFFFFFFFFFFFFFF8B
:10098000FFFFCDFFFFFFFFFFFFFFFFFFFFF90000AD
:100990000000000000000000000000000000000057
:1009A0000000000000000000000000000000000047
:1009B0000000000000000000000000006999999903
:1009C000999999999999994FFFFFFFFFFFFFFFFFB1
:1009D000FFFFFBFFFFFFFFFFFFFFFFFFFFFFCDFF5D
:1009E000FFFFFFFFFFFFFFFFFFF900000000000017
:1009F0000000000000000144444444444444444492
:100A00004444104FFFFFFFFFFFFFFFFFFFFFFFF416
:100A1000DFFFFFFFFFFFFFFFFFFFFFFFFDFFFFFF08
:100A2000FFFFFFFFFFFFFFFFFFFFEFFFFFFFFFFFE6
:100A3000FFFFFFFFFFFFFE2DFFFFFFFFFFFFFFFF99
:100A4000FFFFFFD200AFFFFFFFFFFFFFFFFFFFFA37
:100A500000B205FFFFFFFFFFFFFFFFFF604EFF60DB
:100A60002DFFFFFFFFFFFFFFD208FFFFFA109FFFE0
:100A7000FFFFFFFFF902CFFFFFFFE405EFFFFFFFDE
:100A8000FE505FFFFFFFFFFF801CFFFFFFC10AFF5B
:100A9000FFFFFFFFFFFC208FFFF803DFFFFFFFFFDB
:100AA000FFFFFFF50299206FFFFFFFFFFFFFFFFF32
:100AB000FFB3003BFFFFFFFFFFFFFFFFFFFFFFFF55
:100AC000FFFFFFFFFFFFFFFFFFFFFFFFFFFFFFFF36
:100AD000FFFFFFFFFFFFFFFFFFFFFFFFFFFFFFFF26
:100AE000CFFFFFFFFFFFFFFFFFFFFFFFFC2CFFFF1C
:100AF000FFFFFFFFFFFFFFFFFFC20009AAAAAAA98D
:100B0000000000005FFFFFFFFF500000008FFFFFAD
:100B1000FFFF10000000AFFFFFFFFC00000000CF50
:100B2000FFFFFFF700000000EFFFFFFFF2000000F3
:100B300000FFFFFFFFD000000003FFFFFFFF70007A
:100B4000000005FFFFFFFFA888886007FFFFFFFF89
:100B5000FFFFFFF309FFFFFFFFFFFFFFE00BFFFFBA
:100B6000FFFFFFFFFF600DFFFFFFFFFFFFFC000F18
:100B7000FFFFFFFFFFFFF30009FFFFFFFFFFFFA0E5
:100B80000000000000DFFFFF100000000001FFFF79
:100B9000F7000000000005FFFFE000000000000972
:100BA000FFFF5000000000000DFFFC0000000000EF
:100BB000001FFFF20000000000004FFF9000000047
:100BC0000000008FFE10000000000000CFF70000C2
:100BD0000000000000FFD000000000000000FF4007
:100BE00000000000000000230000000000000000E2
:100BF0006CC80000000000000033338FFFFB33336C
:100C000010000000DFFFFFF75FFFFFFF1000000F85
:100C1000FFFFFF00BFFFFFF3000000FFFFFFF53FF6
:100C2000FFFFFF3000000FFFFFFFFFFFFFFFF3009C
:100C30000000FFFFFFFFFFFFFFFF3000000FFFFF7F
:100C4000FFA200000000000000FFFFFFD07DDDDDFF
:100C5000DD21B2000FFFFFF80EFFFFFFF31FE200E0
:100C6000FFFFFF80EFFFFFFF31FFE20FFFFFF80EF6
:100C7000FFFFFFF31FFFE2FFFFFF80EFFFFFFF31EA
:100C8000FFFFBFFFFFF80EFFFFFFF3000000FFFFB5
:100C9000FF80EFFFFFFFA222221FFFFFF80EFFFFE2
:100CA000FFFFFFFFFCFFFFFF80EFFFFFFFFFFFFFE6
:100CB000CFFFFFF80EFFFFFFFFFFFFFCFFFFFF80EE
:100CC000EFFFFFFFFFFFFFCFFFFFF80EFFFFFFFF6C
:100CD000FFFFFCEFFFFF80EFFFFFFFFFFFFFC256AC
:100CE00066630EFFFFFFFFFFFFFC00000000EFFF49
:100CF000FFFFFFFFFFC00000000EFFFFFFFFFFFF31
:100D0000FC00000000EFFFFFFFFFFFFFC00000003E
:100D10000CFFFFFFFFFFFFFA000000000344444404
:100D20004444430000000000009E600000000000FA
:100D3000000000003FFF0000000000000000000570
:100D4000FFF100000000000000007EFFFFFC4000FB
:100D50000000000001CFFFFFFFFF90000000000037
:100D6000DFFFFFFFFFFFA0000000009FFFFFFFFF6E
:100D7000FFFF500000002FFFFFFFFFFFFFFD0000FF
:100D80000007FFFFFFFFFFFFFFF3000000AFFFFFC3
:100D9000FFFFFFFFFF5000000BFFFFFFFFFFFFFF04
:100DA000F7000000CFFFFFFFFFFFFFFF8000000DF7
:100DB000FFFFFFFFFFFFFFF9000000FFFFFFFFFF46
:100DC000FFFFFFC000004FFFFFFFFFFFFFFFFF001F
:100DD0000009FFFFFFFFFFFFFFFFF50001EFFFFF2F
:100DE000FFFFFFFFFFFFB000BFFFFFFFFFFFFFFFA1
:100DF000FFFF709FFFFFFFFFFFFFFFFFFFFF5FFF92
:100E0000FFFFFFFFFFFFFFFFFFFB9FFFFFFFFFFF56
:100E1000FFFFFFFFFF601222222222222222222233
:100E200010000000000000000000000000000000B2
:100E30000CFFFFF800000000000000007FFFFF3003
:100E400000000000000000009FFF600000000000A4
:100E5000000000001300000000000001444444446E
:100E6000444444444444444442005FFFFFFFFFFFC6
:100E7000FFFFFFFFFFFFFFFF80EFFFFFFFFFFFFF11
:100E8000FFFFFFFFFFFFFFF1FFFFFFFFFFFFFFFF80
:100E9000FFFFFFFFFFFFF3FFF4009F200BF100CFE8
:100EA000000FC001FFF4FFF4008F100AF000BE0035
:100EB0000EB000FFF4FFF500AF200BF100CF000FE4
:100EC000C001FFF4FFFFFFFFFFFFFFFFFFFFFFFF7A
:100ED000FFFFF4FFFFFFAABFEAACFEAADFDAADFF17
:100EE000FFF4FFFFFB001F8002F7004F4007FFFFEA
:100EF000F4FFFFFB001F8002F7004F4007FFFFF4E5
:100F0000FFFFFC003FA004F9006F6008FFFFF4FF43
:100F1000FFFFFFFFFFFFFFFFFFFFFFFFFFF4FFFCEF
:100F200099EFB99999999999AFF99AFFF4FFF4005B
:100F30008F1000000000000EB000FFF4FFF4008FDF
:100F40001000000000000EB000FFF4FFF844BF6482
:100F500044444444444FD445FFF4FFFFFFFFFFFFE8
:100F6000FFFFFFFFFFFFFFFFF3CFFFFFFFFFFFFFCD
:100F7000FFFFFFFFFFFFFFF12CFFFFFFFFFFFFFF62
:100F8000FFFFFFFFFFFD4000000000000000000029
:100F90000000000000000000000000000000000051
:100FA00017B7000000000000000000000029FFFF4C
:100FB000800000000000000000003AFFFFFFF0008A
:100FC000000000000000004BFFFFFFFFD00000000A
:100FD000000000005DFFFFFFFFFF60000000000059
:100FE000007EFFFFFFFFFFFE0000000000018FFFFB
:100FF000FFFFFFFFFFF700000000029FFFFFFFFF62
:10100000FFFFFFF100000003BFFFFFFFFFFFFFFF37
:10101000FF90000005CFFFFFFFFFFFFFFFFFFF2056
:101020000002DFFFFFFFFFFFFFFFFFFFFA00000CE2
:10103000FFFFFFFFFFFFFFFFFFFFF300000FFFFFBA
:10104000FFFFFFFFFFFFFFFFB000000BFFFFFFFFF1
:10105000FFFFFFFFFFFF40000001ADEEEEEEEEFFF1
:10106000FFFFFFFD000000000000000000AFFFFFD9
:10107000FFF5000000000000000000AFFFFFFFE0F0
:10108000000000000000000000AFFFFFFF60000054
:1010900000000000000000AFFFFFFE0000000000A5
:1010A0000000000000AFFFFFF8000000000000009B
:1010B000000000AFFFFFF100000000000000000092
:1010C00000AFFFFF9000000000000000000000AF34
:1010D000FFFF20000000000000000000009FFFFA5A
:1010E00000000000000000000000007FFFF300008F
:1010F0000000000000000000001CFF800000000055
:101100000000000000000000310000000000004866
:10111000888888888307000000FFFFFFFFFFF60F25
:10112000C10000FFFFFFFFFFF60FFC1000FFFFFFF5
:10113000FFFFF60FFFC100FFFFFFFFFFF60FFFFCF1
:1011400010FFFFFFFFFFF60FFFFFC0FFFFFFFFFFD6
:10115000F60FFFFFF6FFFFFFFFFFF900000000FFA3
:10116000FFFFFFFFFFDDDDDDD6FFFFFFFFFFFFFF1E
:10117000FFFFF8FFFFFFFFFFFFFFFFFFF8FFFFFF8D
:10118000FFFFFFFFFFFFF8FFFFFFFFFFFFFFFFFF76
:10119000F8FFFFFFFFFFFFFFFFFFF8FFFFFFFFFF6D
:1011A000FFFFFFFFF8FFFFFFFFFFFFFFFFFFF8FF5D
:1011B000FFFFFFFFFFFFFFFFF8FFFFFFFFFFFFFF46
:1011C000FFFFF8FFFFFFFFFFFFFFFFFFF8FFFFFF3D
:1011D000FFFFFFFFFFFFF8FFFFFFFFFFFFFFFFFF26
:1011E000F8FFFFFFFFFFFFFFFFFFF8FFFFFFFFFF1D
:1011F000FFFFFFFFF8FFFFFFFFFFFFFFFFFFF8FF0D
:10120000FFFFFFFFFFFFFFFFF7BFFFFFFFFFFFFF36
:10121000FFFFF300000000000000000000000000DD
:10122000000000000121000000000000000000009C
:10123000000026ADFFFFFFEB84000000000000006F
:101240000017DFFFFFFFFFFFFFFFA300000000000C
:10125000018FFFFFFFFFFFFFFFFFFFFC40000000CB
:1012600005EFFFFFFFFFFFFFFFFFFFFFFFA10000F4
:101270001BFFFFFFFC8420000136AEFFFFFFF500DF
:101280002DFFFFFE8100000000000004BFFFFFF7FC
:101290000DFFFFF80000000000000000003CFFFF11
:1012A000F58FFFD20000000000000000000008FFE2
:1012B000FE108FA000000038CDEFECA61000000457
:1012C000FE200030000007EFFFFFFFFFFFA300003C
:1012D0000110000000004EFFFFFFFFFFFFFFFA00BC
:1012E0000000000000008FFFFFFFFFFFFFFFFFFD7A
:1012F0003000000000003FFFFFFB6321248DFFFF53
:10130000FB000000000000AFFF910000000005DFBF
:10131000FE300000000000009E40000000000000C1
:10132000AE300000000000000000000000000000DF
:1013300000000000000000000000000005BD91005A
:1013400000000000000000000000000005FFFFD0CA
:1013500000000000000000000000000000DFFFFFB0
:10136000500000000000000000000000000FFFFF20
:10137000F700000000000000000000000000CFFFA8
:10138000FF4000000000000000000000000003FF1C
:10139000FFA00000000000000000000000000001AD
:1013A0007950000000000000001BEFFFFFFFFFFF6F
:1013B000FFFFFFFFFFFFFFE9000BFFFFFFFFFFFF46
:1013C000FFFFFFFFFFFFFFFFF700FFFFFFFFFFFF34
:1013D000FFFFFFFFFFFFFFFFFFA00FFF7444444428
:1013E0004444444444444444AFFE90FFF4000000AD
:1013F000000000000000000008FFFF4FFF42FFFF59
:10140000FFFFFFFFFFFFFFFFF08FFFF5FFF42FFF50
:10141000FFFFFFFFFFFFFFFFFF048FFF5FFF42FFA4
:10142000FFFFFFFFFFFFFFFFFFF000EFF5FFF42FCF
:10143000FFFFFFFFFFFFFFFFFFFF000EFF5FFF4209
:10144000FFFFFFFFFFFFFFFFFFFFF013FFF5FFF4BC
:101450002FFFFFFFFFFFFFFFFFFFFF08FFFF5FFF03
:101460004188888888888888888888808FFFF5FFE9
:10147000F4000000000000000000000008FFFE1F54
:10148000FFFFFFFFFFFFFFFFFFFFFFFFFFFFFB006F
:10149000DFFFFFFFFFFFFFFFFFFFFFFFFFFFFF90EB
:1014A00005FFFFFFFFFFFFFFFFFFFFFFFFFFFFE164
:1014B0000001444444444444444444444444443087
:1014C00000001BEFFFFFFFFFFFFFFFFFFFFFFFFF1E
:1014D000E9000BFFFFFFFFFFFFFFFFFFFFFFFFFF25
:1014E000FFF700FFFFFFFFFFFFFFFFFFFFFFFFFF13
:1014F000FFFFA00FFF744444444444444444444424
:1015000044AFFE90FFF40000000000000000000067
:101510000008FFFF4FFF42FFFFFFFFFFFFFFFF201D
:1015200000008FFFF5FFF42FFFFFFFFFFFFFFFF22B
:101530000000048FFF5FFF42FFFFFFFFFFFFFFFF81
:1015400020000000EFF5FFF42FFFFFFFFFFFFFFF7C
:10155000F20000000EFF5FFF42FFFFFFFFFFFFFFF3
:10156000FF20000013FFF5FFF42FFFFFFFFFFFFF39
:10157000FFF2000008FFFF5FFF41888888888888A5
:1015800088881000008FFFF5FFF4000000000000C5
:10159000000000000008FFFE1FFFFFFFFFFFFFFF2E
:1015A000FFFFFFFFFFFFFFFB00DFFFFFFFFFFFFF6E
:1015B000FFFFFFFFFFFFFFFF9005FFFFFFFFFFFFA4
:1015C000FFFFFFFFFFFFFFFFE100014444444444ED
:1015D00044444444444444443000001BEFFFFFFFB4
:1015E000FFFFFFFFFFFFFFFFFFE9000BFFFFFFFF14
:1015F000FFFFFFFFFFFFFFFFFFFFF700FFFFFFFF02
:10160000FFFFFFFFFFFFFFFFFFFFFFA00FFF74447F
:1016100044444444444444444444AFFE90FFF400F2
:101620000000000000000000000008FFFF4FFF4224
:10163000FFFFFFFFFFF400000000008FFFF5FFF445
:101640002FFFFFFFFFFF4000000000048FFF5FFF40
:1016500042FFFFFFFFFFF4000000000000EFF5FF76
:10166000F42FFFFFFFFFFF4000000000000EFF5FB0
:10167000FF42FFFFFFFFFFF4000000000013FFF533
:10168000FFF42FFFFFFFFFFF400000000008FFFFF7
:101690005FFF4188888888888200000000008FFFF3
:1016A000F5FFF4000000000000000000000008FF4B
:1016B000FE1FFFFFFFFFFFFFFFFFFFFFFFFFFFFF1B
:1016C000FB00DFFFFFFFFFFFFFFFFFFFFFFFFFFF4D
:1016D000FF9005FFFFFFFFFFFFFFFFFFFFFFFFFF83
:1016E000FFE10001444444444444444444444444E9
:1016F000443000001BEFFFFFFFFFFFFFFFFFFFFF76
:10170000FFFFE9000BFFFFFFFFFFFFFFFFFFFFFFF2
:10171000FFFFFFF700FFFFFFFFFFFFFFFFFFFFFFE0
:10172000FFFFFFFFA00FFF7444444444444444447B
:10173000444444AFFE90FFF40000000000000000AD
:1017400000000008FFFF4FFF41FFFFFF60000000A7
:10175000000000008FFFF5FFF41FFFFFF600000000
:1017600000000000048FFF5FFF41FFFFFF600000EB
:10177000000000000000EFF5FFF41FFFFFF600007F
:101780000000000000000EFF5FFF41FFFFFF600050
:1017900000000000000013FFF5FFF41FFFFFF6003C
:1017A00000000000000008FFFF5FFF4088888830CD
:1017B000000000000000008FFFF5FFF400000000B3
:1017C0000000000000000008FFFE1FFFFFFFFFFFFA
:1017D000FFFFFFFFFFFFFFFFFFFB00DFFFFFFFFF3C
:1017E000FFFFFFFFFFFFFFFFFFFF9005FFFFFFFF72
:1017F000FFFFFFFFFFFFFFFFFFFFE1000144444445
:10180000444444444444444444443000001BEFFFF7
:10181000FFFFFFFFFFFFFFFFFFFFFFE9000BFFFFE1
:10182000FFFFFFFFFFFFFFFFFFFFFFFFF700FFFFCF
:10183000FFFFFFFFFFFFFFFFFFFFFFFFFFA00FFF07
:10184000744444444444444444444444AFFE90FFFC
:10185000F4000000000000000000000008FFFF4F3F
:10186000FF4000000000000000000000008FFFF5B6
:10187000FFF40000000000000000000000048FFFE3
:101880005FFF40000000000000000000000000EFCB
:10189000F5FFF40000000000000000000000000E52
:1018A000FF5FFF4000000000000000000000001388
:1018B000FFF5FFF400000000000000000000000839
:1018C000FFFF5FFF4000000000000000000000007C
:1018D0008FFFF5FFF4000000000000000000000092
:1018E00008FFFE1FFFFFFFFFFFFFFFFFFFFFFFFFE0
:1018F000FFFFFB00DFFFFFFFFFFFFFFFFFFFFFFF1B
:10190000FFFFFF9005FFFFFFFFFFFFFFFFFFFFFF50
:10191000FFFFFFE100014444444444444444444440
:101920004444443000000000000000000000017743
:10193000100000000000000000000000000002EFA6
:10194000FE20000000000000000000000005BCDFD9
:10195000FFF9000000000000000000000008FFFF89
:10196000FFFFA00000000000000000000002FE31A8
:101970005FFFF40000000000000000000000BF5006
:10198000005CC500000000000000465000003FC0A1
:1019900000000000000000000000BFFFD2000AF4B9
:1019A00000000000000000C800009FFFFFC004FC12
:1019B000000000000000000EFE500EFFFFFFCCFFF5
:1019C000ECCCCCCCCCCCCCCCFFFFB2FFFFFFFFFFEC
:1019D000FFFFFFFFFFFFFFFFFFFFFF5BFFFFFE00BB
:1019E0000002DF400000000000EFFA102EFFFF4071
:1019F000000003FB00000000000DD3000018B92018
:101A00000000000BF30000000000200000000000B8
:101A1000000000005FA00033333000000000000031
:101A20000000000000DF301FFFFF5000000000003A
:101A3000000000000004FE77FFFFF500000000003A
:101A400000000000000007FFFFFFFF500000000043
:101A5000000000000000000256FFFFF5000000003B
:101A60000000000000000000001FFFFF5000000009
:101A700000000000000000000000233330000000E0
:101A80000000000026ACDCB84000000000019FFF11
:101A9000FFFFFFD300000002DFFFFE9FFFFFF50006
:101AA0000001DFFFFFE0AFFFFFF300008FFFFFFE4D
:101AB00000BFFFFFC0000FFFFFFFE000CFFFFF30C0
:101AC00005FFFFFFFE0001DFFFF800AFFFD9FFE0D9
:101AD0003A01DFFFC00DFFF108FE02FA02EFFF003E
:101AE000FFFFB008E02F505FFFF11FFFFFA00702CC
:101AF000504FFFFF22FFFFFFA000002FFFFFF33F2B
:101B0000FFFFFFA0001EFFFFFF43FFFFFFFF400797
:101B1000FFFFFFF43FFFFFFF500009FFFFFF32FF11
:101B2000FFFF5000000AFFFFF30FFFFF501C02A051
:101B30000BFFFF20EFFF501DF02FA00DFFF00CFF5B
:101B4000F41DFF02F504FFFE008FFFFDFFF02503EB
:101B5000FFFFA003FFFFFFFF0003FFFFF6000CFFE6
:101B6000FFFFF003FFFFFF00003FFFFFFF03FFFF4A
:101B7000FF7000006FFFFFF3FFFFFFC00000004E8B
:101B8000FFFFFFFFFFC10000000006BFFFFFEA40AC
:101B90000000000000000011000000000000000034
:101BA00004BCCCCCA100000000222222EFFFFFFFEA
:101BB000A2222210EFFFFFFFFFFFFFFFFFFFFFAF9B
:101BC000FFFFFFFFFFFFFFFFFFFFFCEFFFFFFFFF38
:101BD000FFFFFFFFFFFFA022222222222222222239
:101BE00022100144444444444444444440006FFFB0
:101BF000FFFFFFFFFFFFFFFF2006FFFFFFFFFFFFCD
:101C0000FFFFFFF2006FFFFFFFFFFFFFFFFFFF205F
:101C100006FFFD1DFFB1EFF92FFFF2006FFFB0BF10
:101C2000F90DFF70FFFF2006FFFB0BFF90DFF70FA2
:101C3000FFF2006FFFB0BFF90DFF70FFFF2006FF3E
:101C4000FB0BFF90DFF70FFFF2006FFFB0BFF90D46
:101C5000FF70FFFF2006FFFB0BFF90DFF70FFFF287
:101C6000006FFFB0BFF90DFF70FFFF2006FFFB0BF9
:101C7000FF90DFF70FFFF2006FFFB0BFF90DFF70AD
:101C8000FFFF2006FFFB0BFF90DFF70FFFF2006F57
:101C9000FFB0BFF90DFF70FFFF2006FFFD1DFFB174
:101CA000EFF92FFFF2005FFFFFFFFFFFFFFFFFFFD6
:101CB0001003FFFFFFFFFFFFFFFFFFF00009FFFF23
:101CC000FFFFFFFFFFFFF60000023444444444449A
:101CD00044310000000000000000000000007B70A4
:101CE0000000000000000000000000BFFFC0000076
:101CF0000000000000000000BFFFFFC00000000067
:101D00000000000000BFFFFFFFC000000000000057
:101D1000000007FFFFFFFF9000000000000000B57B
:101D200007FFFFFFFF00000000000000BFF507FFF6
:101D3000FFFFD0000000000000BFFFF507FFFFF32A
:101D4000000000000000BFFFFFF507FFF4000000E7
:101D5000000000BFFFFFFFF507F4000000000000D7
:101D6000BFFFFFFFFFF502000000000000BFFFFF04
:101D7000FFFFFFF1000000000000BFFFFFFFFFFFBB
:101D8000F4000000000000BFFFFFFFFFFFF40000B1
:101D900000000000BFFFFFFFFFFFF4000000000095
:101DA00000BFFFFFFFFFFFF4000000000000BFFFC7
:101DB000FFFFFFFFF4000000000000BFFFFFFFFF78
:101DC000FFF4000000000000BFFFFFFFFFFFF40072
:101DD00000000000006FFFFFFFFFFFF400000000A5
:101DE000000008FFFFFFFFFFF400000000000000FC
:101DF0009FFFFFFFFFF4000000000000000BFFFF4B
:101E0000FFFFF40000000000000000DFFFFFFFF410
:101E100000000000000000000FFFFFFFF4000000C2
:101E2000000000000000DFFFECA400000000000044
:101E30000000000031000000000000000000000071
:101E4000000000000004788888888888888888874F
:101E500030000000001CFFFFFFFFFFFFFFFFFFFF40
:101E6000FF800000001DFFFFFFFFFFFFFFFFFFFFE0
:101E7000FFFF3000001DFFFFFFFFFFFFFFFFFFFF21
:101E8000FFFFF700001DFFFFFFFFFADFFFFFDAFF94
:101E9000FFFFFF80001DFFFFFFFFF801DFFFD108FC
:101EA000FFFFFFF8001DFFFFFFFFFD0001DFD10076
:101EB0000DFFFFFF801DFFFFFFFFFFF70001B100D7
:101EC00007FFFFFFF81DFFFFFFFFFFFFF700000008
:101ED00007FFFFFFFF8CFFFFFFFFFFFFFFF7000083
:101EE00007FFFFFFFFF8FFFFFFFFFFFFFFFFD0002F
:101EF00000DFFFFFFFFF86FFFFFFFFFFFFFFD100B7
:101F00000001DFFFFFFFF807FFFFFFFFFFFFD1002A
:101F1000030001DFFFFFFF8007FFFFFFFFFFE1007E
:101F200007F70001EFFFFFF80007FFFFFFFFFE20AC
:101F300007FFF7002EFFFFFF800007FFFFFFFFFEF8
:101F400027FFFFF72EFFFFFFF8000006FFFFFFFF50
:101F5000FFFFFFFFFFFFFFFFFF70000006FFFFFF17
:101F6000FFFFFFFFFFFFFFFFFFF500000006FFFF81
:101F7000FFFFFFFFFFFFFFFFFFFE0000000004DF89
:101F8000FFFFFFFFFFFFFFFFFFFB20000001DFFF60
:101F9000FFFFFFD90000001DFFFFFFFFFFFFB000A4
:101FA00001DFFFFFFFFFFFFFF2001DFC44FC44FCCC
:101FB00044FFF501DFFB00EB00EB00EFF51DFFFB3D
:101FC00000EB00EB00EFF5DFFFFB00EB00EB00EFB9
:101FD000F5FFFFFB00EB00EB00EFF5FFFFFFDDFF80
:101FE000DDFFDDFFF5FFFFFFFFFFFFFFFFFFF5FF59
:101FF000FFFFFFFFFFFFFFFFF5FFFFFFFFFFFFFFFB
:10200000FFFFF5FFFFFFFFFFFFFFFFFFF5FFFFFFF4
:10201000FFFFFFFFFFFFF5FFFFFFFFFFFFFFFFFFDA
:10202000F5FFFFFFFFFFFFFFFFFFF5FFFFFFFFFFD4
:10203000FFFFFFFFF5FFFFFFFFFFFFFFFFFFF5FFC4
:10204000FFFFFFFFFFFFFFFFF5FFFFFFFFFFFFFFAA
:10205000FFFFF5FFFFFFFFFFFFFFFFFFF5FFFFFFA4
:10206000FFFFFFFFFFFFF5FFFFFFFFFFFFFFFFFF8A
:10207000F5DFFFFFFFFFFFFFFFFFF37FFFFFFFFF26
:10208000FFFFFFFFC007EFFFFFFFFFFFFFFA10009A
:102090000000000000000000000000000000000040
:1020A0000000000000000000000000000000000030
:1020B000000005F100000000000000000000000525
:1020C000FF100000000000000000000005FFF1000C
:1020D0000001AA00000000000000EFFF100001DF77
:1020E000F30000000000000FFFF10002DFFF3000EE
:1020F0000000000000FFFF1002EFFFF300000000EF
:1021000000000FFFF103EFFFFF86666666666666F6
:10211000FFFF14FFFFFFFFFFFFFFFFFFFFFFFFF1C8
:10212000DFFFFFFFFFFFFFFFFFFFFFFFFF17FFFFC7
:10213000FFFFFFFFFFFFFFFFFFFFF107FFFFFFCBE9
:10214000BBBBBBBBBBBBBBA70006FFFFF3000000D4
:102150000000000000000005FFFF3000000000004C
:10216000000000000004FFF3000000000000000079
:1021700000000003EE10000000000000000000005E
:102180000000000000000000000000006C765F64AA
:102190006973705F6472765F726567697374657284
:1021A000000000005F6C765F696E6465765F726543
:1021B000616400006C765F696E6465765F64727658
:1021C0005F72656769737465720000006C765F61A9
:1021D0006E696D5F7374617274000000E1C6D16551
:1021E000C145B0E3D8CCC0CBA8AA8869893578F4BA
:1021F00068D348B159B65175413430D23A5531F3AC
:1022000029B2190F1C5C1BBA13380A3404DC045AB7
:1022100003B702B3057804B40411030C044F03CDD3
:10222000034B026845083C672BE61AE47D886CE79F
:1022300054453343C646ADA59CE483A2FEC6FE05C5
:10224000FD44F3E2FD80FD00FC60FB60FC60F3E018
:10225000EB60E280F283E243DA02B9A16A685A06CF
:1022600049A53924536F42CC3229218773AE630CC0
:10227000420821046C765F70616C657474655F64FC
:1022800061726B656E000000EA8AE38EECD3FE7A21
:10229000FF5DEA0FF312F476FDDAFF3DAA37BB5972
:1022A000CC9BE5FCF73E7AB893B9B4FBD63DEF3E44
:1022B0005B587C399D5BC65DEF5E453E65BE965FB3
:1022C000BEFFE79F2DBE4E1E86BFB73FE7BF263B32
:1022D0004E9C86FDB75EE7BF25334DB58658B6FBED
:1022E000E79E65CD8630A6B4CF39EFBD9E6CAEB00B
:1022F000C714DF79F7DDD70ADF2EE773F7B8FFDC05
:10230000FF6BFF8EFFB3FFD8FFFCFE45FEA9FF1059
:10231000FF76FFDCFD24FDA9FE70FF16FF9CFB8805
:10232000FC4CFD52FE77FF5C8B6CA44FBD54D679FC
:10233000EF5D7C939535B5F8CEDBEF7EBDF7E71CFE
:10234000EF7DF7BEFFDF00006C765F70616C657437
:1023500074655F6C69676874656E0000F206E8EC8E
:10236000993661D63A9624BE055E05FA04B14D6AE7
:102370008E09CEE7FF47FE00FCC0FAA47AA963F1FC
:102380009CF300006C765F70616C657474655F6DC2
:1023900061696E006C765F66735F6472765F72650A
:1023A00067697374657200006C765F66735F72654F
:1023B00061645F6361636865640000006C765F66FA
:1023C000735F6F70656E00008C47040894470408C3
:1023D0009C470408A4470408AC47040800003C02DA
:1023E0007804B306EE08280B610D990FD01106147E
:1023F0003A166C189D1ACB1CF71E212148236C2518
:102400008E27AC29C72BDF2DF32F0332103418365B
:102410001C381C3A173C0E3EFF3FEC41D443B645F6
:1024200093476A493C4B084DCD4E8D504652F95367
:10243000A5554B57EA58825A135C9C5D1F5F9A6002
:102440000D627963DD6439668D67D9681D6A596BE1
:102450008C6CB76DD96EF36F04710C720B730174D1
:10246000EE74D275AD767F7747780679BB79677A57
:102470000A7BA27B327CB77C337DA57D0D7E6C7E92
:10248000C07E0B7F4B7F827FAF7FD27FEB7FFA7F57
:10249000FF7F00006C765F6D656D5F6275665F72D1
:1024A000656C6561736500006C765F6D656D5F627C
:1024B00075665F67657400006C765F6D656D5F7251
:1024C00065616C6C6F6300006C765F7374796C652A
:1024D0005F7365745F70726F705F696E7465726E42
:1024E000616C00006C765F7374796C655F72656D0A
:1024F0006F76655F70726F70000000006C765F73BE
:1025000074796C655F72656769737465725F707208
:102510006F7000006C765F7374796C655F726573C1
:1025200065740000000404040404040404040400AA
:102530000000000006060606060605000000000072
:102540000000000000000000000000000200000089
:102550000000000000000400000200020200000071
:10256000000000000202020200020000000200005F
:102570000000000002000000000101050505010542
:102580000000000000100101000000001002020C19
:102590000C121200000000006C765F74696D6572A9
:1025A0005F637265617465006C765F74696D6572F6
:1025B0005F68616E646C657200000000626C6F633E
:1025C0006B5F7472696D5F75736564006C765F74C0
:1025D0006C73665F7265616C6C6F6300626C6F63D5
:1025E0006B5F6D657267655F6E65787400000000F3
:1025F000626C6F636B5F6162736F726200000000F8
:10260000626C6F636B5F707265760000626C6F6303
:102610006B5F6D657267655F7072657600000000C4
:102620006C765F746C73665F6672656500000000AF
:10263000626C6F636B5F73706C697400626C6F6364
:102640006B5F7472696D5F6672656500626C6F6363
:102650006B5F707265706172655F757365640000B1
:102660007365617263685F7375697461626C655FDD
:10267000626C6F636B000000626C6F636B5F6C6F0A
:10268000636174655F66726565000000616C69670F
:102690006E5F7570000000006C765F746C73665F2F
:1026A000637265617465000072656D6F76655F6663
:1026B0007265655F626C6F636B000000616C6967D7
:1026C0006E5F707472000000696E736572745F668D
:1026D0007265655F626C6F636B000000616C6967B7
:1026E0006E5F646F776E00006C765F746C73665F0C
:1026F0006164645F706F6F6C00000000626C6F63F8
:102700006B5F6E65787400005F6C765F7478745FE1
:102710007365745F746578745F76666D740000002D
:102720006C765F7478745F6765745F73697A65004F
:1027300076616C75655F757064617465000000009A
:102740005460040891050308000000000000000028
:10275000690A0308000000004104000054600408F6
:10276000571803082917030800000000191603086A
:1027700004010D0000060000546004082719030836
:10278000000000000000000000000000D127D12759
:1027900044020000616C6C6F636174655F62746E0B
:1027A0005F61726561735F616E645F636F6E7472A7
:1027B0006F6C730054600408092403081D2103088A
:1027C00000000000F92503080401820085030000D1
:1027D0006C765F696D675F7365745F737263000029
:1027E000647261775F696D670000000054600408DF
:1027F0004332030815320308000000008D3403083B
:10280000D127D127C00300006C765F6C6162656CD4
:102810005F696E735F746578740000006C765F6C3E
:102820006162656C5F69735F636861725F756E6436
:1028300065725F706F7300006C765F6C6162656CCF
:102840005F6765745F6C65747465725F6F6E0000BE
:102850006C765F6C6162656C5F6765745F6C6574F4
:102860007465725F706F73006C765F6C6162656C2B
:102870005F7365745F746578745F666D74000000E3
:102880006C765F6C6162656C5F7365745F746578AC
:10289000740000006C765F6C6162656C5F736574D8
:1028A0005F646F745F746D70000000005460040812
:1028B000994303083D37030800000000B5480308AA
:1028C000D127D127C004000054600408814C0308BC
:1028D0000000000000000000014B0308D127D127B1
:1028E000C00200006C765F726F6C6C65725F73651E
:1028F000745F6F7074696F6E73000000AC28050818
:102900000000000000000000000000001952030851
:1029100000000000C0040000546004088553030850
:1029200000000000000000009D550308D127820030
:10293000C50200005C2705081561030800000000BF
:1029400000000000C95A03080000000085070000CD
:1029500054600408AD6403088F61030800000000A0
:10296000CD63030834001E00840200006C765F749F
:1029700061626C655F6765745F63656C6C5F7661EF
:102980006C7565006C765F7461626C655F7365740D
:102990005F636F6C5F636E74000000006C765F7441
:1029A00061626C655F7365745F726F775F636E748D
:1029B000000000006C765F7461626C655F73657423
:1029C0005F63656C6C5F76616C75655F666D7400E6
:1029D0006C765F7461626C655F7365745F63656C70
:1029E0006C5F76616C756500546004086D71030856
:1029F0000D71030800000000896E0308D127D1275C
:102A0000850300006C765F74657874617265615F40
:102A10007365745F74657874000000006C765F7491
:102A2000657874617265615F64656C5F636861722B
:102A3000000000006C765F74657874617265615F98
:102A40006164645F74657874000000006C765F7484
:102A5000657874617265615F6164645F6368617207
:102A60000000000054600408018103089D7A0308F7
:102A70000000000089880308040182004406000069
:102A800070617273655F666C6D5F66726F6D5F66B5
:102A9000696C6500526561644461746146726F6D72
:102AA00046696C6500000000464C4D5F50726173D2
:102AB0006500000073686F775F6469720000000052
:102AC000546004088D910308898E030800000000FB
:102AD00000000000D127D127001400007377645F45
:102AE000646F776E6C6F61645F66726F6D5F66694D
:102AF0006C6500007377645F646F776E6C6F616400
:102B00005F7570646174655F666C6173685F616C4A
:102B1000676F00003030303030303030303030309F
:102B20003030303020202020202020202020202065
:102B300020202020303030303030303030303030D5
:102B40003030303020202020202020202020202045
:102B50002020202005000000190000007D0000005A
:102B60000080E03779C34143176E05B5B5B8934689
:102B7000F5F93FE9034F384D321D30F94877825A55
:102B80003CBF737FDD4F1575000000000000F03F73
:102B90000000000000002440000000000000594038
:102BA0000000000000408F40000000000088C3408B
:102BB00000000000006AF8400000000080842E4100
:102BC00000000000D01263410000000084D797414C
:102BD0000000000065CDCD41000000205FA0024252
:102BE000000000E876483742000000A2941A6D42C7
:102BF000000040E59C30A2420000901EC4BCD642BA
:102C000000003426F56B0C430080E03779C3414364
:102C100000A0D8855734764300C84E676DC1AB43DA
:102C2000003D9160E458E143408CB5781DAF1544F8
:102C300050EFE2D6E41A4B4492D54D06CFF08044D3
:102C4000F64AE1C7022DB544B49DD9794378EA44E8
:102C5000002020202020202020202828282828206C
:102C60002020202020202020202020202020202064
:102C700020881010101010101010101010101010CC
:102C800010040404040404040404041010101010BC
:102C90001010414141414141010101010101010186
:102CA00001010101010101010101010110101010D8
:102CB0001010424242424242020202020202020258
:102CC00002020202020202020202020210101010AC
:102CD00020000000000000000000000000000000D4
:102CE00000000000000000000000000000000000E4
:102CF00000000000000000000000000000000000D4
:102D000000000000000000000000000000000000C3
:102D100000000000000000000000000000000000B3
:102D200000000000000000000000000000000000A3
:102D30000000000000000000000000000000000093
:102D40000000000000000000000000000000000083
:102D50000000000030303030303030303030303033
:102D60003030303020202020202020202020202023
:042D700020202020DF
:082D74008CD4FA7F010000007D
:082D7C00C5B203085111000863
:042D84002911000809
:102D8800C025040821000000E4250408AA0020004A
:102D9800820000005D1300080200000021130008F3
:102DA80081000000AD12000801000000CD110008EC
:102DB8000024F4000004024000040240100008004F
:102DC800010000001000000001000000AAAAAAAA41
:102DD8000400000001010000FC670408FC66040808
:102DE800FC65040884650408FC670408FC6704089B
:102DF800FC670408FC670408000000004C6804082D
:102E08004C6704084C660408A86504084C68040864
:102E18004C6804084C6804084C680408000000006A
:102E280000000080D4C3B2A170000000E5F90208D8
:102E3800B9F9020885F902082DF9020803F8020811
:102E48005FF7020829F70208B4520408BC520408C4
:102E5800C45204089C2A0408CC520408D45204081A
:102E68004C580408C9030000050400008100000054
:102E780089000000D90300003D0000206F000020F9
:102E88007D000020A9000020F5000020010000209E
:102E9800000C00200010002000040020000000208A
:102EA8000000000000000000000400002F666972A6
:102EB8006D776172652F663430375F3130306D73EE
:102EC8002E62696E00000000000000000000000093
:102ED80000000000000000000000000000000000EA
:102EE80000000000000000000000000000000000DA
:102EF80000000000000000000000000000000000CA
:102F080000000000000000000000000000000000B9
:102F180000000000000000000000000000000000A9
:102F28000000000000000000000000000000000099
:102F38000000000000000000000000000000000089
:102F48000000000000000000000000000000000079
:102F58000000000000000000000000000000000069
:102F68000000000000000000000000000000000059
:102F78000000000000000000000000000000000049
:102F88000000000000000000000000000000000039
:102F98000000000000000000000000000000000029
:102FA8000000000000000000000000002F4D435505
:102FB8002F53542F53544D3332463478782F53546B
:102FC8004D3332463478785F3531322E464C4D00D9
:102FD80000000000000000000000000000000000E9
:102FE80000000000000000000000000000000000D9
:102FF80000000000000000000000000000000000C9
:1030080000000000000000000000000000000000B8
:1030180000000000000000000000000000000000A8
:103028000000000000000000000000000000000098
:103038000000000000000000000000000000000088
:103048000000000000000000000000000000000078
:103058000000000000000000000000000000000068
:103068000000000000000000000000000000000058
:103078000000000000000000000000000000000048
:103088000000000000000000000000000000000038
:103098000000000000000000000000000000000028
:1030A800000000000000000000000000FFFFFFFF1C
:1030B8000000020000000000000000000000000006
:1030C800380300203803002040030020400300207C
:1030D800480300204803002050030020500300202C
:1030E80058030020580300206003002060030020DC
:1030F800680300206803002070030020700300208C
:10310800780300207803002080030020800300203B
:1031180088030020880300209003002090030020EB
:103128009803002098030020A0030020A00300209B
:10313800A8030020A8030020B0030020B00300204B
:10314800B8030020B8030020C0030020C0030020FB
:10315800C8030020C8030020D0030020D0030020AB
:10316800D8030020D8030020E0030020E00300205B
:10317800E8030020E8030020F0030020F00300200B
:10318800F8030020F80300200004002000040020B9
:103198000804002008040020100400201004002067
:1031A8001804002018040020200400202004002017
:1031B80028040020280400203004002030040020C7
:1031C8003804002038040020400400204004002077
:1031D8004804002048040020500400205004002027
:1031E80058040020580400206004002060040020D7
:1031F8006804002068040020700400207004002087
:103208007804002078040020800400208004002036
:1032180088040020880400209004002090040020E6
:103228009804002098040020A0040020A004002096
:10323800A8040020A8040020B0040020B004002046
:10324800B8040020B8040020C0040020C0040020F6
:10325800C8040020C8040020D0040020D0040020A6
:10326800D8040020D8040020E0040020E004002056
:10327800E8040020E8040020F0040020F004002006
:10328800F8040020F80400200005002000050020B4
:103298000805002008050020100500201005002062
:1032A8001805002018050020200500202005002012
:1032B80028050020280500203005002030050020C2
:1032C8003805002038050020400500204005002072
:1032D8004805002048050020500500205005002022
:1032E80058050020580500206005002060050020D2
:1032F8006805002068050020700500207005002082
:103308007805002078050020800500208005002031
:1033180088050020880500209005002090050020E1
:103328009805002098050020A0050020A005002091
:10333800A8050020A8050020B0050020B005002041
:10334800B8050020B8050020C0050020C0050020F1
:10335800C8050020C8050020D0050020D0050020A1
:10336800D8050020D8050020E0050020E005002051
:10337800E8050020E8050020F0050020F005002001
:10338800F8050020F80500200006002000060020AF
:10339800080600200806002010060020100600205D
:1033A800180600201806002020060020200600200D
:1033B80028060020280600203006002030060020BD
:1033C800380600203806002040060020400600206D
:1033D800480600204806002050060020500600201D
:1033E80058060020580600206006002060060020CD
:1033F800680600206806002070060020700600207D
:10340800780600207806002080060020800600202C
:1034180088060020880600209006002090060020DC
:103428009806002098060020A0060020A00600208C
:10343800A8060020A8060020B0060020B00600203C
:10344800B8060020B8060020C0060020C0060020EC
:10345800C8060020C8060020D0060020D00600209C
:10346800D8060020D8060020E0060020E00600204C
:10347800E8060020E8060020F0060020F0060020FC
:10348800F8060020F80600200007002000070020AA
:103498000807002008070020100700201007002058
:1034A8001807002018070020200700202007002008
:1034B80028070020280700203007002030070020B8
:1034C8000000000003000000D4AB012050070020DA
:1034D80000000000D4AB01203CAC0120A4AC0120CA
:1034E80000000000000000000000000000000000D4
:1034F80000000000000000000000000000000000C4
:1035080000000000000000000000000000000000B3
:1035180000000000000000000000000000000000A3
:103528000000000000000000000000000000000093
:103538000000000000000000000000000000000083
:103548000000000000000000000000000000000073
:103558000000000000000000000000000000000063
:103568000000000000000000010000000000000052
:103578000E33CDAB34126DE6ECDE05000B00000017
:103588000000000000000000000000000000000033
:103598000000000000000000000000000000000023
:1035A8000000000000000000000000000000000013
:1035B8000000000000000000000000000000000003
:1035C80000000000000000000000000000000000F3
:1035D80000000000000000000000000000000000E3
:1035E80000000000000000000000000000000000D3
:1035F80000000000000000000000000000000000C3
:1036080000000000000000000000000000000000B2
:1036180018AD012043000000000000000000000079
:103628000000000000000000000000000000000092
:10363800000000004300000000000000000000003F
:103648000000000000000000000000000000000072
:10365800000000004300000000000000000000001F
:103668000000000000000000000000000000000052
:1036780000000000430000000000000000000000FF
:103688000000000000000000000000000000000032
:1036980000000000430000000000000000000000DF
:1036A8000000000000000000000000000000000012
:1036B80000000000430000000000000000000000BF
:1036C80000000000000000000000000000000000F2
:1036D800000000004300000000000000000000009F
:1036E80000000000000000000000000000000000D2
:1036F80000000000F50F0408F904040800000000A9
:10370800502C0508E44804084C5804084C58040890
:103718004C5804084C5804084C5804084C580408E1
:103728004C5804084C5804084C580408FFFFFFFF85
:10373800FFFFFFFFFFFFFFFFFFFF000001004153F6
:10374800434949000000000000000000000000009C
:1037580000000000000000000000000000004153CD
:10376800434949000000000000000000000000007C
:103778000000000000000000000000000000000041
:103788000000000000000000000000000000000031
:103798000000000000000000000000000000000021
:1037A8000000000000000000000000000000000011
:1037B8000000000000000000000000000000000001
:1037C80000000000000000000000000000000000F1
:1037D80000000000000000000000000000000000E1
:1037E80000000000000000000000000000000000D1
:1037F80000000000000000000000000000000000C1
:1038080000000000000000000000000000000000B0
:1038180000000000000000000000000000000000A0
:103828000000000000000000000000000000000090
:103838000000000000000000000000000000000080
:103848000000000000000000000000000000000070
:103858000000000000000000000000000000000060
:103868000000000000000000000000000000000050
:103878000000000000000000000000000000000040
:103888000000000000000000000000000000000030
:103898000000000000000000000000000000000020
:1038A8000000000000000000000000000000000010
:1038B8000000000000000000000000000000000000
:1038C80000000000000000000000000000000000F0
:1038D80000000000000000000000000000000000E0
:1038E80000000000000000000000000000000000D0
:1038F80000000000000000000000000000000000C0
:1039080000000000000000000000000000000000AF
:10391800000000000000000000000000000000009F
:10392800000000000000000000000000000000008F
:10393800000000000000000000000000000000007F
:10394800000000000000000000000000000000006F
:10395800000000000000000000000000000000005F
:10396800000000000000000000000000000000004F
:10397800000000000000000000000000000000003F
:10398800000000000000000000000000000000002F
:10399800000000000000000000000000000000001F
:1039A800000000000000000000000000000000000F
:1039B80000000000000000000000000000000000FF
:1039C80000000000000000000000000000000000EF
:1039D80000000000000000000000000000000000DF
:1039E80000000000000000000000000000000000CF
:1039F80000000000000000000000000000000000BF
:103A080000000000000000000000000000000000AE
:103A1800000000000000000000000000000000009E
:103A2800000000000000000000000000000000008E
:103A3800000000000000000000000000000000007E
:103A4800000000000000000000000000000000006E
:103A5800000000000000000000000000000000005E
:103A6800000000000000000000000000000000004E
:103A7800000000000000000000000000000000003E
:103A8800000000000000000000000000000000002E
:103A9800000000000000000000000000000000001E
:103AA800000000000000000000000000000000000E
:103AB80000000000000000000000000000000000FE
:103AC80000000000000000000000000000000000EE
:103AD80000000000000000000000000000000000DE
:103AE80000000000000000000000000000000000CE
:103AF80000000000000000000000000000000000BE
:103B080000000000000000000000000000000000AD
:103B1800000000000000000000000000000000009D
:103B2800000000000000000000000000000000008D
:103B3800000000000000000000000000000000007D
:103B4800000000000000000000000000000000006D
:103B5800000000000000000000000000000000005D
:103B6800000000000000000000000000000000004D
:103B7800000000000000000000000000000000003D
:103B8800000000000000000000000000000000002D
:103B9800000000000000000000000000000000001D
:103BA800000000000000000000000000000000000D
:103BB80000000000000000000000000000000000FD
:103BC80000000000000000000000000000000000ED
:103BD80000000000000000000000000000000000DD
:103BE80000000000000000000000000000000000CD
:103BF80000000000000000000000000000000000BD
:103C080000000000000000000000000000000000AC
:103C1800000000000000000000000000000000009C
:103C2800000000000000000000000000000000008C
:103C3800000000000000000000000000000000007C
:103C4800000000000000000000000000000000006C
:103C5800000000000000000000000000000000005C
:103C6800000000000000000000000000000000004C
:103C7800000000000000000000000000000000003C
:103C8800000000000000000000000000000000002C
:103C9800000000000000000000000000000000001C
:103CA800000000000000000000000000000000000C
:103CB80000000000000000000000000000000000FC
:103CC80000000000000000000000000000000000EC
:103CD80000000000000000000000000000000000DC
:103CE80000000000000000000000000000000000CC
:103CF80000000000000000000000000000000000BC
:103D080000000000000000000000000000000000AB
:103D1800000000000000000000000000000000009B
:103D2800000000000000000000000000000000008B
:103D3800000000000000000000000000000000007B
:103D4800000000000000000000000000000000006B
:103D5800000000000000000000000000000000005B
:103D6800000000000000000000000000000000004B
:103D7800000000000000000000000000000000003B
:103D8800000000000000000000000000000000002B
:103D9800000000000000000000000000000000001B
:103DA800000000000000000000000000000000000B
:103DB80000000000000000000000000000000000FB
:103DC80000000000000000000000000000000000EB
:103DD80000000000000000000000000000000000DB
:103DE80000000000000000000000000000000000CB
:103DF80000000000000000000000000000000000BB
:103E080000000000000000000000000000000000AA
:103E1800000000000000000000000000000000009A
:103E2800000000000000000000000000000000008A
:103E3800000000000000000000000000000000007A
:103E4800000000000000000000000000000000006A
:103E5800000000000000000000000000000000005A
:103E6800000000000000000000000000000000004A
:103E7800000000000000000000000000000000003A
:103E8800000000000000000000000000000000002A
:103E9800000000000000000000000000000000001A
:103EA800000000000000000000000000000000000A
:103EB80000000000000000000000000000000000FA
:103EC80000000000000000000000000000000000EA
:103ED80000000000000000000000000000000000DA
:103EE80000000000000000000000000000000000CA
:103EF80000000000000000000000000000000000BA
:103F080000000000000000000000000000000000A9
:103F18000000000000000000000000000000000099
:103F28000000000000000000000000000000000089
:103F38000000000000000000000000000000000079
:103F48000000000000000000000000000000000069
:103F58000000000000000000000000000000000059
:103F68000000000000000000000000000000000049
:103F78000000000000000000000000000000000039
:103F88000000000000000000000000000000000029
:103F98000000000000000000000000000000000019
:103FA8000000000000000000000000000000000009
:103FB80000000000000000000000000000000000F9
:103FC80000000000000000000000000000000000E9
:103FD80000000000000000000000000000000000D9
:103FE80000000000000000000000000000000000C9
:103FF80000000000000000000000000000000000B9
:1040080000000000000000000000000000000000A8
:104018000000000000000000000000000000000098
:104028000000000000000000000000000000000088
:104038000000000000000000000000000000000078
:104048000000000000000000000000000000000068
:104058000000000000000000000000000000000058
:104068000000000000000000000000000000000048
:104078000000000000000000000000000000000038
:104088000000000000000000000000000000000028
:104098000000000000000000000000000000000018
:1040A8000000000000000000000000000000000008
:1040B80000000000000000000000000000000000F8
:1040C80000000000000000000000000000000000E8
:1040D80000000000000000000000000000000000D8
:1040E80000000000000000000000000000000000C8
:1040F80000000000000000000000000000000000B8
:1041080000000000000000000000000000000000A7
:104118000000000000000000000000000000000097
:104128000000000000000000000000000000000087
:104138000000000000000000000000000000000077
:104148000000000000000000000000000000000067
:104158000000000000000000000000000000000057
:104168000000000000000000000000000000000047
:104178000000000000000000000000000000000037
:104188000000000000000000000000000000000027
:104198000000000000000000000000000000000017
:1041A8000000000000000000000000000000000007
:1041B80000000000000000000000000000000000F7
:1041C80000000000000000000000000000000000E7
:1041D80000000000000000000000000000000000D7
:1041E80000000000000000000000000000000000C7
:1041F80000000000000000000000000000000000B7
:1042080000000000000000000000000000000000A6
:104218000000000000000000000000000000000096
:104228000000000000000000000000000000000086
:104238000000000000000000000000000000000076
:104248000000000000000000000000000000000066
:104258000000000000000000000000000000000056
:104268000000000000000000000000000000000046
:104278000000000000000000000000000000000036
:104288000000000000000000000000000000000026
:104298000000000000000000000000000000000016
:1042A8000000000000000000000000000000000006
:1042B80000000000000000000000000000000000F6
:1042C80000000000000000000000000000000000E6
:1042D80000000000000000000000000000000000D6
:1042E80000000000000000000000000000000000C6
:1042F80000000000000000000000000000000000B6
:1043080000000000000000000000000000000000A5
:104318000000000000000000000000000000000095
:104328000000000000000000000000000000000085
:104338000000000000000000000000000000000075
:104348000000000000000000000000000000000065
:104358000000000000000000000000000000000055
:104368000000000000000000000000000000000045
:104378000000000000000000000000000000000035
:104388000000000000000000000000000000000025
:104398000000000000000000000000000000000015
:1043A8000000000000000000000000000000000005
:1043B80000000000000000000000000000000000F5
:1043C80000000000000000000000000000000000E5
:1043D80000000000000000000000000000000000D5
:1043E80000000000000000000000000000000000C5
:1043F80000000000000000000000000000000000B5
:1044080000000000000000000000000000000000A4
:104418000000000000000000000000000000000094
:104428000000000000000000000000000000000084
:104438000000000000000000000000000000000074
:104448000000000000000000000000000000000064
:104458000000000000000000000000000000000054
:104468000000000000000000000000000000000044
:104478000000000000000000000000000000000034
:104488000000000000000000000000000000000024
:104498000000000000000000000000000000000014
:1044A8000000000000000000000000000000000004
:1044B80000000000000000000000000000000000F4
:1044C80000000000000000000000000000000000E4
:1044D80000000000000000000000000000000000D4
:1044E80000000000000000000000000000000000C4
:1044F80000000000000000000000000000000000B4
:1045080000000000000000000000000000000000A3
:104518000000000000000000000000000000000093
:104528000000000000000000000000000000000083
:104538000000000000000000000000000000000073
:104548000000000000000000000000000000000063
:104558000000000000000000000000000000000053
:104568000000000000000000000000000000000043
:104578000000000000000000000000000000000033
:104588000000000000000000000000000000000023
:104598000000000000000000000000000000000013
:1045A8000000000000000000000000000000000003
:1045B80000000000000000000000000000000000F3
:1045C80000000000000000000000000000000000E3
:1045D80000000000000000000000000000000000D3
:1045E80000000000000000000000000000000000C3
:1045F80000000000000000000000000000000000B3
:1046080000000000000000000000000000000000A2
:104618000000000000000000000000000000000092
:104628000000000000000000000000000000000082
:104638000000000000000000000000000000000072
:104648000000000000000000000000000000000062
:104658000000000000000000000000000000000052
:104668000000000000000000000000000000000042
:104678000000000000000000000000000000000032
:104688000000000000000000000000000000000022
:104698000000000000000000000000000000000012
:1046A8000000000000000000000000000000000002
:1046B80000000000000000000000000000000000F2
:1046C80000000000000000000000000000000000E2
:1046D80000000000000000000000000000000000D2
:1046E80000000000000000000000000000000000C2
:1046F80000000000000000000000000000000000B2
:1047080000000000000000000000000000000000A1
:104718000000000000000000000000000000000091
:104728000000000000000000000000000000000081
:104738000000000000000000000000000000000071
:104748000000000000000000000000000000000061
:104758000000000000000000000000000000000051
:104768000000000000000000000000000000000041
:104778000000000000000000000000000000000031
:104788000000000000000000000000000000000021
:104798000000000000000000000000000000000011
:1047A8000000000000000000000000000000000001
:1047B80000000000000000000000000000000000F1
:1047C80000000000000000000000000000000000E1
:1047D80000000000000000000000000000000000D1
:1047E80000000000000000000000000000000000C1
:1047F80000000000000000000000000000000000B1
:1048080000000000000000000000000000000000A0
:104818000000000000000000000000000000000090
:104828000000000000000000000000000000000080
:104838000000000000000000000000000000000070
:104848000000000000000000000000000000000060
:104858000000000000000000000000000000000050
:104868000000000000000000000000000000000040
:104878000000000000000000000000000000000030
:104888000000000000000000000000000000000020
:104898000000000000000000000000000000000010
:1048A8000000000000000000000000000000000000
:1048B80000000000000000000000000000000000F0
:1048C80000000000000000000000000000000000E0
:1048D80000000000000000000000000000000000D0
:1048E80000000000000000000000000000000000C0
:1048F80000000000000000000000000000000000B0
:10490800000000000000000000000000000000009F
:10491800000000000000000000000000000000008F
:10492800000000000000000000000000000000007F
:10493800000000000000000000000000000000006F
:10494800000000000000000000000000000000005F
:10495800000000000000000000000000000000004F
:10496800000000000000000000000000000000003F
:10497800000000000000000000000000000000002F
:10498800000000000000000000000000000000001F
:10499800000000000000000000000000000000000F
:1049A80000000000000000000000000000000000FF
:1049B80000000000000000000000000000000000EF
:1049C80000000000000000000000000000000000DF
:1049D80000000000000000000000000000000000CF
:1049E80000000000000000000000000000000000BF
:1049F80000000000000000000000000000000000AF
:104A0800000000000000000000000000000000009E
:104A1800000000000000000000000000000000008E
:104A2800000000000000000000000000000000007E
:104A3800000000000000000000000000000000006E
:104A4800000000000000000000000000000000005E
:104A5800000000000000000000000000000000004E
:104A6800000000000000000000000000000000003E
:104A7800000000000000000000000000000000002E
:104A8800000000000000000000000000000000001E
:104A9800000000000000000000000000000000000E
:104AA80000000000000000000000000000000000FE
:104AB80000000000000000000000000000000000EE
:104AC80000000000000000000000000000000000DE
:104AD80000000000000000000000000000000000CE
:104AE80000000000000000000000000000000000BE
:104AF80000000000000000000000000000000000AE
:104B0800000000000000000000000000000000009D
:104B1800000000000000000000000000000000008D
:104B2800000000000000000000000000000000007D
:104B3800000000000000000000000000000000006D
:104B4800000000000000000000000000000000005D
:104B5800000000000000000000000000000000004D
:104B6800000000000000000000000000000000003D
:104B7800000000000000000000000000000000002D
:104B8800000000000000000000000000000000001D
:104B9800000000000000000000000000000000000D
:104BA80000000000000000000000000000000000FD
:104BB80000000000000000000000000000000000ED
:104BC80000000000000000000000000000000000DD
:104BD80000000000000000000000000000000000CD
:104BE80000000000000000000000000000000000BD
:104BF80000000000000000000000000000000000AD
:104C0800000000000000000000000000000000009C
:104C1800000000000000000000000000000000008C
:104C2800000000000000000000000000000000007C
:104C3800000000000000000000000000000000006C
:104C4800000000000000000000000000000000005C
:104C5800000000000000000000000000000000004C
:104C6800000000000000000000000000000000003C
:104C7800000000000000000000000000000000002C
:104C8800000000000000000000000000000000001C
:104C9800000000000000000000000000000000000C
:104CA80000000000000000000000000000000000FC
:104CB80000000000000000000000000000000000EC
:104CC80000000000000000000000000000000000DC
:104CD80000000000000000000000000000000000CC
:104CE80000000000000000000000000000000000BC
:104CF80000000000000000000000000000000000AC
:104D0800000000000000000000000000000000009B
:104D1800000000000000000000000000000000008B
:104D2800000000000000000000000000000000007B
:104D3800000000000000000000000000000000006B
:104D4800000000000000000000000000000000005B
:104D5800000000000000000000000000000000004B
:104D6800000000000000000000000000000000003B
:104D7800000000000000000000000000000000002B
:104D8800000000000000000000000000000000001B
:104D9800000000000000000000000000000000000B
:104DA80000000000000000000000000000000000FB
:104DB80000000000000000000000000000000000EB
:104DC80000000000000000000000000000000000DB
:104DD80000000000000000000000000000000000CB
:104DE80000000000000000000000000000000000BB
:104DF80000000000000000000000000000000000AB
:104E0800000000000000000000000000000000009A
:104E1800000000000000000000000000000000008A
:104E2800000000000000000000000000000000007A
:104E3800000000000000000000000000000000006A
:104E4800000000000000000000000000000000005A
:104E5800000000000000000000000000000000004A
:104E6800000000000000000000000000000000003A
:104E7800000000000000000000000000000000002A
:104E8800000000000000000000000000000000001A
:104E9800000000000000000000000000000000000A
:104EA80000000000000000000000000000000000FA
:104EB80000000000000000000000000000000000EA
:104EC80000000000000000000000000000000000DA
:104ED80000000000000000000000000000000000CA
:104EE80000000000000000000000000000000000BA
:104EF80000000000000000000000000000000000AA
:104F08000000000000000000000000000000000099
:104F18000000000000000000000000000000000089
:104F28000000000000000000000000000000000079
:104F38000000000000000000000000000000000069
:104F48000000000000000000000000000000000059
:104F58000000000000000000000000000000000049
:104F68000000000000000000000000000000000039
:104F78000000000000000000000000000000000029
:104F88000000000000000000000000000000000019
:104F98000000000000000000000000000000000009
:104FA80000000000000000000000000000000000F9
:104FB80000000000000000000000000000000000E9
:104FC80000000000000000000000000000000000D9
:104FD80000000000000000000000000000000000C9
:104FE80000000000000000000000000000000000B9
:104FF80000000000000000000000000000000000A9
:105008000000000000000000000000000000000098
:105018000000000000000000000000000000000088
:105028000000000000000000000000000000000078
:105038000000000000000000000000000000000068
:105048000000000000000000000000000000000058
:105058000000000000000000000000000000000048
:105068000000000000000000000000000000000038
:105078000000000000000000000000000000000028
:105088000000000000000000000000000000000018
:105098000000000000000000000000000000000008
:1050A80000000000000000000000000000000000F8
:1050B80000000000000000000000000000000000E8
:1050C80000000000000000000000000000000000D8
:1050D80000000000000000000000000000000000C8
:1050E80000000000000000000000000000000000B8
:1050F80000000000000000000000000000000000A8
:105108000000000000000000000000000000000097
:105118000000000000000000000000000000000087
:105128000000000000000000000000000000000077
:105138000000000000000000000000000000000067
:105148000000000000000000000000000000000057
:105158000000000000000000000000000000000047
:105168000000000000000000000000000000000037
:105178000000000000000000000000000000000027
:105188000000000000000000000000000000000017
:105198000000000000000000000000000000000007
:1051A80000000000000000000000000000000000F7
:1051B80000000000000000000000000000000000E7
:1051C80000000000000000000000000000000000D7
:1051D80000000000000000000000000000000000C7
:1051E80000000000000000000000000000000000B7
:1051F80000000000000000000000000000000000A7
:105208000000000000000000000000000000000096
:105218000000000000000000000000000000000086
:105228000000000000000000000000000000000076
:105238000000000000000000000000000000000066
:105248000000000000000000000000000000000056
:105258000000000000000000000000000000000046
:105268000000000000000000000000000000000036
:105278000000000000000000000000000000000026
:105288000000000000000000000000000000000016
:105298000000000000000000000000000000000006
:1052A80000000000000000000000000000000000F6
:1052B80000000000000000000000000000000000E6
:1052C80000000000000000000000000000000000D6
:1052D80000000000000000000000000000000000C6
:1052E80000000000000000000000000000000000B6
:1052F80000000000000000000000000000000000A6
:105308000000000000000000000000000000000095
:105318000000000000000000000000000000000085
:105328000000000000000000000000000000000075
:105338000000000000000000000000000000000065
:105348000000000000000000000000000000000055
:105358000000000000000000000000000000000045
:105368000000000000000000000000000000000035
:105378000000000000000000000000000000000025
:105388000000000000000000000000000000000015
:105398000000000000000000000000000000000005
:1053A80000000000000000000000000000000000F5
:1053B80000000000000000000000000000000000E5
:1053C80000000000000000000000000000000000D5
:1053D80000000000000000000000000000000000C5
:1053E80000000000000000000000000000000000B5
:1053F80000000000000000000000000000000000A5
:105408000000000000000000000000000000000094
:105418000000000000000000000000000000000084
:105428000000000000000000000000000000000074
:105438000000000000000000000000000000000064
:105448000000000000000000000000000000000054
:105458000000000000000000000000000000000044
:105468000000000000000000000000000000000034
:105478000000000000000000000000000000000024
:105488000000000000000000000000000000000014
:105498000000000000000000000000000000000004
:1054A80000000000000000000000000000000000F4
:1054B80000000000000000000000000000000000E4
:1054C80000000000000000000000000000000000D4
:1054D80000000000000000000000000000000000C4
:1054E80000000000000000000000000000000000B4
:1054F80000000000000000000000000000000000A4
:105508000000000000000000000000000000000093
:105518000000000000000000000000000000000083
:105528000000000000000000000000000000000073
:105538000000000000000000000000000000000063
:105548000000000000000000000000000000000053
:105558000000000000000000000000000000000043
:105568000000000000000000000000000000000033
:105578000000000000000000000000000000000023
:105588000000000000000000000000000000000013
:105598000000000000000000000000000000000003
:1055A80000000000000000000000000000000000F3
:1055B80000000000000000000000000000000000E3
:1055C80000000000000000000000000000000000D3
:1055D80000000000000000000000000000000000C3
:1055E80000000000000000000000000000000000B3
:1055F80000000000000000000000000000000000A3
:105608000000000000000000000000000000000092
:105618000000000000000000000000000000000082
:105628000000000000000000000000000000000072
:105638000000000000000000000000000000000062
:105648000000000000000000000000000000000052
:105658000000000000000000000000000000000042
:105668000000000000000000000000000000000032
:105678000000000000000000000000000000000022
:105688000000000000000000000000000000000012
:105698000000000000000000000000000000000002
:1056A80000000000000000000000000000000000F2
:1056B80000000000000000000000000000000000E2
:1056C80000000000000000000000000000000000D2
:1056D80000000000000000000000000000000000C2
:1056E80000000000000000000000000000000000B2
:1056F80000000000000000000000000000000000A2
:105708000000000000000000000000000000000091
:105718000000000000000000000000000000000081
:105728000000000000000000000000000000000071
:105738000000000000000000000000000000000061
:105748000000000000000000000000000000000051
:105758000000000000000000000000000000000041
:105768000000000000000000000000000000000031
:105778000000000000000000000000000000000021
:105788000000000000000000000000000000000011
:105798000000000000000000000000000000000001
:1057A80000000000000000000000000000000000F1
:1057B80000000000000000000000000000000000E1
:1057C80000000000000000000000000000000000D1
:1057D80000000000000000000000000000000000C1
:1057E80000000000000000000000000000000000B1
:1057F80000000000000000000000000000000000A1
:105808000000000000000000000000000000000090
:105818000000000000000000000000000000000080
:105828000000000000000000000000000000000070
:105838000000000000000000000000000000000060
:105848000000000000000000000000000000000050
:105858000000000000000000000000000000000040
:105868000000000000000000000000000000000030
:105878000000000000000000000000000000000020
:105888000000000000000000000000000000000010
:105898000000000000000000000000000000000000
:1058A80000000000000000000000000000000000F0
:1058B80000000000000000000000000000000000E0
:1058C80000000000000000000000000000000000D0
:1058D80000000000000000000000000000000000C0
:1058E80000000000000000000000000000000000B0
:1058F80000000000000000000000000000000000A0
:10590800000000000000000000000000000000008F
:10591800000000000000000000000000000000007F
:10592800000000000000000000000000000000006F
:10593800000000000000000000000000000000005F
:10594800000000000000000000000000000000004F
:10595800000000000000000000000000000000003F
:10596800000000000000000000000000000000002F
:10597800000000000000000000000000000000001F
:10598800000000000000000000000000000000000F
:1059980000000000000000000000000000000000FF
:1059A80000000000000000000000000000000000EF
:1059B80000000000000000000000000000000000DF
:1059C80000000000000000000000000000000000CF
:1059D80000000000000000000000000000000000BF
:1059E80000000000000000000000000000000000AF
:1059F800000000000000000000000000000000009F
:105A0800000000000000000000000000000000008E
:105A1800000000000000000000000000000000007E
:105A2800000000000000000000000000000000006E
:105A3800000000000000000000000000000000005E
:105A4800000000000000000000000000000000004E
:105A5800000000000000000000000000000000003E
:105A6800000000000000000000000000000000002E
:105A7800000000000000000000000000000000001E
:105A8800000000000000000000000000000000000E
:105A980000000000000000000000000000000000FE
:105AA80000000000000000000000000000000000EE
:105AB80000000000000000000000000000000000DE
:105AC80000000000000000000000000000000000CE
:105AD80000000000000000000000000000000000BE
:105AE80000000000000000000000000000000000AE
:105AF800000000000000000000000000000000009E
:105B0800000000000000000000000000000000008D
:105B1800000000000000000000000000000000007D
:105B2800000000000000000000000000000000006D
:105B3800000000000000000000000000000000005D
:105B4800000000000000000000000000000000004D
:105B5800000000000000000000000000000000003D
:105B6800000000000000000000000000000000002D
:105B7800000000000000000000000000000000001D
:105B8800000000000000000000000000000000000D
:105B980000000000000000000000000000000000FD
:105BA80000000000000000000000000000000000ED
:105BB80000000000000000000000000000000000DD
:105BC80000000000000000000000000000000000CD
:105BD80000000000000000000000000000000000BD
:105BE80000000000000000000000000000000000AD
:105BF800000000000000000000000000000000009D
:105C0800000000000000000000000000000000008C
:105C1800000000000000000000000000000000007C
:105C2800000000000000000000000000000000006C
:105C3800000000000000000000000000000000005C
:105C4800000000000000000000000000000000004C
:105C5800000000000000000000000000000000003C
:105C6800000000000000000000000000000000002C
:105C7800000000000000000000000000000000001C
:105C8800000000000000000000000000000000000C
:105C980000000000000000000000000000000000FC
:105CA80000000000000000000000000000000000EC
:105CB80000000000000000000000000000000000DC
:105CC80000000000000000000000000000000000CC
:105CD80000000000000000000000000000000000BC
:105CE80000000000000000000000000000000000AC
:105CF800000000000000000000000000000000009C
:105D0800000000000000000000000000000000008B
:105D1800000000000000000000000000000000007B
:105D2800000000000000000000000000000000006B
:105D3800000000000000000000000000000000005B
:105D4800000000000000000000000000000000004B
:105D5800000000000000000000000000000000003B
:105D6800000000000000000000000000000000002B
:105D7800000000000000000000000000000000001B
:105D8800000000000000000000000000000000000B
:105D980000000000000000000000000000000000FB
:105DA80000000000000000000000000000000000EB
:105DB80000000000000000000000000000000000DB
:105DC80000000000000000000000000000000000CB
:105DD80000000000000000000000000000000000BB
:105DE80000000000000000000000000000000000AB
:105DF800000000000000000000000000000000009B
:105E0800000000000000000000000000000000008A
:105E1800000000000000000000000000000000007A
:105E2800000000000000000000000000000000006A
:105E3800000000000000000000000000000000005A
:105E4800000000000000000000000000000000004A
:105E5800000000000000000000000000000000003A
:105E6800000000000000000000000000000000002A
:105E7800000000000000000000000000000000001A
:105E8800000000000000000000000000000000000A
:105E980000000000000000000000000000000000FA
:105EA80000000000000000000000000000000000EA
:105EB80000000000000000000000000000000000DA
:105EC80000000000000000000000000000000000CA
:105ED80000000000000000000000000000000000BA
:105EE80000000000000000000000000000000000AA
:105EF800000000000000000000000000000000009A
:105F08000000000000000000000000000000000089
:105F18000000000000000000000000000000000079
:105F28000000000000000000000000000000000069
:105F38000000000000000000000000000000000059
:105F48000000000000000000000000000000000049
:105F58000000000000000000000000000000000039
:105F68000000000000000000000000000000000029
:105F78000000000000000000000000000000000019
:105F88000000000000000000000000000000000009
:105F980000000000000000000000000000000000F9
:105FA80000000000000000000000000000000000E9
:105FB80000000000000000000000000000000000D9
:105FC80000000000000000000000000000000000C9
:105FD80000000000000000000000000000000000B9
:105FE80000000000000000000000000000000000A9
:105FF8000000000000000000000000000000000099
:106008000000000000000000000000000000000088
:106018000000000000000000000000000000000078
:106028000000000000000000000000000000000068
:106038000000000000000000000000000000000058
:106048000000000000000000000000000000000048
:106058000000000000000000000000000000000038
:106068000000000000000000000000000000000028
:106078000000000000000000000000000000000018
:106088000000000000000000000000000000000008
:1060980000000000000000000000000000000000F8
:1060A80000000000000000000000000000000000E8
:1060B80000000000000000000000000000000000D8
:1060C80000000000000000000000000000000000C8
:1060D80000000000000000000000000000000000B8
:1060E80000000000000000000000000000000000A8
:1060F8000000000000000000000000000000000098
:106108000000000000000000000000000000000087
:106118000000000000000000000000000000000077
:106128000000000000000000000000000000000067
:106138000000000000000000000000000000000057
:106148000000000000000000000000000000000047
:106158000000000000000000000000000000000037
:106168000000000000000000000000000000000027
:106178000000000000000000000000000000000017
:106188000000000000000000000000000000000007
:1061980000000000000000000000000000000000F7
:1061A80000000000000000000000000000000000E7
:1061B80000000000000000000000000000000000D7
:1061C80000000000000000000000000000000000C7
:1061D80000000000000000000000000000000000B7
:1061E80000000000000000000000000000000000A7
:1061F8000000000000000000000000000000000097
:106208000000000000000000000000000000000086
:106218000000000000000000000000000000000076
:106228000000000000000000000000000000000066
:106238000000000000000000000000000000000056
:106248000000000000000000000000000000000046
:106258000000000000000000000000000000000036
:106268000000000000000000000000000000000026
:106278000000000000000000000000000000000016
:106288000000000000000000000000000000000006
:1062980000000000000000000000000000000000F6
:1062A80000000000000000000000000000000000E6
:1062B80000000000000000000000000000000000D6
:1062C80000000000000000000000000000000000C6
:1062D80000000000000000000000000000000000B6
:1062E80000000000000000000000000000000000A6
:1062F8000000000000000000000000000000000096
:106308000000000000000000000000000000000085
:106318000000000000000000000000000000000075
:106328000000000000000000000000000000000065
:106338000000000000000000000000000000000055
:040000050800277D4B
:00000001FF
